Valuation_Event_Id,Business_Day,Source_System_Name,Trade_Tick_Id,Charge_Type_Name,Charge_Amount,Period_Start_Date,Period_End_Date,Pipeline_Name,Record_load_DTM
26672,2022-09-13,GPTA-ENDUR,14049252_1034_20220601_20220630_NATURAL-GAS,Equity Marketing Fee,14554.54,2022-06-01,2022-06-30,ValuationCostGPTAEndur,2022-09-14T04:33:29.820+0000
26672,2022-09-13,GPTA-ENDUR,14049252_1035_20220701_20220731_NATURAL-GAS,Equity Marketing Fee,6569.05,2022-07-01,2022-07-31,ValuationCostGPTAEndur,2022-09-14T04:33:29.820+0000
26672,2022-09-13,GPTA-ENDUR,14049252_1036_20220801_20220831_NATURAL-GAS,Equity Marketing Fee,1535.14632,2022-08-01,2022-08-31,ValuationCostGPTAEndur,2022-09-14T04:33:29.820+0000
26672,2022-09-13,GPTA-ENDUR,14056230_1034_20220601_20220630_NATURAL-GAS,Equity Marketing Fee,24103.2,2022-06-01,2022-06-30,ValuationCostGPTAEndur,2022-09-14T04:33:29.820+0000
26672,2022-09-13,GPTA-ENDUR,14056230_1035_20220701_20220731_NATURAL-GAS,Equity Marketing Fee,28804.97,2022-07-01,2022-07-31,ValuationCostGPTAEndur,2022-09-14T04:33:29.820+0000
26672,2022-09-13,GPTA-ENDUR,14056230_1036_20220801_20220831_NATURAL-GAS,Equity Marketing Fee,35256.35814,2022-08-01,2022-08-31,ValuationCostGPTAEndur,2022-09-14T04:33:29.820+0000
26672,2022-09-13,GPTA-ENDUR,14056230_1037_20220901_20220930_NATURAL-GAS,Equity Marketing Fee,36157.47515,2022-09-01,2022-09-30,ValuationCostGPTAEndur,2022-09-14T04:33:29.820+0000
26672,2022-09-13,GPTA-ENDUR,14057535_1034_20220601_20220630_NATURAL-GAS,Fuel Charge,6070.107382,2022-06-01,2022-06-30,ValuationCostGPTAEndur,2022-09-14T04:33:29.820+0000
26672,2022-09-13,GPTA-ENDUR,14057535_1034_20220601_20220630_NATURAL-GAS,Equity Marketing Fee,1185.1,2022-06-01,2022-06-30,ValuationCostGPTAEndur,2022-09-14T04:33:29.820+0000
26672,2022-09-13,GPTA-ENDUR,14057535_1035_20220701_20220731_NATURAL-GAS,Fuel Charge,5367.188706,2022-07-01,2022-07-31,ValuationCostGPTAEndur,2022-09-14T04:33:29.820+0000
26672,2022-09-13,GPTA-ENDUR,14057535_1035_20220701_20220731_NATURAL-GAS,Equity Marketing Fee,1160.08,2022-07-01,2022-07-31,ValuationCostGPTAEndur,2022-09-14T04:33:29.820+0000
26672,2022-09-13,GPTA-ENDUR,14057535_1036_20220801_20220831_NATURAL-GAS,Equity Marketing Fee,1106.513363,2022-08-01,2022-08-31,ValuationCostGPTAEndur,2022-09-14T04:33:29.820+0000
26672,2022-09-13,GPTA-ENDUR,14057535_1036_20220801_20220831_NATURAL-GAS,Fuel Charge,6337.968274,2022-08-01,2022-08-31,ValuationCostGPTAEndur,2022-09-14T04:33:29.820+0000
26672,2022-09-13,GPTA-ENDUR,14057535_1037_20220901_20220930_NATURAL-GAS,Fuel Charge,5965.278369,2022-09-01,2022-09-30,ValuationCostGPTAEndur,2022-09-14T04:33:29.820+0000
26672,2022-09-13,GPTA-ENDUR,14057535_1037_20220901_20220930_NATURAL-GAS,Equity Marketing Fee,1102.352661,2022-09-01,2022-09-30,ValuationCostGPTAEndur,2022-09-14T04:33:29.820+0000
26672,2022-09-13,GPTA-ENDUR,14057617_1034_20220601_20220630_NATURAL-GAS,Equity Marketing Fee,35546.68,2022-06-01,2022-06-30,ValuationCostGPTAEndur,2022-09-14T04:33:29.820+0000
26672,2022-09-13,GPTA-ENDUR,14057617_1035_20220701_20220731_NATURAL-GAS,Equity Marketing Fee,32786.18,2022-07-01,2022-07-31,ValuationCostGPTAEndur,2022-09-14T04:33:29.820+0000
26672,2022-09-13,GPTA-ENDUR,14057617_1036_20220801_20220831_NATURAL-GAS,Equity Marketing Fee,29382.19637,2022-08-01,2022-08-31,ValuationCostGPTAEndur,2022-09-14T04:33:29.820+0000
26672,2022-09-13,GPTA-ENDUR,14057617_1037_20220901_20220930_NATURAL-GAS,Equity Marketing Fee,10636.144,2022-09-01,2022-09-30,ValuationCostGPTAEndur,2022-09-14T04:33:29.820+0000
26672,2022-09-13,GPTA-ENDUR,14057700_1034_20220601_20220630_NATURAL-GAS,Equity Marketing Fee,112.38,2022-06-01,2022-06-30,ValuationCostGPTAEndur,2022-09-14T04:33:29.820+0000
26672,2022-09-13,GPTA-ENDUR,14057700_1035_20220701_20220731_NATURAL-GAS,Equity Marketing Fee,210.31,2022-07-01,2022-07-31,ValuationCostGPTAEndur,2022-09-14T04:33:29.820+0000
26672,2022-09-13,GPTA-ENDUR,14057700_1036_20220801_20220831_NATURAL-GAS,Equity Marketing Fee,164.6745783,2022-08-01,2022-08-31,ValuationCostGPTAEndur,2022-09-14T04:33:29.820+0000
26672,2022-09-13,GPTA-ENDUR,14057700_1037_20220901_20220930_NATURAL-GAS,Equity Marketing Fee,148.9665758,2022-09-01,2022-09-30,ValuationCostGPTAEndur,2022-09-14T04:33:29.820+0000
26672,2022-09-13,GPTA-ENDUR,14057809_1034_20220601_20220630_NATURAL-GAS,Equity Marketing Fee,0.3,2022-06-01,2022-06-30,ValuationCostGPTAEndur,2022-09-14T04:33:29.820+0000
26672,2022-09-13,GPTA-ENDUR,14057809_1035_20220701_20220731_NATURAL-GAS,Equity Marketing Fee,0.31,2022-07-01,2022-07-31,ValuationCostGPTAEndur,2022-09-14T04:33:29.820+0000
26672,2022-09-13,GPTA-ENDUR,14057809_1036_20220801_20220831_NATURAL-GAS,Equity Marketing Fee,0.309388602,2022-08-01,2022-08-31,ValuationCostGPTAEndur,2022-09-14T04:33:29.820+0000
26672,2022-09-13,GPTA-ENDUR,14057809_1037_20220901_20220930_NATURAL-GAS,Equity Marketing Fee,0.297933152,2022-09-01,2022-09-30,ValuationCostGPTAEndur,2022-09-14T04:33:29.820+0000
26672,2022-09-13,GPTA-ENDUR,14059207_1034_20220601_20220630_NATURAL-GAS,Equity Marketing Fee,70209.94,2022-06-01,2022-06-30,ValuationCostGPTAEndur,2022-09-14T04:33:29.820+0000
26672,2022-09-13,GPTA-ENDUR,14059207_1035_20220701_20220731_NATURAL-GAS,Equity Marketing Fee,72542.45,2022-07-01,2022-07-31,ValuationCostGPTAEndur,2022-09-14T04:33:29.820+0000
26672,2022-09-13,GPTA-ENDUR,14059207_1036_20220801_20220831_NATURAL-GAS,Equity Marketing Fee,75907.30577,2022-08-01,2022-08-31,ValuationCostGPTAEndur,2022-09-14T04:33:29.820+0000
26672,2022-09-13,GPTA-ENDUR,14059207_1037_20220901_20220930_NATURAL-GAS,Equity Marketing Fee,73120.34305,2022-09-01,2022-09-30,ValuationCostGPTAEndur,2022-09-14T04:33:29.820+0000
26672,2022-09-13,GPTA-ENDUR,14059526_1034_20220601_20220630_NATURAL-GAS,Equity Marketing Fee,34898,2022-06-01,2022-06-30,ValuationCostGPTAEndur,2022-09-14T04:33:29.820+0000
26672,2022-09-13,GPTA-ENDUR,14059526_1035_20220701_20220731_NATURAL-GAS,Equity Marketing Fee,57560,2022-07-01,2022-07-31,ValuationCostGPTAEndur,2022-09-14T04:33:29.820+0000
26672,2022-09-13,GPTA-ENDUR,14059526_1036_20220801_20220831_NATURAL-GAS,Equity Marketing Fee,58444.50488,2022-08-01,2022-08-31,ValuationCostGPTAEndur,2022-09-14T04:33:29.820+0000
26672,2022-09-13,GPTA-ENDUR,14059526_1037_20220901_20220930_NATURAL-GAS,Equity Marketing Fee,56229.91682,2022-09-01,2022-09-30,ValuationCostGPTAEndur,2022-09-14T04:33:29.820+0000
26672,2022-09-13,GPTA-ENDUR,14060133_1034_20220601_20220630_NATURAL-GAS,Equity Marketing Fee,196.75,2022-06-01,2022-06-30,ValuationCostGPTAEndur,2022-09-14T04:33:29.820+0000
26672,2022-09-13,GPTA-ENDUR,14060133_1035_20220701_20220731_NATURAL-GAS,Equity Marketing Fee,154.94,2022-07-01,2022-07-31,ValuationCostGPTAEndur,2022-09-14T04:33:29.820+0000
26672,2022-09-13,GPTA-ENDUR,14060133_1036_20220801_20220831_NATURAL-GAS,Equity Marketing Fee,205.3941104,2022-08-01,2022-08-31,ValuationCostGPTAEndur,2022-09-14T04:33:29.820+0000
26672,2022-09-13,GPTA-ENDUR,14060133_1037_20220901_20220930_NATURAL-GAS,Equity Marketing Fee,178.759891,2022-09-01,2022-09-30,ValuationCostGPTAEndur,2022-09-14T04:33:29.820+0000
26672,2022-09-13,GPTA-ENDUR,14060140_1034_20220601_20220630_NATURAL-GAS,Equity Marketing Fee,21.71,2022-06-01,2022-06-30,ValuationCostGPTAEndur,2022-09-14T04:33:29.820+0000
26672,2022-09-13,GPTA-ENDUR,14060140_1035_20220701_20220731_NATURAL-GAS,Equity Marketing Fee,13.54,2022-07-01,2022-07-31,ValuationCostGPTAEndur,2022-09-14T04:33:29.820+0000
26672,2022-09-13,GPTA-ENDUR,14060140_1036_20220801_20220831_NATURAL-GAS,Equity Marketing Fee,26.8469464,2022-08-01,2022-08-31,ValuationCostGPTAEndur,2022-09-14T04:33:29.820+0000
26672,2022-09-13,GPTA-ENDUR,14060140_1037_20220901_20220930_NATURAL-GAS,Equity Marketing Fee,23.83465213,2022-09-01,2022-09-30,ValuationCostGPTAEndur,2022-09-14T04:33:29.820+0000
26672,2022-09-13,GPTA-ENDUR,14060154_1034_20220601_20220630_NATURAL-GAS,Equity Marketing Fee,14664.8,2022-06-01,2022-06-30,ValuationCostGPTAEndur,2022-09-14T04:33:29.820+0000
26672,2022-09-13,GPTA-ENDUR,14060154_1035_20220701_20220731_NATURAL-GAS,Equity Marketing Fee,13617.48,2022-07-01,2022-07-31,ValuationCostGPTAEndur,2022-09-14T04:33:29.820+0000
26672,2022-09-13,GPTA-ENDUR,14060154_1036_20220801_20220831_NATURAL-GAS,Equity Marketing Fee,12392.00154,2022-08-01,2022-08-31,ValuationCostGPTAEndur,2022-09-14T04:33:29.820+0000
26672,2022-09-13,GPTA-ENDUR,14060154_1037_20220901_20220930_NATURAL-GAS,Equity Marketing Fee,14559.00001,2022-09-01,2022-09-30,ValuationCostGPTAEndur,2022-09-14T04:33:29.820+0000
26672,2022-09-13,GPTA-ENDUR,14060175_1034_20220601_20220630_NATURAL-GAS,Equity Marketing Fee,1122,2022-06-01,2022-06-30,ValuationCostGPTAEndur,2022-09-14T04:33:29.820+0000
26672,2022-09-13,GPTA-ENDUR,14060175_1035_20220701_20220731_NATURAL-GAS,Equity Marketing Fee,1286.74,2022-07-01,2022-07-31,ValuationCostGPTAEndur,2022-09-14T04:33:29.820+0000
26672,2022-09-13,GPTA-ENDUR,14060175_1036_20220801_20220831_NATURAL-GAS,Equity Marketing Fee,1711.617587,2022-08-01,2022-08-31,ValuationCostGPTAEndur,2022-09-14T04:33:29.820+0000
CA-BPS-OTI-2022-GBO0092577366-2-20220913-003,2022-09-13,RPT-ODS,A170008198_65_TI24R_3,BANK GUARANTEE,4241.5,2022-08-01,2022-08-31,ValuationCostRPTODS,2022-09-14T12:47:32.854+0000
CA-BPS-OTI-2022-GBO0092577364-2-20220913-003,2022-09-13,RPT-ODS,A170008198_65_TI24S_1,BANK GUARANTEE,2500,2022-08-01,2022-08-31,ValuationCostRPTODS,2022-09-14T12:47:32.854+0000
CA-BPS-OTI-2022-GBO0092577365-2-20220913-003,2022-09-13,RPT-ODS,A170008198_65_TM86M_2,BANK GUARANTEE,25000.15,2022-08-01,2022-08-31,ValuationCostRPTODS,2022-09-14T12:47:32.854+0000
TN97T-1-PROV-1-20220913-001,2022-09-13,RPT-ODS,A170008198_66_TN97T_1,COMMISSION - CRUDE,18400.2,2022-09-01,2022-09-30,ValuationCostRPTODS,2022-09-14T12:47:32.854+0000
TN97T-1-PROV-1-20220913-001,2022-09-13,RPT-ODS,A170008198_66_TN97T_1,COMMISSION - CRUDE,18400.2,2022-09-01,2022-09-30,ValuationCostRPTODS,2022-09-14T12:47:32.854+0000
TN97V-3-PROV-1-20220913-001,2022-09-13,RPT-ODS,A170008198_66_TN97V_3,COMMISSION - CRUDE,7500,2022-09-01,2022-09-30,ValuationCostRPTODS,2022-09-14T12:47:32.854+0000
TN97V-3-PROV-1-20220913-001,2022-09-13,RPT-ODS,A170008198_66_TN97V_3,COMMISSION - CRUDE,7500,2022-09-01,2022-09-30,ValuationCostRPTODS,2022-09-14T12:47:32.854+0000
TT16K-2-PROV-1-20220913-001,2022-09-13,RPT-ODS,A170008198_66_TT16K_2,COMMISSION - CRUDE,4950,2022-09-01,2022-09-30,ValuationCostRPTODS,2022-09-14T12:47:32.854+0000
TT16K-2-PROV-1-20220913-001,2022-09-13,RPT-ODS,A170008198_66_TT16K_2,COMMISSION - CRUDE,4950,2022-09-01,2022-09-30,ValuationCostRPTODS,2022-09-14T12:47:32.854+0000
TT57T-1-PROV-1-20220913-001,2022-09-13,RPT-ODS,A170008198_67_TT57T_1,COMMISSION - CRUDE,31850,2022-10-01,2022-10-31,ValuationCostRPTODS,2022-09-14T12:47:32.854+0000
TY85K-1-PROV-1-20220913-001,2022-09-13,RPT-ODS,A170008198_68_TY85K_1,COMMISSION - CRUDE,7450,2022-11-01,2022-11-30,ValuationCostRPTODS,2022-09-14T12:47:32.854+0000
A190003698-26-F-26-MPROV-2-20220913-001,2022-09-13,RPT-ODS,A190003698_26_0,INSURANCE - OTHER,-283249.27,2023-04-01,2023-04-30,ValuationCostRPTODS,2022-09-14T12:47:32.854+0000
A190011959-37-F-37-MPROV-1-20220913-001,2022-09-13,RPT-ODS,A190011959_37_0,PRICE ADJ - PRODS,0.00E+00,2022-08-29,2022-09-29,ValuationCostRPTODS,2022-09-14T12:47:32.854+0000
TY14H-1-APROV-1-20220913-001,2022-09-13,RPT-ODS,A190014971_25_TY14H_1,FOREX,-43387.23163,2022-09-16,2022-10-15,ValuationCostRPTODS,2022-09-14T12:47:32.854+0000
TY14H-1-MPROV-1-20220913-001,2022-09-13,RPT-ODS,A190014971_25_TY14H_1,FREIGHT,-3532101.9,2022-09-16,2022-10-15,ValuationCostRPTODS,2022-09-14T12:47:32.854+0000
CA-BPS-OTI-2022-GBO5102631759-6-20220913-002,2022-09-13,RPT-ODS,A200014562_20_TI24R_1,LETTER OF CREDIT,-24480.62,2022-08-01,2022-08-31,ValuationCostRPTODS,2022-09-14T12:47:32.854+0000
TI24R-1-PROV-1-20220913-001,2022-09-13,RPT-ODS,A200014562_20_TI24R_1,LETTER OF CREDIT,-25498.97,2022-08-01,2022-08-31,ValuationCostRPTODS,2022-09-14T12:47:32.854+0000
TN97V-1-PROV-1-20220913-001,2022-09-13,RPT-ODS,A200014562_21_TN97V_1,LETTER OF CREDIT,-24500,2022-09-01,2022-09-30,ValuationCostRPTODS,2022-09-14T12:47:32.854+0000
TT57S-1-PROV-1-20220913-001,2022-09-13,RPT-ODS,A200014562_22_TT57S_1,LETTER OF CREDIT,-25550,2022-10-01,2022-10-31,ValuationCostRPTODS,2022-09-14T12:47:32.854+0000
TY85J-1-PROV-1-20220913-001,2022-09-13,RPT-ODS,A200014562_23_TY85J_1,LETTER OF CREDIT,-25200,2022-11-01,2022-11-30,ValuationCostRPTODS,2022-09-14T12:47:32.854+0000
TR53W-5-MPROV-1-20220913-001,2022-09-13,RPT-ODS,A210003300_2_TR53W_5,FREIGHT,-73950,2022-01-01,2022-01-31,ValuationCostRPTODS,2022-09-14T12:47:32.854+0000
SU25J-7-PROV-1-20220913-001,2022-09-13,RPT-ODS,A210003878_2_SU25J_7,FREIGHT,-425000,2022-08-01,2022-08-31,ValuationCostRPTODS,2022-09-14T12:47:32.854+0000
TY45X-3-PROV-1-20220913-001,2022-09-13,RPT-ODS,A210011123_11_TY45X_3,DIFFERENTIAL FEE,-149600,2022-10-01,2022-10-31,ValuationCostRPTODS,2022-09-14T12:47:32.854+0000
A210050412-10-F-10-MPROV-1-20220913-001,2022-09-13,RPT-ODS,A210050412_10_0,INSURANCE,-688393.28,2022-10-01,2022-10-31,ValuationCostRPTODS,2022-09-14T12:47:32.854+0000
A210050412-10-F-10-MPROV-2-20220913-001,2022-09-13,RPT-ODS,A210050412_10_0,INTEREST - BANK,-50000,2022-10-01,2022-10-31,ValuationCostRPTODS,2022-09-14T12:47:32.854+0000
A210050412-11-F-11-MPROV-1-20220913-001,2022-09-13,RPT-ODS,A210050412_11_0,INSURANCE,-688393.28,2022-11-01,2022-11-30,ValuationCostRPTODS,2022-09-14T12:47:32.854+0000
A210050412-11-F-11-MPROV-2-20220913-001,2022-09-13,RPT-ODS,A210050412_11_0,INTEREST - BANK,-50000,2022-11-01,2022-11-30,ValuationCostRPTODS,2022-09-14T12:47:32.854+0000
A210050412-12-F-12-MPROV-1-20220913-001,2022-09-13,RPT-ODS,A210050412_12_0,INSURANCE,-688393.28,2022-12-01,2022-12-31,ValuationCostRPTODS,2022-09-14T12:47:32.854+0000
A210050412-12-F-12-MPROV-2-20220913-001,2022-09-13,RPT-ODS,A210050412_12_0,INTEREST - BANK,-50000,2022-12-01,2022-12-31,ValuationCostRPTODS,2022-09-14T12:47:32.854+0000
TL20W-1-MPROV-2-20220913-001,2022-09-13,RPT-ODS,A210050412_7_TL20W_1,INTEREST - BANK,-11091.1,2022-07-01,2022-07-31,ValuationCostRPTODS,2022-09-14T12:47:32.854+0000
TL20W-1-MPROV-1-20220913-001,2022-09-13,RPT-ODS,A210050412_7_TL20W_1,INSURANCE,-152700.83,2022-07-01,2022-07-31,ValuationCostRPTODS,2022-09-14T12:47:32.854+0000
TL20W-2-MPROV-2-20220913-001,2022-09-13,RPT-ODS,A210050412_7_TL20W_2,INTEREST - BANK,-1702.22,2022-07-01,2022-07-31,ValuationCostRPTODS,2022-09-14T12:47:32.854+0000
TL20W-2-MPROV-1-20220913-001,2022-09-13,RPT-ODS,A210050412_7_TL20W_2,INSURANCE,-23435.87,2022-07-01,2022-07-31,ValuationCostRPTODS,2022-09-14T12:47:32.854+0000
TL21A-1-MPROV-2-20220913-001,2022-09-13,RPT-ODS,A210050412_7_TL21A_1,INTEREST - BANK,-12267.94,2022-07-01,2022-07-31,ValuationCostRPTODS,2022-09-14T12:47:32.854+0000
TL21A-1-MPROV-1-20220913-001,2022-09-13,RPT-ODS,A210050412_7_TL21A_1,INSURANCE,-168903.38,2022-07-01,2022-07-31,ValuationCostRPTODS,2022-09-14T12:47:32.854+0000
A210050412-8-F-8-MPROV-3-20220913-007,2022-09-13,RPT-ODS,A210050412_8_0,INSURANCE,0.00E+00,2022-08-01,2022-08-31,ValuationCostRPTODS,2022-09-14T12:47:32.854+0000
A210050412-8-F-8-MPROV-1-20220913-007,2022-09-13,RPT-ODS,A210050412_8_0,INTEREST - BANK,0.00E+00,2022-08-01,2022-08-31,ValuationCostRPTODS,2022-09-14T12:47:32.854+0000
TQ28F-1-MPROV-3-20220913-007,2022-09-13,RPT-ODS,A210050412_8_TQ28F_1,INSURANCE,-155337.88,2022-08-01,2022-08-31,ValuationCostRPTODS,2022-09-14T12:47:32.854+0000
TQ28F-1-MPROV-1-20220913-007,2022-09-13,RPT-ODS,A210050412_8_TQ28F_1,INTEREST - BANK,-11282.64,2022-08-01,2022-08-31,ValuationCostRPTODS,2022-09-14T12:47:32.854+0000
TQ28F-3-MPROV-3-20220913-007,2022-09-13,RPT-ODS,A210050412_8_TQ28F_3,INSURANCE,-20055.78,2022-08-01,2022-08-31,ValuationCostRPTODS,2022-09-14T12:47:32.854+0000
TQ28F-3-MPROV-1-20220913-007,2022-09-13,RPT-ODS,A210050412_8_TQ28F_3,INTEREST - BANK,-1456.71,2022-08-01,2022-08-31,ValuationCostRPTODS,2022-09-14T12:47:32.854+0000
TT59M-2-MPROV-3-20220913-007,2022-09-13,RPT-ODS,A210050412_8_TT59M_2,INSURANCE,-127517.5,2022-08-01,2022-08-31,ValuationCostRPTODS,2022-09-14T12:47:32.854+0000
TT59M-2-MPROV-1-20220913-007,2022-09-13,RPT-ODS,A210050412_8_TT59M_2,INTEREST - BANK,-9261.97,2022-08-01,2022-08-31,ValuationCostRPTODS,2022-09-14T12:47:32.854+0000
TT59M-3-MPROV-3-20220913-007,2022-09-13,RPT-ODS,A210050412_8_TT59M_3,INSURANCE,-50174.55,2022-08-01,2022-08-31,ValuationCostRPTODS,2022-09-14T12:47:32.854+0000
TT59M-3-MPROV-1-20220913-007,2022-09-13,RPT-ODS,A210050412_8_TT59M_3,INTEREST - BANK,-3644.32,2022-08-01,2022-08-31,ValuationCostRPTODS,2022-09-14T12:47:32.854+0000
TV79V-2-MPROV-3-20220913-007,2022-09-13,RPT-ODS,A210050412_8_TV79V_2,INSURANCE,-155339.44,2022-08-01,2022-08-31,ValuationCostRPTODS,2022-09-14T12:47:32.854+0000
TV79V-2-MPROV-1-20220913-007,2022-09-13,RPT-ODS,A210050412_8_TV79V_2,INTEREST - BANK,-11282.75,2022-08-01,2022-08-31,ValuationCostRPTODS,2022-09-14T12:47:32.854+0000
TV79V-4-MPROV-3-20220913-007,2022-09-13,RPT-ODS,A210050412_8_TV79V_4,INSURANCE,-14556.58,2022-08-01,2022-08-31,ValuationCostRPTODS,2022-09-14T12:47:32.854+0000
TV79V-4-MPROV-1-20220913-007,2022-09-13,RPT-ODS,A210050412_8_TV79V_4,INTEREST - BANK,-1057.29,2022-08-01,2022-08-31,ValuationCostRPTODS,2022-09-14T12:47:32.854+0000
TW59Q-2-MPROV-1-20220913-007,2022-09-13,RPT-ODS,A210050412_8_TW59Q_2,INTEREST - BANK,-12014.32,2022-08-01,2022-08-31,ValuationCostRPTODS,2022-09-14T12:47:32.854+0000
TW59Q-2-MPROV-3-20220913-007,2022-09-13,RPT-ODS,A210050412_8_TW59Q_2,INSURANCE,-165411.55,2022-08-01,2022-08-31,ValuationCostRPTODS,2022-09-14T12:47:32.854+0000
