Trade_Tick_Id,Valuation_Event_Id,Valuation_Event,Business_Day,Valuation_Run_Timestamp,Valuation_Timezone,Valuation_Version,Valuation_Status,Source_System_Name,Period_Start_Date,Period_End_Date,Tick_Quantity,Realized_Amount,Delivered_Amount,Trade_Price,Price_Currency,Price_UOM,Market_Price,Discounted_Notional_Value,Option_Type_Name,Option_Exercise_Date,Strike_Price,Option_Underlying_Price,Option_Premium_Value,Option_Expiry_Date,Option_Premium_Price,Option_Premium_Due_Date,Option_Premium_Market_Price,MI_Discounted_MTM,MA_Discounted_MTM,Payment_Date,Payment_Amount,Final_Price,Final_Payment_Amount,Provisional_Price,Provisional_Payment_Amount,Pricing_Start_Date,Pricing_End_Date,Source_System_Trade_Type_Code,Source_System_Trade_Subtype_Code,Counterparty_ID,Legal_Entity_ID,Pricing_Calendar_Code,Expiry_Calendar_Code,Trade_Event_Code,Settlement_Day_Month_Num,Split_Pre_Next_Indicator,From_After_Indicator,Cal_Work_Day_Indicator,Earlier_Later_Indicator,Premium_Settlement_Day_Month_Num,Premium_Split_Pre_Next_Indicator,Premium_From_After_Indicator,Premium_Cal_Work_Day_Indicator,Premium_Offset_Month_Code,Premium_Earlier_Later_Indicator,Bookout_Indicator,Invoice_Date,Option_Premium_Calendar_Code,Complex_Pricing_Indicator,Pay_End_Date,Receive_End_Date,Provisional_Settlement_Date,Offset_Month_Code,Offset_From_Event_Code,Premium_Offset_From_Event_Code,Bookout_Settlement_Date,Market_Rate_Determination_Date,Trade_Rate_Determination_Date,Pay_Start_Date,Receive_Start_Date,Trade_Pricing_Start_Date,Trade_Pricing_End_Date,Pipeline_Name,Record_load_DTM,Notional_Value
14049252_1034_20220601_20220630_NATURAL-GAS,26672,EOD,13/09/2022,2022-09-14T01:28:32.000+0000,CST,,,GPTA-ENDUR,01/06/2022,30/06/2022,1455454,-10733391.07,0.00E+00,7.3746,USD,MMBTU,7.081085812,-10733391.07,,,,,,,,,,0.00E+00,,25/07/2022,-10733391.07,,,,,01/06/2022,30/06/2022,COMM-PHYS,NG-PHYS-EQTY,80929,1689,NYC,,,,,,,,,,,,,,,,,NO,,,,,,,,30/06/2022,01/01/1900,,,01/06/2022,30/06/2022,ValuationGPTAEndurPhysicals,2022-09-14T04:31:54.663+0000,
14049252_1035_20220701_20220731_NATURAL-GAS,26672,EOD,13/09/2022,2022-09-14T01:28:32.000+0000,CST,,,GPTA-ENDUR,01/07/2022,31/07/2022,656905,-4450925.52,0.00E+00,6.7756,USD,MMBTU,6.468732024,-4450925.52,,,,,,,,,,0.00E+00,,25/08/2022,-4450925.52,,,,,01/07/2022,31/07/2022,COMM-PHYS,NG-PHYS-EQTY,80929,1689,NYC,,,,,,,,,,,,,,,,,NO,,,,,,,,31/07/2022,01/01/1900,,,01/07/2022,31/07/2022,ValuationGPTAEndurPhysicals,2022-09-14T04:31:54.663+0000,
14049252_1036_20220801_20220831_NATURAL-GAS,26672,EOD,13/09/2022,2022-09-14T01:28:32.000+0000,CST,,,GPTA-ENDUR,01/08/2022,31/08/2022,153818,0.00E+00,0.00E+00,8.1971,USD,MMBTU,7.822511637,-1259617.548,,,,,,,,,,-57561.58291,,26/09/2022,-1260861.53,,,,,01/08/2022,31/08/2022,COMM-PHYS,NG-PHYS-EQTY,80929,1689,NYC,,,,,,,,,,,,,,,,,NO,,,,,,,,31/08/2022,01/01/1900,,,01/08/2022,31/08/2022,ValuationGPTAEndurPhysicals,2022-09-14T04:31:54.663+0000,
14056230_1034_20220601_20220630_NATURAL-GAS,26672,EOD,13/09/2022,2022-09-14T01:28:32.000+0000,CST,,,GPTA-ENDUR,01/06/2022,30/06/2022,2410320,-17775145.87,0.00E+00,7.3746,USD,MMBTU,7.266988628,-17775145.87,,,,,,,,,,0.00E+00,,25/07/2022,-17775145.87,,,,,01/06/2022,30/06/2022,COMM-PHYS,NG-PHYS-EQTY,80929,1689,NYC,,,,,,,,,,,,,,,,,NO,,,,,,,,30/06/2022,01/01/1900,,,01/06/2022,30/06/2022,ValuationGPTAEndurPhysicals,2022-09-14T04:31:54.663+0000,
14056230_1035_20220701_20220731_NATURAL-GAS,26672,EOD,13/09/2022,2022-09-14T01:28:32.000+0000,CST,,,GPTA-ENDUR,01/07/2022,31/07/2022,2880497,-19517095.47,0.00E+00,6.7756,USD,MMBTU,6.683506884,-19517095.47,,,,,,,,,,0.00E+00,,25/08/2022,-19517095.47,,,,,01/07/2022,31/07/2022,COMM-PHYS,NG-PHYS-EQTY,80929,1689,NYC,,,,,,,,,,,,,,,,,NO,,,,,,,,31/07/2022,01/01/1900,,,01/07/2022,31/07/2022,ValuationGPTAEndurPhysicals,2022-09-14T04:31:54.663+0000,
14056230_1036_20220801_20220831_NATURAL-GAS,26672,EOD,13/09/2022,2022-09-14T01:28:32.000+0000,CST,,,GPTA-ENDUR,01/08/2022,31/08/2022,3532603,0.00E+00,0.00E+00,8.1971,USD,MMBTU,8.166623236,-28928530.6,,,,,,,,,,-107556.079,,26/09/2022,-28957100.05,,,,,01/08/2022,31/08/2022,COMM-PHYS,NG-PHYS-EQTY,80929,1689,NYC,,,,,,,,,,,,,,,,,NO,,,,,,,,31/08/2022,01/01/1900,,,01/08/2022,31/08/2022,ValuationGPTAEndurPhysicals,2022-09-14T04:31:54.663+0000,
14056230_1037_20220901_20220930_NATURAL-GAS,26672,EOD,13/09/2022,2022-09-14T01:28:32.000+0000,CST,,,GPTA-ENDUR,01/09/2022,30/09/2022,3640831,0.00E+00,0.00E+00,7.668939404,USD,MMBTU,7.668939404,-27824964.22,,,,,,,,,,0.00E+00,,25/10/2022,0.00E+00,,,,,01/09/2022,30/09/2022,COMM-PHYS,NG-PHYS-EQTY,80929,1689,NYC,,,,,,,,,,,,,,,,,NO,,,,,,,,30/09/2022,30/09/2022,,,01/09/2022,30/09/2022,ValuationGPTAEndurPhysicals,2022-09-14T04:31:54.663+0000,
14057535_1034_20220601_20220630_NATURAL-GAS,26672,EOD,13/09/2022,2022-09-14T01:28:32.000+0000,CST,,,GPTA-ENDUR,01/06/2022,30/06/2022,118510,-965856.5,0.00E+00,8.15,USD,MMBTU,7.265953,-965856.5,,,,,,,,,,0.00E+00,,25/07/2022,-965856.5,,,,,01/06/2022,30/06/2022,COMM-PHYS,NG-PHYS-EQTY,80929,1689,NYC,,,,,,,,,,,,,,,,,NO,,,,,,,,30/06/2022,01/01/1900,,,01/06/2022,30/06/2022,ValuationGPTAEndurPhysicals,2022-09-14T04:31:54.663+0000,
14057617_1034_20220601_20220630_NATURAL-GAS,26672,EOD,13/09/2022,2022-09-14T01:28:32.000+0000,CST,,,GPTA-ENDUR,01/06/2022,30/06/2022,3554668,-27327576.65,0.00E+00,7.6878,USD,MMBTU,7.308478788,-27327576.65,,,,,,,,,,0.00E+00,,25/07/2022,-27327576.65,,,,,01/06/2022,30/06/2022,COMM-PHYS,NG-PHYS-EQTY,80929,1689,NYC,,,,,,,,,,,,,,,,,NO,,,,,,,,30/06/2022,01/01/1900,,,01/06/2022,30/06/2022,ValuationGPTAEndurPhysicals,2022-09-14T04:31:54.663+0000,
14057617_1035_20220701_20220731_NATURAL-GAS,26672,EOD,13/09/2022,2022-09-14T01:28:32.000+0000,CST,,,GPTA-ENDUR,01/07/2022,31/07/2022,3278618,-21688385.93,0.00E+00,6.6151,USD,MMBTU,6.502697911,-21688385.93,,,,,,,,,,0.00E+00,,25/08/2022,-21688385.93,,,,,01/07/2022,31/07/2022,COMM-PHYS,NG-PHYS-EQTY,80929,1689,NYC,,,,,,,,,,,,,,,,,NO,,,,,,,,31/07/2022,01/01/1900,,,01/07/2022,31/07/2022,ValuationGPTAEndurPhysicals,2022-09-14T04:31:54.663+0000,
14057617_1036_20220801_20220831_NATURAL-GAS,26672,EOD,13/09/2022,2022-09-14T01:28:32.000+0000,CST,,,GPTA-ENDUR,01/08/2022,31/08/2022,2944026,0.00E+00,0.00E+00,8.0905,USD,MMBTU,8.195708197,-23795142.57,,,,,,,,,,309430.0807,,26/09/2022,-23818642.35,,,,,01/08/2022,31/08/2022,COMM-PHYS,NG-PHYS-EQTY,80929,1689,NYC,,,,,,,,,,,,,,,,,NO,,,,,,,,31/08/2022,01/01/1900,,,01/08/2022,31/08/2022,ValuationGPTAEndurPhysicals,2022-09-14T04:31:54.663+0000,
14057617_1037_20220901_20220930_NATURAL-GAS,26672,EOD,13/09/2022,2022-09-14T01:28:32.000+0000,CST,,,GPTA-ENDUR,01/09/2022,30/09/2022,1070993,0.00E+00,0.00E+00,7.765760042,USD,MMBTU,7.795760042,-8288374.903,,,,,,,,,,32018.9197,,25/10/2022,0.00E+00,,,,,01/09/2022,30/09/2022,COMM-PHYS,NG-PHYS-EQTY,80929,1689,NYC,,,,,,,,,,,,,,,,,NO,,,,,,,,30/09/2022,30/09/2022,,,01/09/2022,30/09/2022,ValuationGPTAEndurPhysicals,2022-09-14T04:31:54.663+0000,
14057700_1034_20220601_20220630_NATURAL-GAS,26672,EOD,13/09/2022,2022-09-14T01:28:32.000+0000,CST,,,GPTA-ENDUR,01/06/2022,30/06/2022,11238,-86166.24,0.00E+00,7.6674,USD,MMBTU,7.486695141,-86166.24,,,,,,,,,,0.00E+00,,25/07/2022,-86166.24,,,,,01/06/2022,30/06/2022,COMM-PHYS,NG-PHYS-EQTY,80929,1689,NYC,,,,,,,,,,,,,,,,,NO,,,,,,,,30/06/2022,01/01/1900,,,01/06/2022,30/06/2022,ValuationGPTAEndurPhysicals,2022-09-14T04:31:54.663+0000,
14057700_1035_20220701_20220731_NATURAL-GAS,26672,EOD,13/09/2022,2022-09-14T01:28:32.000+0000,CST,,,GPTA-ENDUR,01/07/2022,31/07/2022,21031,-132981.12,0.00E+00,6.3231,USD,MMBTU,6.769804574,-132981.12,,,,,,,,,,0.00E+00,,25/08/2022,-132981.12,,,,,01/07/2022,31/07/2022,COMM-PHYS,NG-PHYS-EQTY,80929,1689,NYC,,,,,,,,,,,,,,,,,NO,,,,,,,,31/07/2022,01/01/1900,,,01/07/2022,31/07/2022,ValuationGPTAEndurPhysicals,2022-09-14T04:31:54.663+0000,
14057700_1036_20220801_20220831_NATURAL-GAS,26672,EOD,13/09/2022,2022-09-14T01:28:32.000+0000,CST,,,GPTA-ENDUR,01/08/2022,31/08/2022,16500,0.00E+00,0.00E+00,8.4357,USD,MMBTU,8.181121212,-139051.7243,,,,,,,,,,-4196.405683,,26/09/2022,-139189.05,,,,,01/08/2022,31/08/2022,COMM-PHYS,NG-PHYS-EQTY,80929,1689,NYC,,,,,,,,,,,,,,,,,NO,,,,,,,,31/08/2022,01/01/1900,,,01/08/2022,31/08/2022,ValuationGPTAEndurPhysicals,2022-09-14T04:31:54.663+0000,
14057700_1037_20220901_20220930_NATURAL-GAS,26672,EOD,13/09/2022,2022-09-14T01:28:32.000+0000,CST,,,GPTA-ENDUR,01/09/2022,30/09/2022,15000,0.00E+00,0.00E+00,7.563237,USD,MMBTU,7.749633334,-113057.0829,,,,,,,,,,2786.292047,,25/10/2022,0.00E+00,,,,,01/09/2022,30/09/2022,COMM-PHYS,NG-PHYS-EQTY,80929,1689,NYC,,,,,,,,,,,,,,,,,NO,,,,,,,,30/09/2022,30/09/2022,,,01/09/2022,30/09/2022,ValuationGPTAEndurPhysicals,2022-09-14T04:31:54.663+0000,
14057809_1034_20220601_20220630_NATURAL-GAS,26672,EOD,13/09/2022,2022-09-14T01:28:32.000+0000,CST,,,GPTA-ENDUR,01/06/2022,30/06/2022,30,-227.95,0.00E+00,7.5983,USD,MMBTU,7.386333333,-227.95,,,,,,,,,,0.00E+00,,25/07/2022,-227.95,,,,,01/06/2022,30/06/2022,COMM-PHYS,NG-PHYS-EQTY,80929,1689,NYC,,,,,,,,,,,,,,,,,NO,,,,,,,,30/06/2022,01/01/1900,,,01/06/2022,30/06/2022,ValuationGPTAEndurPhysicals,2022-09-14T04:31:54.663+0000,
14057809_1035_20220701_20220731_NATURAL-GAS,26672,EOD,13/09/2022,2022-09-14T01:28:32.000+0000,CST,,,GPTA-ENDUR,01/07/2022,31/07/2022,31,-206.5,0.00E+00,6.6613,USD,MMBTU,6.760645161,-206.5,,,,,,,,,,0.00E+00,,25/08/2022,-206.5,,,,,01/07/2022,31/07/2022,COMM-PHYS,NG-PHYS-EQTY,80929,1689,NYC,,,,,,,,,,,,,,,,,NO,,,,,,,,31/07/2022,01/01/1900,,,01/07/2022,31/07/2022,ValuationGPTAEndurPhysicals,2022-09-14T04:31:54.663+0000,
14057809_1036_20220801_20220831_NATURAL-GAS,26672,EOD,13/09/2022,2022-09-14T01:28:32.000+0000,CST,,,GPTA-ENDUR,01/08/2022,31/08/2022,31,0.00E+00,0.00E+00,7.8277,USD,MMBTU,8.222096774,-242.4205885,,,,,,,,,,12.21793372,,26/09/2022,-242.66,,,,,01/08/2022,31/08/2022,COMM-PHYS,NG-PHYS-EQTY,80929,1689,NYC,,,,,,,,,,,,,,,,,NO,,,,,,,,31/08/2022,01/01/1900,,,01/08/2022,31/08/2022,ValuationGPTAEndurPhysicals,2022-09-14T04:31:54.663+0000,
14057809_1037_20220901_20220930_NATURAL-GAS,26672,EOD,13/09/2022,2022-09-14T01:28:32.000+0000,CST,,,GPTA-ENDUR,01/09/2022,30/09/2022,30,0.00E+00,0.00E+00,7.719633334,USD,MMBTU,7.749633334,-230.7908522,,,,,,,,,,0.896894369,,25/10/2022,0.00E+00,,,,,01/09/2022,30/09/2022,COMM-PHYS,NG-PHYS-EQTY,80929,1689,NYC,,,,,,,,,,,,,,,,,NO,,,,,,,,30/09/2022,30/09/2022,,,01/09/2022,30/09/2022,ValuationGPTAEndurPhysicals,2022-09-14T04:31:54.663+0000,
14059207_1034_20220601_20220630_NATURAL-GAS,26672,EOD,13/09/2022,2022-09-14T01:28:32.000+0000,CST,,,GPTA-ENDUR,01/06/2022,30/06/2022,7020994,-53765367.85,0.00E+00,7.6578,USD,MMBTU,7.061444795,-53765367.85,,,,,,,,,,0.00E+00,,25/07/2022,-53765367.85,,,,,01/06/2022,30/06/2022,COMM-PHYS,NG-PHYS-EQTY,80929,1689,NYC,,,,,,,,,,,,,,,,,NO,,,,,,,,30/06/2022,01/01/1900,,,01/06/2022,30/06/2022,ValuationGPTAEndurPhysicals,2022-09-14T04:31:54.663+0000,
14059207_1035_20220701_20220731_NATURAL-GAS,26672,EOD,13/09/2022,2022-09-14T01:28:32.000+0000,CST,,,GPTA-ENDUR,01/07/2022,31/07/2022,7254245,-48309644.58,0.00E+00,6.6595,USD,MMBTU,6.57323655,-48309644.58,,,,,,,,,,0.00E+00,,25/08/2022,-48309644.58,,,,,01/07/2022,31/07/2022,COMM-PHYS,NG-PHYS-EQTY,80929,1689,NYC,,,,,,,,,,,,,,,,,NO,,,,,,,,31/07/2022,01/01/1900,,,01/07/2022,31/07/2022,ValuationGPTAEndurPhysicals,2022-09-14T04:31:54.663+0000,
14059207_1036_20220801_20220831_NATURAL-GAS,26672,EOD,13/09/2022,2022-09-14T01:28:32.000+0000,CST,,,GPTA-ENDUR,01/08/2022,31/08/2022,7605731,0.00E+00,0.00E+00,8.3874,USD,MMBTU,8.157855054,-63729369.87,,,,,,,,,,-1744134.625,,26/09/2022,-63792308.19,,,,,01/08/2022,31/08/2022,COMM-PHYS,NG-PHYS-EQTY,80929,1689,NYC,,,,,,,,,,,,,,,,,NO,,,,,,,,31/08/2022,01/01/1900,,,01/08/2022,31/08/2022,ValuationGPTAEndurPhysicals,2022-09-14T04:31:54.663+0000,
14059207_1037_20220901_20220930_NATURAL-GAS,26672,EOD,13/09/2022,2022-09-14T01:28:32.000+0000,CST,,,GPTA-ENDUR,01/09/2022,30/09/2022,7362760,0.00E+00,0.00E+00,7.650350817,USD,MMBTU,7.680350817,-56133326.94,,,,,,,,,,220120.5995,,25/10/2022,0.00E+00,,,,,01/09/2022,30/09/2022,COMM-PHYS,NG-PHYS-EQTY,80929,1689,NYC,,,,,,,,,,,,,,,,,NO,,,,,,,,30/09/2022,30/09/2022,,,01/09/2022,30/09/2022,ValuationGPTAEndurPhysicals,2022-09-14T04:31:54.663+0000,
14059526_1034_20220601_20220630_NATURAL-GAS,26672,EOD,13/09/2022,2022-09-14T01:28:32.000+0000,CST,,,GPTA-ENDUR,01/06/2022,30/06/2022,3489800,-26724190.44,0.00E+00,7.6578,USD,MMBTU,7.398295891,-26724190.44,,,,,,,,,,0.00E+00,,25/07/2022,-26724190.44,,,,,01/06/2022,30/06/2022,COMM-PHYS,NG-PHYS-EQTY,80929,1689,NYC,,,,,,,,,,,,,,,,,NO,,,,,,,,30/06/2022,01/01/1900,,,01/06/2022,30/06/2022,ValuationGPTAEndurPhysicals,2022-09-14T04:31:54.663+0000,
14059526_1035_20220701_20220731_NATURAL-GAS,26672,EOD,13/09/2022,2022-09-14T01:28:32.000+0000,CST,,,GPTA-ENDUR,01/07/2022,31/07/2022,5756000,-38332082,0.00E+00,6.6595,USD,MMBTU,6.694913134,-38332082,,,,,,,,,,0.00E+00,,25/08/2022,-38332082,,,,,01/07/2022,31/07/2022,COMM-PHYS,NG-PHYS-EQTY,80929,1689,NYC,,,,,,,,,,,,,,,,,NO,,,,,,,,31/07/2022,01/01/1900,,,01/07/2022,31/07/2022,ValuationGPTAEndurPhysicals,2022-09-14T04:31:54.663+0000,
14059526_1036_20220801_20220831_NATURAL-GAS,26672,EOD,13/09/2022,2022-09-14T01:28:32.000+0000,CST,,,GPTA-ENDUR,01/08/2022,31/08/2022,5856000,0.00E+00,0.00E+00,8.3874,USD,MMBTU,8.123121585,-49068155.31,,,,,,,,,,-1546087.503,,26/09/2022,-49116614.4,,,,,01/08/2022,31/08/2022,COMM-PHYS,NG-PHYS-EQTY,80929,1689,NYC,,,,,,,,,,,,,,,,,NO,,,,,,,,31/08/2022,01/01/1900,,,01/08/2022,31/08/2022,ValuationGPTAEndurPhysicals,2022-09-14T04:31:54.663+0000,
14059526_1037_20220901_20220930_NATURAL-GAS,26672,EOD,13/09/2022,2022-09-14T01:28:32.000+0000,CST,,,GPTA-ENDUR,01/09/2022,30/09/2022,5662000,0.00E+00,0.00E+00,7.583964072,USD,MMBTU,7.679963617,-42792230.09,,,,,,,,,,541673.7935,,25/10/2022,0.00E+00,,,,,01/09/2022,30/09/2022,COMM-PHYS,NG-PHYS-EQTY,80929,1689,NYC,,,,,,,,,,,,,,,,,NO,,,,,,,,30/09/2022,30/09/2022,,,01/09/2022,30/09/2022,ValuationGPTAEndurPhysicals,2022-09-14T04:31:54.663+0000,
14060133_1034_20220601_20220630_NATURAL-GAS,26672,EOD,13/09/2022,2022-09-14T01:28:32.000+0000,CST,,,GPTA-ENDUR,01/06/2022,30/06/2022,19675,-156530.37,0.00E+00,7.9558,USD,MMBTU,7.136976112,-156530.37,,,,,,,,,,0.00E+00,,25/07/2022,-156530.37,,,,,01/06/2022,30/06/2022,COMM-PHYS,NG-PHYS-EQTY,80929,1689,NYC,,,,,,,,,,,,,,,,,NO,,,,,,,,30/06/2022,01/01/1900,,,01/06/2022,30/06/2022,ValuationGPTAEndurPhysicals,2022-09-14T04:31:54.663+0000,
14060133_1035_20220701_20220731_NATURAL-GAS,26672,EOD,13/09/2022,2022-09-14T01:28:32.000+0000,CST,,,GPTA-ENDUR,01/07/2022,31/07/2022,15494,-107853.73,0.00E+00,6.961,USD,MMBTU,6.338654318,-107853.73,,,,,,,,,,0.00E+00,,25/08/2022,-107853.73,,,,,01/07/2022,31/07/2022,COMM-PHYS,NG-PHYS-EQTY,80929,1689,NYC,,,,,,,,,,,,,,,,,NO,,,,,,,,31/07/2022,01/01/1900,,,01/07/2022,31/07/2022,ValuationGPTAEndurPhysicals,2022-09-14T04:31:54.663+0000,
14060133_1036_20220801_20220831_NATURAL-GAS,26672,EOD,13/09/2022,2022-09-14T01:28:32.000+0000,CST,,,GPTA-ENDUR,01/08/2022,31/08/2022,20580,0.00E+00,0.00E+00,8.9008,USD,MMBTU,8.282983479,-182997.7337,,,,,,,,,,-12702.11555,,26/09/2022,-183178.46,,,,,01/08/2022,31/08/2022,COMM-PHYS,NG-PHYS-EQTY,80929,1689,NYC,,,,,,,,,,,,,,,,,NO,,,,,,,,31/08/2022,01/01/1900,,,01/08/2022,31/08/2022,ValuationGPTAEndurPhysicals,2022-09-14T04:31:54.663+0000,
14060133_1037_20220901_20220930_NATURAL-GAS,26672,EOD,13/09/2022,2022-09-14T01:28:32.000+0000,CST,,,GPTA-ENDUR,01/09/2022,30/09/2022,18000,0.00E+00,0.00E+00,7.646466667,USD,MMBTU,7.676466667,-137161.4579,,,,,,,,,,538.1366215,,25/10/2022,0.00E+00,,,,,01/09/2022,30/09/2022,COMM-PHYS,NG-PHYS-EQTY,80929,1689,NYC,,,,,,,,,,,,,,,,,NO,,,,,,,,30/09/2022,30/09/2022,,,01/09/2022,30/09/2022,ValuationGPTAEndurPhysicals,2022-09-14T04:31:54.663+0000,
14060140_1034_20220601_20220630_NATURAL-GAS,26672,EOD,13/09/2022,2022-09-14T01:28:32.000+0000,CST,,,GPTA-ENDUR,01/06/2022,30/06/2022,2171,-16225.62,0.00E+00,7.4738,USD,MMBTU,6.96518655,-16225.62,,,,,,,,,,0.00E+00,,25/07/2022,-16225.62,,,,,01/06/2022,30/06/2022,COMM-PHYS,NG-PHYS-EQTY,80929,1689,NYC,,,,,,,,,,,,,,,,,NO,,,,,,,,30/06/2022,01/01/1900,,,01/06/2022,30/06/2022,ValuationGPTAEndurPhysicals,2022-09-14T04:31:54.663+0000,
14060140_1035_20220701_20220731_NATURAL-GAS,26672,EOD,13/09/2022,2022-09-14T01:28:32.000+0000,CST,,,GPTA-ENDUR,01/07/2022,31/07/2022,1354,-8822.8,0.00E+00,6.5161,USD,MMBTU,6.109841211,-8822.8,,,,,,,,,,0.00E+00,,25/08/2022,-8822.8,,,,,01/07/2022,31/07/2022,COMM-PHYS,NG-PHYS-EQTY,80929,1689,NYC,,,,,,,,,,,,,,,,,NO,,,,,,,,31/07/2022,01/01/1900,,,01/07/2022,31/07/2022,ValuationGPTAEndurPhysicals,2022-09-14T04:31:54.663+0000,
14060140_1036_20220801_20220831_NATURAL-GAS,26672,EOD,13/09/2022,2022-09-14T01:28:32.000+0000,CST,,,GPTA-ENDUR,01/08/2022,31/08/2022,2690,0.00E+00,0.00E+00,7.6187,USD,MMBTU,8.386765799,-20474.08006,,,,,,,,,,2064.061559,,26/09/2022,-20494.3,,,,,01/08/2022,31/08/2022,COMM-PHYS,NG-PHYS-EQTY,80929,1689,NYC,,,,,,,,,,,,,,,,,NO,,,,,,,,31/08/2022,01/01/1900,,,01/08/2022,31/08/2022,ValuationGPTAEndurPhysicals,2022-09-14T04:31:54.663+0000,
14060140_1037_20220901_20220930_NATURAL-GAS,26672,EOD,13/09/2022,2022-09-14T01:28:32.000+0000,CST,,,GPTA-ENDUR,01/09/2022,30/09/2022,2400,0.00E+00,0.00E+00,7.580510834,USD,MMBTU,7.676466667,-18130.4506,,,,,,,,,,229.4953381,,25/10/2022,0.00E+00,,,,,01/09/2022,30/09/2022,COMM-PHYS,NG-PHYS-EQTY,80929,1689,NYC,,,,,,,,,,,,,,,,,NO,,,,,,,,30/09/2022,30/09/2022,,,01/09/2022,30/09/2022,ValuationGPTAEndurPhysicals,2022-09-14T04:31:54.663+0000,
14060154_1034_20220601_20220630_NATURAL-GAS,26672,EOD,13/09/2022,2022-09-14T01:28:32.000+0000,CST,,,GPTA-ENDUR,01/06/2022,30/06/2022,1466480,-10962231.3,0.00E+00,7.4752,USD,MMBTU,7.247944633,-10962231.3,,,,,,,,,,0.00E+00,,25/07/2022,-10962231.3,,,,,01/06/2022,30/06/2022,COMM-PHYS,NG-PHYS-EQTY,80929,1689,NYC,,,,,,,,,,,,,,,,,NO,,,,,,,,30/06/2022,01/01/1900,,,01/06/2022,30/06/2022,ValuationGPTAEndurPhysicals,2022-09-14T04:31:54.663+0000,
14060154_1035_20220701_20220731_NATURAL-GAS,26672,EOD,13/09/2022,2022-09-14T01:28:32.000+0000,CST,,,GPTA-ENDUR,01/07/2022,31/07/2022,1361748,-8873286.14,0.00E+00,6.5161,USD,MMBTU,6.808939771,-8873286.14,,,,,,,,,,0.00E+00,,25/08/2022,-8873286.14,,,,,01/07/2022,31/07/2022,COMM-PHYS,NG-PHYS-EQTY,80929,1689,NYC,,,,,,,,,,,,,,,,,NO,,,,,,,,31/07/2022,01/01/1900,,,01/07/2022,31/07/2022,ValuationGPTAEndurPhysicals,2022-09-14T04:31:54.663+0000,
14060154_1036_20220801_20220831_NATURAL-GAS,26672,EOD,13/09/2022,2022-09-14T01:28:32.000+0000,CST,,,GPTA-ENDUR,01/08/2022,31/08/2022,1241649,0.00E+00,0.00E+00,7.6134,USD,MMBTU,8.091883689,-9443843.879,,,,,,,,,,593522.6345,,26/09/2022,-9453170.5,,,,,01/08/2022,31/08/2022,COMM-PHYS,NG-PHYS-EQTY,80929,1689,NYC,,,,,,,,,,,,,,,,,NO,,,,,,,,31/08/2022,01/01/1900,,,01/08/2022,31/08/2022,ValuationGPTAEndurPhysicals,2022-09-14T04:31:54.663+0000,
14060154_1037_20220901_20220930_NATURAL-GAS,26672,EOD,13/09/2022,2022-09-14T01:28:32.000+0000,CST,,,GPTA-ENDUR,01/09/2022,30/09/2022,1466000,0.00E+00,0.00E+00,7.56311835,USD,MMBTU,7.658854025,-11049271.74,,,,,,,,,,139864.1993,,25/10/2022,0.00E+00,,,,,01/09/2022,30/09/2022,COMM-PHYS,NG-PHYS-EQTY,80929,1689,NYC,,,,,,,,,,,,,,,,,NO,,,,,,,,30/09/2022,30/09/2022,,,01/09/2022,30/09/2022,ValuationGPTAEndurPhysicals,2022-09-14T04:31:54.663+0000,
14060175_1034_20220601_20220630_NATURAL-GAS,26672,EOD,13/09/2022,2022-09-14T01:28:32.000+0000,CST,,,GPTA-ENDUR,01/06/2022,30/06/2022,112200,-879603.12,0.00E+00,7.8396,USD,MMBTU,7.226541889,-879603.12,,,,,,,,,,0.00E+00,,25/07/2022,-879603.12,,,,,01/06/2022,30/06/2022,COMM-PHYS,NG-PHYS-EQTY,80929,1689,NYC,,,,,,,,,,,,,,,,,NO,,,,,,,,30/06/2022,01/01/1900,,,01/06/2022,30/06/2022,ValuationGPTAEndurPhysicals,2022-09-14T04:31:54.663+0000,
14060175_1035_20220701_20220731_NATURAL-GAS,26672,EOD,13/09/2022,2022-09-14T01:28:32.000+0000,CST,,,GPTA-ENDUR,01/07/2022,31/07/2022,128674,-973303,0.00E+00,7.5641,USD,MMBTU,6.672219951,-973303,,,,,,,,,,0.00E+00,,25/08/2022,-973303,,,,,01/07/2022,31/07/2022,COMM-PHYS,NG-PHYS-EQTY,80929,1689,NYC,,,,,,,,,,,,,,,,,NO,,,,,,,,31/07/2022,01/01/1900,,,01/07/2022,31/07/2022,ValuationGPTAEndurPhysicals,2022-09-14T04:31:54.663+0000,
14060175_1036_20220801_20220831_NATURAL-GAS,26672,EOD,13/09/2022,2022-09-14T01:28:32.000+0000,CST,,,GPTA-ENDUR,01/08/2022,31/08/2022,171500,0.00E+00,0.00E+00,11.0296,USD,MMBTU,8.22648688,-1889710.146,,,,,,,,,,-480259.6017,,26/09/2022,-1891576.4,,,,,01/08/2022,31/08/2022,COMM-PHYS,NG-PHYS-EQTY,80929,1689,NYC,,,,,,,,,,,,,,,,,NO,,,,,,,,31/08/2022,01/01/1900,,,01/08/2022,31/08/2022,ValuationGPTAEndurPhysicals,2022-09-14T04:31:54.663+0000,
A170008198_65_TI24R_3,TI24R-3-20220913-002,EOD,13/09/2022,2022-09-14T00:00:00.000+0000,UTC,0,GOOD,RPT-ODS,01/08/2022,31/08/2022,84830,0.00E+00,0.00E+00,112.93,USD,BBL,0.00E+00,9579851.9,,,,,,,,,,-9579851.9,-9579851.9,12/09/2022,9579851.9,112.93,9579851.9,,,01/06/2022,30/06/2022,PHYSICAL,STANDARD PHYSICAL DEAL,14161,1732,NEW YORK,,BL,,P,A,C,,,,,,,,N,,,NO,,,,,30,,,30/06/2022,30/06/2022,,,01/06/2022,30/06/2022,ValuationRPTODSPhysical,2022-09-14T12:46:07.810+0000,
A170008198_65_TI24S_1,TI24S-1-20220913-002,EOD,13/09/2022,2022-09-14T00:00:00.000+0000,UTC,0,GOOD,RPT-ODS,01/08/2022,31/08/2022,50000,0.00E+00,0.00E+00,112.93,USD,BBL,0.00E+00,5646500,,,,,,,,,,-5646500,-5646500,09/09/2022,5646500,112.93,5646500,,,01/06/2022,30/06/2022,PHYSICAL,STANDARD PHYSICAL DEAL,14161,1732,NEW YORK,,BL,,P,A,C,,,,,,,,N,,,NO,,,,,30,,,30/06/2022,30/06/2022,,,01/06/2022,30/06/2022,ValuationRPTODSPhysical,2022-09-14T12:46:07.810+0000,
A170008198_65_TM86M_2,TM86M-2-20220913-002,EOD,13/09/2022,2022-09-14T00:00:00.000+0000,UTC,0,GOOD,RPT-ODS,01/08/2022,31/08/2022,500003,0.00E+00,0.00E+00,112.93,USD,BBL,0.00E+00,56465338.79,,,,,,,,,,-56465338.79,-56465338.79,09/09/2022,56465338.79,112.93,56465338.79,,,01/06/2022,30/06/2022,PHYSICAL,STANDARD PHYSICAL DEAL,14161,1732,NEW YORK,,BL,,P,A,C,,,,,,,,N,,,NO,,,,,30,,,30/06/2022,30/06/2022,,,01/06/2022,30/06/2022,ValuationRPTODSPhysical,2022-09-14T12:46:07.810+0000,
A170008198_66_TN97T_1,TN97T-1-20220913-002,EOD,13/09/2022,2022-09-14T00:00:00.000+0000,UTC,0,GOOD,RPT-ODS,01/09/2022,30/09/2022,368004,0.00E+00,0.00E+00,103.21,USD,BBL,0.00E+00,37981692.84,,,,,,,,,,-37981692.84,-37981692.84,04/10/2022,37981692.84,103.21,37981692.84,,,01/07/2022,29/07/2022,PHYSICAL,STANDARD PHYSICAL DEAL,14161,1732,NEW YORK,,BL,,P,A,C,,,,,,,,N,,,NO,,,,,30,,,29/07/2022,29/07/2022,,,01/07/2022,29/07/2022,ValuationRPTODSPhysical,2022-09-14T12:46:07.810+0000,
A170008198_66_TN97V_3,TN97V-3-20220913-001,EOD,13/09/2022,2022-09-14T00:00:00.000+0000,UTC,0,SUSPECT,RPT-ODS,01/09/2022,30/09/2022,150000,0.00E+00,0.00E+00,103.21,USD,BBL,103.26,15481500,,,,,,,,,,7500,-1432500,11/10/2022,15481500,103.21,15481500,,,01/07/2022,29/07/2022,PHYSICAL,STANDARD PHYSICAL DEAL,14161,1732,NEW YORK,,BL,,P,A,C,,,,,,,,N,,,NO,,,,,30,,,29/07/2022,29/07/2022,,,01/07/2022,29/07/2022,ValuationRPTODSPhysical,2022-09-14T12:46:07.810+0000,
A170008198_66_TT16K_2,TT16K-2-20220913-001,EOD,13/09/2022,2022-09-14T00:00:00.000+0000,UTC,0,GOOD,RPT-ODS,01/09/2022,30/09/2022,99000,0.00E+00,0.00E+00,103.21,USD,BBL,104.84,10217790,,,,,,,,,,161370,-1057320,17/10/2022,10217790,103.21,10217790,,,01/07/2022,29/07/2022,PHYSICAL,STANDARD PHYSICAL DEAL,14161,1732,NEW YORK,,BL,,P,A,C,,,,,,,,N,,,NO,,,,,30,,,29/07/2022,29/07/2022,,,01/07/2022,29/07/2022,ValuationRPTODSPhysical,2022-09-14T12:46:07.810+0000,
A170008198_67_TT57T_1,TT57T-1-20220913-001,EOD,13/09/2022,2022-09-14T00:00:00.000+0000,UTC,0,GOOD,RPT-ODS,01/10/2022,31/10/2022,637000,0.00E+00,0.00E+00,97,USD,BBL,92.53,61789000,,,,,,,,,,-2847390,-2847390,14/11/2022,61789000,97,61789000,,,01/08/2022,31/08/2022,PHYSICAL,STANDARD PHYSICAL DEAL,14161,1732,NEW YORK,,BL,,P,A,C,,,,,,,,N,,,NO,,,,,30,,,31/08/2022,31/08/2022,,,01/08/2022,31/08/2022,ValuationRPTODSPhysical,2022-09-14T12:46:07.810+0000,
A170008198_68_TY85K_1,TY85K-1-20220913-001,EOD,13/09/2022,2022-09-14T00:00:00.000+0000,UTC,0,GOOD,RPT-ODS,01/11/2022,30/11/2022,149000,0.00E+00,0.00E+00,92.69,USD,BBL,92.53,13810810,,,,,,,,,,-23840,-23840,15/12/2022,13810810,92.69,13810810,,,01/09/2022,30/09/2022,PHYSICAL,STANDARD PHYSICAL DEAL,14161,1732,NEW YORK,,BL,,P,A,C,,,,,,,,N,,,NO,,,,,30,,,30/09/2022,30/09/2022,,,01/09/2022,30/09/2022,ValuationRPTODSPhysical,2022-09-14T12:46:07.810+0000,
A190003698_26_0,A190003698-26-F-26-20220913-001,EOD,13/09/2022,2022-09-14T00:00:00.000+0000,UTC,0,SUSPECT,RPT-ODS,01/04/2023,30/04/2023,65000,0.00E+00,0.00E+00,112.7887,USD,MT,113.3507,54617927.98,,,,,,,,,,272148.5,272148.5,12/05/2023,54617927.98,112.7887,54617927.98,,,03/04/2023,28/04/2023,PHYSICAL,STANDARD PHYSICAL DEAL,79442,1732,NEW YORK,,BL,,P,F,C,,,,,,,,N,,,YES,,,,,29,,,28/04/2023,28/04/2023,,,03/04/2023,28/04/2023,ValuationRPTODSPhysical,2022-09-14T12:46:07.810+0000,
A190011959_37_0,A190011959-37-F-37-20220913-001,EOD,13/09/2022,2022-09-14T00:00:00.000+0000,UTC,0,SUSPECT,RPT-ODS,29/08/2022,29/09/2022,2000,0.00E+00,0.00E+00,1384.773,USD,MT,1384.773,2769546,,,,,,,,,,0.00E+00,-329546,19/09/2022,2769546,1384.773,2769546,,,01/08/2022,31/08/2022,PHYSICAL,STANDARD PHYSICAL DEAL,79928,1732,NEW YORK,,BL,,S,A,C,,,,,,,,N,,,NO,,,,,5,,,31/08/2022,31/08/2022,,,01/08/2022,31/08/2022,ValuationRPTODSPhysical,2022-09-14T12:46:07.810+0000,
A190014971_25_TY14H_1,TY14H-1-20220913-001,EOD,13/09/2022,2022-09-14T00:00:00.000+0000,UTC,0,GOOD,RPT-ODS,16/09/2022,15/10/2022,3000,0.00E+00,0.00E+00,11070,CNY,MT,1920.55,33210000,,,,,,,,,,-27448350,-28736751,19/10/2022,33210000,11070,33210000,,,,,PHYSICAL,STANDARD PHYSICAL DEAL,69395,1732,NEW YORK,,,,S,,,,,,,,,,N,,,NO,,,,,,,,,,,,,,ValuationRPTODSPhysical,2022-09-14T12:46:07.810+0000,
A200014562_20_TI24R_1,TI24R-1-20220913-002,EOD,13/09/2022,2022-09-14T00:00:00.000+0000,UTC,0,GOOD,RPT-ODS,01/08/2022,31/08/2022,364271,0.00E+00,0.00E+00,112.93,USD,BBL,0.00E+00,41137124,,,,,,,,,,-41137124,-41137124,12/09/2022,41137124,112.93,41137124,,,01/06/2022,30/06/2022,PHYSICAL,STANDARD PHYSICAL DEAL,12843,1732,NEW YORK,,BL,,P,A,C,,,,,,,,N,,,NO,,,,,30,,,30/06/2022,30/06/2022,,,01/06/2022,30/06/2022,ValuationRPTODSPhysical,2022-09-14T12:46:07.810+0000,
A200014562_21_TN97V_1,TN97V-1-20220913-001,EOD,13/09/2022,2022-09-14T00:00:00.000+0000,UTC,0,SUSPECT,RPT-ODS,01/09/2022,30/09/2022,350000,0.00E+00,0.00E+00,103.21,USD,BBL,103.26,36123500,,,,,,,,,,17500,-3342500,11/10/2022,36123500,103.21,36123500,,,01/07/2022,29/07/2022,PHYSICAL,STANDARD PHYSICAL DEAL,12843,1732,NEW YORK,,BL,,P,A,C,,,,,,,,N,,,NO,,,,,30,,,29/07/2022,29/07/2022,,,01/07/2022,29/07/2022,ValuationRPTODSPhysical,2022-09-14T12:46:07.810+0000,
A200014562_22_TT57S_1,TT57S-1-20220913-001,EOD,13/09/2022,2022-09-14T00:00:00.000+0000,UTC,0,GOOD,RPT-ODS,01/10/2022,31/10/2022,365000,0.00E+00,0.00E+00,97,USD,BBL,92.53,35405000,,,,,,,,,,-1631550,-1631550,14/11/2022,35405000,97,35405000,,,01/08/2022,31/08/2022,PHYSICAL,STANDARD PHYSICAL DEAL,12843,1732,NEW YORK,,BL,,P,A,C,,,,,,,,N,,,NO,,,,,30,,,31/08/2022,31/08/2022,,,01/08/2022,31/08/2022,ValuationRPTODSPhysical,2022-09-14T12:46:07.810+0000,
A200014562_23_TY85J_1,TY85J-1-20220913-001,EOD,13/09/2022,2022-09-14T00:00:00.000+0000,UTC,0,GOOD,RPT-ODS,01/11/2022,30/11/2022,360000,0.00E+00,0.00E+00,92.69,USD,BBL,92.53,33368400,,,,,,,,,,-57600,-57600,15/12/2022,33368400,92.69,33368400,,,01/09/2022,30/09/2022,PHYSICAL,STANDARD PHYSICAL DEAL,12843,1732,NEW YORK,,BL,,P,A,C,,,,,,,,N,,,NO,,,,,30,,,30/09/2022,30/09/2022,,,01/09/2022,30/09/2022,ValuationRPTODSPhysical,2022-09-14T12:46:07.810+0000,
A210003300_2_TR53W_5,TR53W-5-20220913-001,EOD,13/09/2022,2022-09-14T00:00:00.000+0000,UTC,0,GOOD,RPT-ODS,01/01/2022,31/01/2022,870,0.00E+00,0.00E+00,2001.648,USD,MT,2508.588,1741433.76,,,,,,,,,,1056606.66,-822189.54,11/10/2022,1741433.76,2001.648,1741433.76,,,01/12/2021,31/12/2021,PHYSICAL,STANDARD PHYSICAL DEAL,74967,1732,NEW YORK,,BL,,S,A,C,,,,,,,,N,,,NO,,,,,10,,,31/12/2021,31/12/2021,,,01/12/2021,31/12/2021,ValuationRPTODSPhysical,2022-09-14T12:46:07.810+0000,
A210003878_2_SU25J_7,SU25J-7-20220913-001,EOD,13/09/2022,2022-09-14T00:00:00.000+0000,UTC,0,GOOD,RPT-ODS,01/08/2022,31/08/2022,5000,0.00E+00,0.00E+00,1798.162,USD,MT,2508.588,8990810,,,,,,,,,,7089882.28,-3194976.68,05/12/2022,8990810,1798.162,8990810,1798,8990000,01/11/2022,30/11/2022,PHYSICAL,STANDARD PHYSICAL DEAL,74967,1732,NEW YORK,,BL,,S,A,C,,,,,,,,N,,,NO,,,11/10/2022,,10,,,30/11/2022,30/11/2022,,,01/11/2022,30/11/2022,ValuationRPTODSPhysical,2022-09-14T12:46:07.810+0000,
A210011123_11_TY45X_3,TY45X-3-20220913-001,EOD,13/09/2022,2022-09-14T00:00:00.000+0000,UTC,0,GOOD,RPT-ODS,01/10/2022,31/10/2022,-22000,0.00E+00,0.00E+00,644.075,USD,MT,697.875,14169650,,,,,,,,,,-1183600,-1183600,04/11/2022,14169650,644.075,14169650,,,03/10/2022,03/10/2022,PHYSICAL,STANDARD PHYSICAL DEAL,1025,1732,NEW YORK,,BL,,S,A,C,,,,,,,,N,,,NO,,,,,30,,,03/10/2022,03/10/2022,,,03/10/2022,03/10/2022,ValuationRPTODSPhysical,2022-09-14T12:46:07.810+0000,
A210050412_10_0,A210050412-10-F-10-20220913-001,EOD,13/09/2022,2022-09-14T00:00:00.000+0000,UTC,0,SUSPECT,RPT-ODS,01/10/2022,31/10/2022,-155925,0.00E+00,0.00E+00,103.92,USD,MT,103.29,134977037.6,,,,,,,,,,818278.81,818278.81,10/11/2022,134977037.6,103.92,134977037.6,,,13/10/2022,18/10/2022,PHYSICAL,STANDARD PHYSICAL DEAL,1370,1732,NEW YORK,,TTD,,S,A,C,,,,,,,,N,,,NO,,,,,25,,,18/10/2022,18/10/2022,,,13/10/2022,18/10/2022,ValuationRPTODSPhysical,2022-09-14T12:46:07.810+0000,
A210050412_11_0,A210050412-11-F-11-20220913-001,EOD,13/09/2022,2022-09-14T00:00:00.000+0000,UTC,0,SUSPECT,RPT-ODS,01/11/2022,30/11/2022,-155925,0.00E+00,0.00E+00,100.7,USD,MT,100.07,130794723.7,,,,,,,,,,818278.81,818278.81,09/12/2022,130794723.7,100.7,130794723.7,,,11/11/2022,17/11/2022,PHYSICAL,STANDARD PHYSICAL DEAL,1370,1732,NEW YORK,,TTD,,S,A,C,,,,,,,,N,,,NO,,,,,25,,,17/11/2022,17/11/2022,,,11/11/2022,17/11/2022,ValuationRPTODSPhysical,2022-09-14T12:46:07.810+0000,
A210050412_12_0,A210050412-12-F-12-20220913-001,EOD,13/09/2022,2022-09-14T00:00:00.000+0000,UTC,0,SUSPECT,RPT-ODS,01/12/2022,31/12/2022,-155925,0.00E+00,0.00E+00,98.45,USD,MT,97.82,127872299.4,,,,,,,,,,818278.8,818278.8,10/01/2023,127872299.4,98.45,127872299.4,,,14/12/2022,20/12/2022,PHYSICAL,STANDARD PHYSICAL DEAL,1370,1732,NEW YORK,,TTD,,S,A,C,,,,,,,,N,,,NO,,,,,25,,,20/12/2022,20/12/2022,,,14/12/2022,20/12/2022,ValuationRPTODSPhysical,2022-09-14T12:46:07.810+0000,
A210050412_7_TL20W_1,TL20W-1-20220913-001,EOD,13/09/2022,2022-09-14T00:00:00.000+0000,UTC,0,GOOD,RPT-ODS,01/07/2022,31/07/2022,-33694.011,0.00E+00,0.00E+00,160.6,USD,MT,0.00E+00,45429564.4,,,,,,,,,,45429564.4,45429564.4,14/09/2022,45429564.4,160.6,45429564.4,,,16/06/2022,21/06/2022,PHYSICAL,STANDARD PHYSICAL DEAL,1370,1732,NEW YORK,,TTD,,S,A,C,,,,,,,,N,,,NO,,,,,25,,,21/06/2022,21/06/2022,,,16/06/2022,21/06/2022,ValuationRPTODSPhysical,2022-09-14T12:46:07.810+0000,
A210050412_7_TL20W_2,TL20W-2-20220913-001,EOD,13/09/2022,2022-09-14T00:00:00.000+0000,UTC,0,GOOD,RPT-ODS,01/07/2022,31/07/2022,-5171.213,0.00E+00,0.00E+00,142.7,USD,MT,0.00E+00,6195177.8,,,,,,,,,,6195177.8,6195177.8,14/09/2022,6195177.8,142.7,6195177.8,,,01/07/2022,07/07/2022,PHYSICAL,STANDARD PHYSICAL DEAL,1370,1732,NEW YORK,,TTD,,S,A,C,,,,,,,,N,,,NO,,,,,25,,,07/07/2022,07/07/2022,,,01/07/2022,07/07/2022,ValuationRPTODSPhysical,2022-09-14T12:46:07.810+0000,
A210050412_7_TL21A_1,TL21A-1-20220913-001,EOD,13/09/2022,2022-09-14T00:00:00.000+0000,UTC,0,GOOD,RPT-ODS,01/07/2022,31/07/2022,-37269.166,0.00E+00,0.00E+00,114.68,USD,MT,0.00E+00,36031079.84,,,,,,,,,,36031079.84,36031079.84,16/09/2022,36031079.84,114.68,36031079.84,,,21/07/2022,26/07/2022,PHYSICAL,STANDARD PHYSICAL DEAL,1370,1732,NEW YORK,,TTD,,S,A,C,,,,,,,,N,,,NO,,,,,25,,,26/07/2022,26/07/2022,,,21/07/2022,26/07/2022,ValuationRPTODSPhysical,2022-09-14T12:46:07.810+0000,
A210050412_8_0,A210050412-8-F-8-20220913-003,EOD,13/09/2022,2022-09-14T00:00:00.000+0000,UTC,0,GOOD,RPT-ODS,01/08/2022,31/08/2022,0.00E+00,0.00E+00,0.00E+00,0.00E+00,USD,MT,107.6,0.00E+00,,,,,,,,,,0.00E+00,0.00E+00,09/09/2022,0.00E+00,0.00E+00,0.00E+00,,,12/08/2022,18/08/2022,PHYSICAL,STANDARD PHYSICAL DEAL,1370,1732,NEW YORK,,TTD,,S,A,C,,,,,,,,N,,,NO,,,,,25,,,18/08/2022,18/08/2022,,,12/08/2022,18/08/2022,ValuationRPTODSPhysical,2022-09-14T12:46:07.810+0000,
A210050412_8_TQ28F_1,TQ28F-1-20220913-006,EOD,13/09/2022,2022-09-14T00:00:00.000+0000,UTC,0,SUSPECT,RPT-ODS,01/08/2022,31/08/2022,-36624.873,0.00E+00,0.00E+00,114.68,USD,MT,107.6,35193571.8,,,,,,,,,,2172745.8,2172745.8,25/10/2022,35193571.8,114.68,35193571.8,,,21/07/2022,26/07/2022,PHYSICAL,STANDARD PHYSICAL DEAL,1370,1732,NEW YORK,,TTD,,S,A,C,,,,,,,,N,,,NO,,,,,25,,,26/07/2022,26/07/2022,,,21/07/2022,26/07/2022,ValuationRPTODSPhysical,2022-09-14T12:46:07.810+0000,
A210050412_8_TQ28F_3,TQ28F-3-20220913-008,EOD,13/09/2022,2022-09-14T00:00:00.000+0000,UTC,0,SUSPECT,RPT-ODS,01/08/2022,31/08/2022,-4728.663,0.00E+00,0.00E+00,114.69,USD,MT,107.6,4693917.63,,,,,,,,,,290172.43,290172.43,25/10/2022,4693917.63,114.69,4693917.63,,,15/08/2022,19/08/2022,PHYSICAL,STANDARD PHYSICAL DEAL,1370,1732,NEW YORK,,TTD,,S,A,C,,,,,,,,N,,,NO,,,,,25,,,19/08/2022,19/08/2022,,,15/08/2022,19/08/2022,ValuationRPTODSPhysical,2022-09-14T12:46:07.810+0000,
A210050412_8_TT59M_2,TT59M-2-20220913-006,EOD,13/09/2022,2022-09-14T00:00:00.000+0000,UTC,0,GOOD,RPT-ODS,01/08/2022,31/08/2022,-30065.509,0.00E+00,0.00E+00,121.24,USD,MT,0.00E+00,31368546.44,,,,,,,,,,31368546.44,31368546.44,07/10/2022,31368546.44,121.24,31368546.44,,,28/07/2022,02/08/2022,PHYSICAL,STANDARD PHYSICAL DEAL,1370,1732,NEW YORK,,TTD,,S,A,C,,,,,,,,N,,,NO,,,,,25,,,02/08/2022,02/08/2022,,,28/07/2022,02/08/2022,ValuationRPTODSPhysical,2022-09-14T12:46:07.810+0000,
A210050412_8_TT59M_3,TT59M-3-20220913-004,EOD,13/09/2022,2022-09-14T00:00:00.000+0000,UTC,0,GOOD,RPT-ODS,01/08/2022,31/08/2022,-11829.932,0.00E+00,0.00E+00,116.79,USD,MT,0.00E+00,11889572.37,,,,,,,,,,11889572.37,11889572.37,07/10/2022,11889572.37,116.79,11889572.37,,,18/08/2022,23/08/2022,PHYSICAL,STANDARD PHYSICAL DEAL,1370,1732,NEW YORK,,TTD,,S,A,C,,,,,,,,N,,,NO,,,,,25,,,23/08/2022,23/08/2022,,,18/08/2022,23/08/2022,ValuationRPTODSPhysical,2022-09-14T12:46:07.810+0000,
A210050412_8_TV79V_2,TV79V-2-20220913-008,EOD,13/09/2022,2022-09-14T00:00:00.000+0000,UTC,0,SUSPECT,RPT-ODS,01/08/2022,31/08/2022,-36625.241,0.00E+00,0.00E+00,117.34,USD,MT,107.6,35497579.46,,,,,,,,,,2946535.06,2946535.06,17/10/2022,35497579.46,117.34,35497579.46,,,18/08/2022,24/08/2022,PHYSICAL,STANDARD PHYSICAL DEAL,1370,1732,NEW YORK,,TTD,,S,A,C,,,,,,,,N,,,NO,,,,,25,,,24/08/2022,24/08/2022,,,18/08/2022,24/08/2022,ValuationRPTODSPhysical,2022-09-14T12:46:07.810+0000,
A210050412_8_TV79V_4,TV79V-4-20220913-008,EOD,13/09/2022,2022-09-14T00:00:00.000+0000,UTC,0,SUSPECT,RPT-ODS,01/08/2022,31/08/2022,-3432.085,0.00E+00,0.00E+00,106.89,USD,MT,107.6,3323958.33,,,,,,,,,,-22078.87,-22078.87,17/10/2022,3323958.33,106.89,3323958.33,,,30/08/2022,05/09/2022,PHYSICAL,STANDARD PHYSICAL DEAL,1370,1732,NEW YORK,,TTD,,S,A,C,,,,,,,,N,,,NO,,,,,25,,,05/09/2022,05/09/2022,,,30/08/2022,05/09/2022,ValuationRPTODSPhysical,2022-09-14T12:46:07.810+0000,
A210050412_8_TW59Q_2,TW59Q-2-20220913-002,EOD,13/09/2022,2022-09-14T00:00:00.000+0000,UTC,0,SUSPECT,RPT-ODS,01/08/2022,31/08/2022,-39000,0.00E+00,0.00E+00,108.63,USD,MT,107.6,35525051.64,,,,,,,,,,336838.84,336838.84,20/10/2022,35525051.64,108.63,35525051.64,,,12/09/2022,16/09/2022,PHYSICAL,STANDARD PHYSICAL DEAL,1370,1732,NEW YORK,,TTD,,S,A,C,,,,,,,,N,,,NO,,,,,25,,,16/09/2022,16/09/2022,,,12/09/2022,16/09/2022,ValuationRPTODSPhysical,2022-09-14T12:46:07.810+0000,
