Trade_Tick_ID,Business_Day,Trade_Version,Source_System_Name,Trade_Id,Leg_Number,Shipment_Reference,Parcel_Number,Trade_Status_Name,Trade_Quantity,Tick_Quantity,Tick_Quantity_UOM,Tick_Delivery_Status,Trade_Group_Name,Trade_Date,Trade_Start_Date,Trade_End_Date,Period,Period_Start_Date,Period_End_Date,Product_Code,Product_Name,Source_System_Trade_Type_Name,Source_System_Trade_Type_Code,Source_System_Trade_Subtype_Name,Source_System_Trade_Subtype_Code,Trade_Type,Counterparty_ID,Legal_Entity_ID,Agreement_Type_Code,Agreement_Ref,Contract_Number,Region_Execution,BP_Trader_Name,Counterparty_Trader_Name,Put_Call_Indicator,Physical_Financial_Indicator,Is_Cargo_Trade,Spot_Term_Indicator,Complex_Pricing_Indicator,Buy_Sell_Indicator,Triggered_Price_Indicator,Settlement_Terms_Code,Option_Premium_Settlement_Terms_Code,Option_Premium_Deferred_Indicator,INCO_Terms_Code,Payment_Security_Code,Discharge_Location_Name,Load_Location_Name,Valuation_Location_Name,Commodity_Group_Name,Commodity_Grade_Name,Portfolio_Chain_Code,Portfolio_Chain_Number,Sub_Team_Book_Code,Bench_Team_BU_Code,Pricing_Calendar_Code,Expiry_Calendar_Code,Transport_Mode_Name,Operator_Name,Trade_Event_Code,Load_Start_Date,Load_End_Date,Title_Transfer_Date,Bill_Of_Lading_Date,NOR_Load_Date,Discharge_Start_Date,Discharge_End_Date,Completion_Of_Discharge_Date,Trade_Group_Purpose,Daughter_Vessel_Name,External_Shipment_Ref,OWB_Batch_Seq_Num,House_Trade_Indicator,Shipment_Type_Name,Monitor_Exposure_Flag,Trade_Group_Category_Name,Trade_Group_Id,Master_Transport_Contract_Ref,NOR_For_Discharge_Date,Bookout_Date,Source_System_Commodity_Code,Agreement_Id,Premium_Trade_Event_Code,Trade_Series_Definition_Code,Spread_Months_Count,Pricing_Model_Name,Pipeline_Name,Record_load_DTM
14049252_1034_20220601_20220630_NATURAL-GAS,13/09/2022,15977065,GPTA-ENDUR,14049252,1034,,,ACTIVE,4140000,0.00E+00,MMBTU,,,19/07/2019,01/08/2019,31/10/2022,202206,01/06/2022,30/06/2022,,,Commodity Physical,COMM-PHYS,Natural Gas Equty deals,NG-PHYS-EQTY,GPTA-ENDUR_COMM-PHYS_NG-PHYS-EQTY,80929,1689,,,GPTA-ENDUR_27208,No Office Required,Dwight Helms,SachenSpencer,,PHYSICAL,,,NO,BUY,NA,25cd>1eom,25cd>1eom,NO,,,,,JACKSON BLACKHAWK EQ,GPTA-ENDUR_COMM-PHYS_NG-PHYS-EQTY_PHYSICAL,,GOM South Texas,,SEGT,BP Energy Company,NYC,,PIPELINE,,,,,,,,,,,,,,,NO,,Yes,,,,,,,27208,,,,Discounting,TransactionGPTAEndur,2022-09-14T04:33:47.007+0000
14049252_1035_20220701_20220731_NATURAL-GAS,13/09/2022,15977065,GPTA-ENDUR,14049252,1035,,,ACTIVE,4140000,0.00E+00,MMBTU,,,19/07/2019,01/08/2019,31/10/2022,202207,01/07/2022,31/07/2022,,,Commodity Physical,COMM-PHYS,Natural Gas Equty deals,NG-PHYS-EQTY,GPTA-ENDUR_COMM-PHYS_NG-PHYS-EQTY,80929,1689,,,GPTA-ENDUR_27208,No Office Required,Dwight Helms,SachenSpencer,,PHYSICAL,,,NO,BUY,NA,25cd>1eom,25cd>1eom,NO,,,,,JACKSON BLACKHAWK EQ,GPTA-ENDUR_COMM-PHYS_NG-PHYS-EQTY_PHYSICAL,,GOM South Texas,,SEGT,BP Energy Company,NYC,,PIPELINE,,,,,,,,,,,,,,,NO,,Yes,,,,,,,27208,,,,Discounting,TransactionGPTAEndur,2022-09-14T04:33:47.007+0000
14049252_1036_20220801_20220831_NATURAL-GAS,13/09/2022,15977065,GPTA-ENDUR,14049252,1036,,,ACTIVE,4140000,0.00E+00,MMBTU,,,19/07/2019,01/08/2019,31/10/2022,202208,01/08/2022,31/08/2022,,,Commodity Physical,COMM-PHYS,Natural Gas Equty deals,NG-PHYS-EQTY,GPTA-ENDUR_COMM-PHYS_NG-PHYS-EQTY,80929,1689,,,GPTA-ENDUR_27208,No Office Required,Dwight Helms,SachenSpencer,,PHYSICAL,,,NO,BUY,NA,25cd>1eom,25cd>1eom,NO,,,,,JACKSON BLACKHAWK EQ,GPTA-ENDUR_COMM-PHYS_NG-PHYS-EQTY_PHYSICAL,,GOM South Texas,,SEGT,BP Energy Company,NYC,,PIPELINE,,,,,,,,,,,,,,,NO,,Yes,,,,,,,27208,,,,Discounting,TransactionGPTAEndur,2022-09-14T04:33:47.007+0000
14056230_1034_20220601_20220630_NATURAL-GAS,13/09/2022,15977075,GPTA-ENDUR,14056230,1034,,,ACTIVE,3680000,0.00E+00,MMBTU,,,23/07/2019,01/08/2019,31/10/2022,202206,01/06/2022,30/06/2022,,,Commodity Physical,COMM-PHYS,Natural Gas Equty deals,NG-PHYS-EQTY,GPTA-ENDUR_COMM-PHYS_NG-PHYS-EQTY,80929,1689,,,GPTA-ENDUR_27208,No Office Required,Dwight Helms,SachenSpencer,,PHYSICAL,,,NO,BUY,NA,25cd>1eom,25cd>1eom,NO,,,,,JACKSON HAWKVILLE EQ,GPTA-ENDUR_COMM-PHYS_NG-PHYS-EQTY_PHYSICAL,,GOM South Texas,,SEGT,BP Energy Company,NYC,,PIPELINE,,,,,,,,,,,,,,,NO,,Yes,,,,,,,27208,,,,Discounting,TransactionGPTAEndur,2022-09-14T04:33:47.007+0000
14056230_1035_20220701_20220731_NATURAL-GAS,13/09/2022,15977075,GPTA-ENDUR,14056230,1035,,,ACTIVE,3680000,0.00E+00,MMBTU,,,23/07/2019,01/08/2019,31/10/2022,202207,01/07/2022,31/07/2022,,,Commodity Physical,COMM-PHYS,Natural Gas Equty deals,NG-PHYS-EQTY,GPTA-ENDUR_COMM-PHYS_NG-PHYS-EQTY,80929,1689,,,GPTA-ENDUR_27208,No Office Required,Dwight Helms,SachenSpencer,,PHYSICAL,,,NO,BUY,NA,25cd>1eom,25cd>1eom,NO,,,,,JACKSON HAWKVILLE EQ,GPTA-ENDUR_COMM-PHYS_NG-PHYS-EQTY_PHYSICAL,,GOM South Texas,,SEGT,BP Energy Company,NYC,,PIPELINE,,,,,,,,,,,,,,,NO,,Yes,,,,,,,27208,,,,Discounting,TransactionGPTAEndur,2022-09-14T04:33:47.007+0000
14056230_1036_20220801_20220831_NATURAL-GAS,13/09/2022,15977075,GPTA-ENDUR,14056230,1036,,,ACTIVE,3680000,0.00E+00,MMBTU,,,23/07/2019,01/08/2019,31/10/2022,202208,01/08/2022,31/08/2022,,,Commodity Physical,COMM-PHYS,Natural Gas Equty deals,NG-PHYS-EQTY,GPTA-ENDUR_COMM-PHYS_NG-PHYS-EQTY,80929,1689,,,GPTA-ENDUR_27208,No Office Required,Dwight Helms,SachenSpencer,,PHYSICAL,,,NO,BUY,NA,25cd>1eom,25cd>1eom,NO,,,,,JACKSON HAWKVILLE EQ,GPTA-ENDUR_COMM-PHYS_NG-PHYS-EQTY_PHYSICAL,,GOM South Texas,,SEGT,BP Energy Company,NYC,,PIPELINE,,,,,,,,,,,,,,,NO,,Yes,,,,,,,27208,,,,Discounting,TransactionGPTAEndur,2022-09-14T04:33:47.007+0000
14056230_1037_20220901_20220930_NATURAL-GAS,13/09/2022,15977075,GPTA-ENDUR,14056230,1037,,,ACTIVE,3680000,0.00E+00,MMBTU,,,23/07/2019,01/08/2019,31/10/2022,202209,01/09/2022,30/09/2022,,,Commodity Physical,COMM-PHYS,Natural Gas Equty deals,NG-PHYS-EQTY,GPTA-ENDUR_COMM-PHYS_NG-PHYS-EQTY,80929,1689,,,GPTA-ENDUR_27208,No Office Required,Dwight Helms,SachenSpencer,,PHYSICAL,,,NO,BUY,NA,25cd>1eom,25cd>1eom,NO,,,,,JACKSON HAWKVILLE EQ,GPTA-ENDUR_COMM-PHYS_NG-PHYS-EQTY_PHYSICAL,,GOM South Texas,,SEGT,BP Energy Company,NYC,,PIPELINE,,,,,,,,,,,,,,,NO,,Yes,,,,,,,27208,,,,Discounting,TransactionGPTAEndur,2022-09-14T04:33:47.007+0000
14057535_1034_20220601_20220630_NATURAL-GAS,13/09/2022,16896873,GPTA-ENDUR,14057535,1034,,,ACTIVE,325500,0.00E+00,MMBTU,,,23/07/2019,01/08/2019,31/10/2022,202206,01/06/2022,30/06/2022,,,Commodity Physical,COMM-PHYS,Natural Gas Equty deals,NG-PHYS-EQTY,GPTA-ENDUR_COMM-PHYS_NG-PHYS-EQTY,80929,1689,,,GPTA-ENDUR_27208,No Office Required,Ryan Sablatura,SachenSpencer,,PHYSICAL,,,NO,BUY,NA,25cd>1eom,25cd>1eom,NO,,,,,WHISKEY BAY EQ,GPTA-ENDUR_COMM-PHYS_NG-PHYS-EQTY_PHYSICAL,,GOM TX - BPEC,,SEGT,BP Energy Company,NYC,,PIPELINE,,,,,,,,,,,,,,,NO,,Yes,,,,,,,27208,,,,Discounting,TransactionGPTAEndur,2022-09-14T04:33:47.007+0000
14057617_1034_20220601_20220630_NATURAL-GAS,13/09/2022,16938501,GPTA-ENDUR,14057617,1034,,,ACTIVE,2760000,0.00E+00,MMBTU,,,23/07/2019,01/08/2019,31/10/2022,202206,01/06/2022,30/06/2022,,,Commodity Physical,COMM-PHYS,Natural Gas Equty deals,NG-PHYS-EQTY,GPTA-ENDUR_COMM-PHYS_NG-PHYS-EQTY,80929,1689,,,GPTA-ENDUR_27208,No Office Required,Dwight Helms,SachenSpencer,,PHYSICAL,,,NO,BUY,NA,25cd>1eom,25cd>1eom,NO,,,,,COPANO HAWKVILLE EQ,GPTA-ENDUR_COMM-PHYS_NG-PHYS-EQTY_PHYSICAL,,GOM South Texas,,SEGT,BP Energy Company,NYC,,PIPELINE,,,,,,,,,,,,,,,NO,,Yes,,,,,,,27208,,,,Discounting,TransactionGPTAEndur,2022-09-14T04:33:47.007+0000
14057617_1035_20220701_20220731_NATURAL-GAS,13/09/2022,16938501,GPTA-ENDUR,14057617,1035,,,ACTIVE,2760000,0.00E+00,MMBTU,,,23/07/2019,01/08/2019,31/10/2022,202207,01/07/2022,31/07/2022,,,Commodity Physical,COMM-PHYS,Natural Gas Equty deals,NG-PHYS-EQTY,GPTA-ENDUR_COMM-PHYS_NG-PHYS-EQTY,80929,1689,,,GPTA-ENDUR_27208,No Office Required,Dwight Helms,SachenSpencer,,PHYSICAL,,,NO,BUY,NA,25cd>1eom,25cd>1eom,NO,,,,,COPANO HAWKVILLE EQ,GPTA-ENDUR_COMM-PHYS_NG-PHYS-EQTY_PHYSICAL,,GOM South Texas,,SEGT,BP Energy Company,NYC,,PIPELINE,,,,,,,,,,,,,,,NO,,Yes,,,,,,,27208,,,,Discounting,TransactionGPTAEndur,2022-09-14T04:33:47.007+0000
14057617_1036_20220801_20220831_NATURAL-GAS,13/09/2022,16938501,GPTA-ENDUR,14057617,1036,,,ACTIVE,2760000,0.00E+00,MMBTU,,,23/07/2019,01/08/2019,31/10/2022,202208,01/08/2022,31/08/2022,,,Commodity Physical,COMM-PHYS,Natural Gas Equty deals,NG-PHYS-EQTY,GPTA-ENDUR_COMM-PHYS_NG-PHYS-EQTY,80929,1689,,,GPTA-ENDUR_27208,No Office Required,Dwight Helms,SachenSpencer,,PHYSICAL,,,NO,BUY,NA,25cd>1eom,25cd>1eom,NO,,,,,COPANO HAWKVILLE EQ,GPTA-ENDUR_COMM-PHYS_NG-PHYS-EQTY_PHYSICAL,,GOM South Texas,,SEGT,BP Energy Company,NYC,,PIPELINE,,,,,,,,,,,,,,,NO,,Yes,,,,,,,27208,,,,Discounting,TransactionGPTAEndur,2022-09-14T04:33:47.007+0000
14057617_1037_20220901_20220930_NATURAL-GAS,13/09/2022,16938501,GPTA-ENDUR,14057617,1037,,,ACTIVE,2760000,0.00E+00,MMBTU,,,23/07/2019,01/08/2019,31/10/2022,202209,01/09/2022,30/09/2022,,,Commodity Physical,COMM-PHYS,Natural Gas Equty deals,NG-PHYS-EQTY,GPTA-ENDUR_COMM-PHYS_NG-PHYS-EQTY,80929,1689,,,GPTA-ENDUR_27208,No Office Required,Dwight Helms,SachenSpencer,,PHYSICAL,,,NO,BUY,NA,25cd>1eom,25cd>1eom,NO,,,,,COPANO HAWKVILLE EQ,GPTA-ENDUR_COMM-PHYS_NG-PHYS-EQTY_PHYSICAL,,GOM South Texas,,SEGT,BP Energy Company,NYC,,PIPELINE,,,,,,,,,,,,,,,NO,,Yes,,,,,,,27208,,,,Discounting,TransactionGPTAEndur,2022-09-14T04:33:47.007+0000
14057700_1034_20220601_20220630_NATURAL-GAS,13/09/2022,17544371,GPTA-ENDUR,14057700,1034,,,ACTIVE,92,0.00E+00,MMBTU,,,23/07/2019,01/08/2019,31/10/2022,202206,01/06/2022,30/06/2022,,,Commodity Physical,COMM-PHYS,Natural Gas Equty deals,NG-PHYS-EQTY,GPTA-ENDUR_COMM-PHYS_NG-PHYS-EQTY,80929,1689,,,GPTA-ENDUR_27208,No Office Required,Dwight Helms,SachenSpencer,,PHYSICAL,,,NO,BUY,NA,25cd>1eom,25cd>1eom,NO,,,,,STOREY WHITE KITCHEN EQ,GPTA-ENDUR_COMM-PHYS_NG-PHYS-EQTY_PHYSICAL,,GOM South Texas,,SEGT,BP Energy Company,NYC,,PIPELINE,,,,,,,,,,,,,,,NO,,Yes,,,,,,,27208,,,,Discounting,TransactionGPTAEndur,2022-09-14T04:33:47.007+0000
14057700_1035_20220701_20220731_NATURAL-GAS,13/09/2022,17544371,GPTA-ENDUR,14057700,1035,,,ACTIVE,92,0.00E+00,MMBTU,,,23/07/2019,01/08/2019,31/10/2022,202207,01/07/2022,31/07/2022,,,Commodity Physical,COMM-PHYS,Natural Gas Equty deals,NG-PHYS-EQTY,GPTA-ENDUR_COMM-PHYS_NG-PHYS-EQTY,80929,1689,,,GPTA-ENDUR_27208,No Office Required,Dwight Helms,SachenSpencer,,PHYSICAL,,,NO,BUY,NA,25cd>1eom,25cd>1eom,NO,,,,,STOREY WHITE KITCHEN EQ,GPTA-ENDUR_COMM-PHYS_NG-PHYS-EQTY_PHYSICAL,,GOM South Texas,,SEGT,BP Energy Company,NYC,,PIPELINE,,,,,,,,,,,,,,,NO,,Yes,,,,,,,27208,,,,Discounting,TransactionGPTAEndur,2022-09-14T04:33:47.007+0000
14057700_1036_20220801_20220831_NATURAL-GAS,13/09/2022,17544371,GPTA-ENDUR,14057700,1036,,,ACTIVE,92,0.00E+00,MMBTU,,,23/07/2019,01/08/2019,31/10/2022,202208,01/08/2022,31/08/2022,,,Commodity Physical,COMM-PHYS,Natural Gas Equty deals,NG-PHYS-EQTY,GPTA-ENDUR_COMM-PHYS_NG-PHYS-EQTY,80929,1689,,,GPTA-ENDUR_27208,No Office Required,Dwight Helms,SachenSpencer,,PHYSICAL,,,NO,BUY,NA,25cd>1eom,25cd>1eom,NO,,,,,STOREY WHITE KITCHEN EQ,GPTA-ENDUR_COMM-PHYS_NG-PHYS-EQTY_PHYSICAL,,GOM South Texas,,SEGT,BP Energy Company,NYC,,PIPELINE,,,,,,,,,,,,,,,NO,,Yes,,,,,,,27208,,,,Discounting,TransactionGPTAEndur,2022-09-14T04:33:47.007+0000
14057700_1037_20220901_20220930_NATURAL-GAS,13/09/2022,17544371,GPTA-ENDUR,14057700,1037,,,ACTIVE,92,0.00E+00,MMBTU,,,23/07/2019,01/08/2019,31/10/2022,202209,01/09/2022,30/09/2022,,,Commodity Physical,COMM-PHYS,Natural Gas Equty deals,NG-PHYS-EQTY,GPTA-ENDUR_COMM-PHYS_NG-PHYS-EQTY,80929,1689,,,GPTA-ENDUR_27208,No Office Required,Dwight Helms,SachenSpencer,,PHYSICAL,,,NO,BUY,NA,25cd>1eom,25cd>1eom,NO,,,,,STOREY WHITE KITCHEN EQ,GPTA-ENDUR_COMM-PHYS_NG-PHYS-EQTY_PHYSICAL,,GOM South Texas,,SEGT,BP Energy Company,NYC,,PIPELINE,,,,,,,,,,,,,,,NO,,Yes,,,,,,,27208,,,,Discounting,TransactionGPTAEndur,2022-09-14T04:33:47.007+0000
14057809_1034_20220601_20220630_NATURAL-GAS,13/09/2022,16896827,GPTA-ENDUR,14057809,1034,,,ACTIVE,18400,0.00E+00,MMBTU,,,23/07/2019,01/08/2019,31/10/2022,202206,01/06/2022,30/06/2022,,,Commodity Physical,COMM-PHYS,Natural Gas Equty deals,NG-PHYS-EQTY,GPTA-ENDUR_COMM-PHYS_NG-PHYS-EQTY,80929,1689,,,GPTA-ENDUR_27208,No Office Required,Dwight Helms,SachenSpencer,,PHYSICAL,,,NO,BUY,NA,25cd>1eom,25cd>1eom,NO,,,,,COPANO LANIK MIGURA EQ,GPTA-ENDUR_COMM-PHYS_NG-PHYS-EQTY_PHYSICAL,,GOM South Texas,,SEGT,BP Energy Company,NYC,,PIPELINE,,,,,,,,,,,,,,,NO,,Yes,,,,,,,27208,,,,Discounting,TransactionGPTAEndur,2022-09-14T04:33:47.007+0000
14057809_1035_20220701_20220731_NATURAL-GAS,13/09/2022,16896827,GPTA-ENDUR,14057809,1035,,,ACTIVE,18400,0.00E+00,MMBTU,,,23/07/2019,01/08/2019,31/10/2022,202207,01/07/2022,31/07/2022,,,Commodity Physical,COMM-PHYS,Natural Gas Equty deals,NG-PHYS-EQTY,GPTA-ENDUR_COMM-PHYS_NG-PHYS-EQTY,80929,1689,,,GPTA-ENDUR_27208,No Office Required,Dwight Helms,SachenSpencer,,PHYSICAL,,,NO,BUY,NA,25cd>1eom,25cd>1eom,NO,,,,,COPANO LANIK MIGURA EQ,GPTA-ENDUR_COMM-PHYS_NG-PHYS-EQTY_PHYSICAL,,GOM South Texas,,SEGT,BP Energy Company,NYC,,PIPELINE,,,,,,,,,,,,,,,NO,,Yes,,,,,,,27208,,,,Discounting,TransactionGPTAEndur,2022-09-14T04:33:47.007+0000
14057809_1036_20220801_20220831_NATURAL-GAS,13/09/2022,16896827,GPTA-ENDUR,14057809,1036,,,ACTIVE,18400,0.00E+00,MMBTU,,,23/07/2019,01/08/2019,31/10/2022,202208,01/08/2022,31/08/2022,,,Commodity Physical,COMM-PHYS,Natural Gas Equty deals,NG-PHYS-EQTY,GPTA-ENDUR_COMM-PHYS_NG-PHYS-EQTY,80929,1689,,,GPTA-ENDUR_27208,No Office Required,Dwight Helms,SachenSpencer,,PHYSICAL,,,NO,BUY,NA,25cd>1eom,25cd>1eom,NO,,,,,COPANO LANIK MIGURA EQ,GPTA-ENDUR_COMM-PHYS_NG-PHYS-EQTY_PHYSICAL,,GOM South Texas,,SEGT,BP Energy Company,NYC,,PIPELINE,,,,,,,,,,,,,,,NO,,Yes,,,,,,,27208,,,,Discounting,TransactionGPTAEndur,2022-09-14T04:33:47.007+0000
14057809_1037_20220901_20220930_NATURAL-GAS,13/09/2022,16896827,GPTA-ENDUR,14057809,1037,,,ACTIVE,18400,0.00E+00,MMBTU,,,23/07/2019,01/08/2019,31/10/2022,202209,01/09/2022,30/09/2022,,,Commodity Physical,COMM-PHYS,Natural Gas Equty deals,NG-PHYS-EQTY,GPTA-ENDUR_COMM-PHYS_NG-PHYS-EQTY,80929,1689,,,GPTA-ENDUR_27208,No Office Required,Dwight Helms,SachenSpencer,,PHYSICAL,,,NO,BUY,NA,25cd>1eom,25cd>1eom,NO,,,,,COPANO LANIK MIGURA EQ,GPTA-ENDUR_COMM-PHYS_NG-PHYS-EQTY_PHYSICAL,,GOM South Texas,,SEGT,BP Energy Company,NYC,,PIPELINE,,,,,,,,,,,,,,,NO,,Yes,,,,,,,27208,,,,Discounting,TransactionGPTAEndur,2022-09-14T04:33:47.007+0000
14059207_1034_20220601_20220630_NATURAL-GAS,13/09/2022,17493847,GPTA-ENDUR,14059207,1034,,,ACTIVE,7256883,0.00E+00,MMBTU,,,23/07/2019,01/08/2019,31/10/2022,202206,01/06/2022,30/06/2022,,,Commodity Physical,COMM-PHYS,Natural Gas Equty deals,NG-PHYS-EQTY,GPTA-ENDUR_COMM-PHYS_NG-PHYS-EQTY,80929,1689,,,GPTA-ENDUR_27208,No Office Required,Ryan Sablatura,SitomerGabrielle,,PHYSICAL,,,NO,BUY,NA,25cd>1eom,25cd>1eom,NO,,,,,Redhawk Plantation EQ,GPTA-ENDUR_COMM-PHYS_NG-PHYS-EQTY_PHYSICAL,,MOB GSPL - BPEC,,SEGT,BP Energy Company,NYC,,PIPELINE,,,,,,,,,,,,,,,NO,,Yes,,,,,,,27208,,,,Discounting,TransactionGPTAEndur,2022-09-14T04:33:47.007+0000
14059207_1035_20220701_20220731_NATURAL-GAS,13/09/2022,17493847,GPTA-ENDUR,14059207,1035,,,ACTIVE,7256883,0.00E+00,MMBTU,,,23/07/2019,01/08/2019,31/10/2022,202207,01/07/2022,31/07/2022,,,Commodity Physical,COMM-PHYS,Natural Gas Equty deals,NG-PHYS-EQTY,GPTA-ENDUR_COMM-PHYS_NG-PHYS-EQTY,80929,1689,,,GPTA-ENDUR_27208,No Office Required,Ryan Sablatura,SitomerGabrielle,,PHYSICAL,,,NO,BUY,NA,25cd>1eom,25cd>1eom,NO,,,,,Redhawk Plantation EQ,GPTA-ENDUR_COMM-PHYS_NG-PHYS-EQTY_PHYSICAL,,MOB GSPL - BPEC,,SEGT,BP Energy Company,NYC,,PIPELINE,,,,,,,,,,,,,,,NO,,Yes,,,,,,,27208,,,,Discounting,TransactionGPTAEndur,2022-09-14T04:33:47.007+0000
14059207_1036_20220801_20220831_NATURAL-GAS,13/09/2022,17493847,GPTA-ENDUR,14059207,1036,,,ACTIVE,7256883,0.00E+00,MMBTU,,,23/07/2019,01/08/2019,31/10/2022,202208,01/08/2022,31/08/2022,,,Commodity Physical,COMM-PHYS,Natural Gas Equty deals,NG-PHYS-EQTY,GPTA-ENDUR_COMM-PHYS_NG-PHYS-EQTY,80929,1689,,,GPTA-ENDUR_27208,No Office Required,Ryan Sablatura,SitomerGabrielle,,PHYSICAL,,,NO,BUY,NA,25cd>1eom,25cd>1eom,NO,,,,,Redhawk Plantation EQ,GPTA-ENDUR_COMM-PHYS_NG-PHYS-EQTY_PHYSICAL,,MOB GSPL - BPEC,,SEGT,BP Energy Company,NYC,,PIPELINE,,,,,,,,,,,,,,,NO,,Yes,,,,,,,27208,,,,Discounting,TransactionGPTAEndur,2022-09-14T04:33:47.007+0000
14059207_1037_20220901_20220930_NATURAL-GAS,13/09/2022,17493847,GPTA-ENDUR,14059207,1037,,,ACTIVE,7256883,0.00E+00,MMBTU,,,23/07/2019,01/08/2019,31/10/2022,202209,01/09/2022,30/09/2022,,,Commodity Physical,COMM-PHYS,Natural Gas Equty deals,NG-PHYS-EQTY,GPTA-ENDUR_COMM-PHYS_NG-PHYS-EQTY,80929,1689,,,GPTA-ENDUR_27208,No Office Required,Ryan Sablatura,SitomerGabrielle,,PHYSICAL,,,NO,BUY,NA,25cd>1eom,25cd>1eom,NO,,,,,Redhawk Plantation EQ,GPTA-ENDUR_COMM-PHYS_NG-PHYS-EQTY_PHYSICAL,,MOB GSPL - BPEC,,SEGT,BP Energy Company,NYC,,PIPELINE,,,,,,,,,,,,,,,NO,,Yes,,,,,,,27208,,,,Discounting,TransactionGPTAEndur,2022-09-14T04:33:47.007+0000
14059526_1034_20220601_20220630_NATURAL-GAS,13/09/2022,17494021,GPTA-ENDUR,14059526,1034,,,ACTIVE,1469028,0.00E+00,MMBTU,,,23/07/2019,01/08/2019,31/10/2022,202206,01/06/2022,30/06/2022,,,Commodity Physical,COMM-PHYS,Natural Gas Equty deals,NG-PHYS-EQTY,GPTA-ENDUR_COMM-PHYS_NG-PHYS-EQTY,80929,1689,,,GPTA-ENDUR_27208,No Office Required,Ryan Sablatura,SitomerGabrielle,,PHYSICAL,,,NO,BUY,NA,25cd>1eom,25cd>1eom,NO,,,,,Redhawk Elm Grove EQ,GPTA-ENDUR_COMM-PHYS_NG-PHYS-EQTY_PHYSICAL,,GOM TX - BPEC,,SEGT,BP Energy Company,NYC,,PIPELINE,,,,,,,,,,,,,,,NO,,Yes,,,,,,,27208,,,,Discounting,TransactionGPTAEndur,2022-09-14T04:33:47.007+0000
14059526_1035_20220701_20220731_NATURAL-GAS,13/09/2022,17494021,GPTA-ENDUR,14059526,1035,,,ACTIVE,1469028,0.00E+00,MMBTU,,,23/07/2019,01/08/2019,31/10/2022,202207,01/07/2022,31/07/2022,,,Commodity Physical,COMM-PHYS,Natural Gas Equty deals,NG-PHYS-EQTY,GPTA-ENDUR_COMM-PHYS_NG-PHYS-EQTY,80929,1689,,,GPTA-ENDUR_27208,No Office Required,Ryan Sablatura,SitomerGabrielle,,PHYSICAL,,,NO,BUY,NA,25cd>1eom,25cd>1eom,NO,,,,,Redhawk Elm Grove EQ,GPTA-ENDUR_COMM-PHYS_NG-PHYS-EQTY_PHYSICAL,,GOM TX - BPEC,,SEGT,BP Energy Company,NYC,,PIPELINE,,,,,,,,,,,,,,,NO,,Yes,,,,,,,27208,,,,Discounting,TransactionGPTAEndur,2022-09-14T04:33:47.007+0000
14059526_1036_20220801_20220831_NATURAL-GAS,13/09/2022,17494021,GPTA-ENDUR,14059526,1036,,,ACTIVE,1469028,0.00E+00,MMBTU,,,23/07/2019,01/08/2019,31/10/2022,202208,01/08/2022,31/08/2022,,,Commodity Physical,COMM-PHYS,Natural Gas Equty deals,NG-PHYS-EQTY,GPTA-ENDUR_COMM-PHYS_NG-PHYS-EQTY,80929,1689,,,GPTA-ENDUR_27208,No Office Required,Ryan Sablatura,SitomerGabrielle,,PHYSICAL,,,NO,BUY,NA,25cd>1eom,25cd>1eom,NO,,,,,Redhawk Elm Grove EQ,GPTA-ENDUR_COMM-PHYS_NG-PHYS-EQTY_PHYSICAL,,GOM TX - BPEC,,SEGT,BP Energy Company,NYC,,PIPELINE,,,,,,,,,,,,,,,NO,,Yes,,,,,,,27208,,,,Discounting,TransactionGPTAEndur,2022-09-14T04:33:47.007+0000
14059526_1037_20220901_20220930_NATURAL-GAS,13/09/2022,17494021,GPTA-ENDUR,14059526,1037,,,ACTIVE,1469028,0.00E+00,MMBTU,,,23/07/2019,01/08/2019,31/10/2022,202209,01/09/2022,30/09/2022,,,Commodity Physical,COMM-PHYS,Natural Gas Equty deals,NG-PHYS-EQTY,GPTA-ENDUR_COMM-PHYS_NG-PHYS-EQTY,80929,1689,,,GPTA-ENDUR_27208,No Office Required,Ryan Sablatura,SitomerGabrielle,,PHYSICAL,,,NO,BUY,NA,25cd>1eom,25cd>1eom,NO,,,,,Redhawk Elm Grove EQ,GPTA-ENDUR_COMM-PHYS_NG-PHYS-EQTY_PHYSICAL,,GOM TX - BPEC,,SEGT,BP Energy Company,NYC,,PIPELINE,,,,,,,,,,,,,,,NO,,Yes,,,,,,,27208,,,,Discounting,TransactionGPTAEndur,2022-09-14T04:33:47.007+0000
14060133_1034_20220601_20220630_NATURAL-GAS,13/09/2022,17493956,GPTA-ENDUR,14060133,1034,,,ACTIVE,77500,0.00E+00,MMBTU,,,24/07/2019,01/08/2019,31/10/2022,202206,01/06/2022,30/06/2022,,,Commodity Physical,COMM-PHYS,Natural Gas Equty deals,NG-PHYS-EQTY,GPTA-ENDUR_COMM-PHYS_NG-PHYS-EQTY,80929,1689,,,GPTA-ENDUR_27208,No Office Required,Ryan Sablatura,SitomerGabrielle,,PHYSICAL,,,NO,BUY,NA,25cd>1eom,25cd>1eom,NO,,,,,Logansport EQ,GPTA-ENDUR_COMM-PHYS_NG-PHYS-EQTY_PHYSICAL,,MOB GSPL - BPEC,,SEGT,BP Energy Company,NYC,,PIPELINE,,,,,,,,,,,,,,,NO,,Yes,,,,,,,27208,,,,Discounting,TransactionGPTAEndur,2022-09-14T04:33:47.007+0000
14060133_1035_20220701_20220731_NATURAL-GAS,13/09/2022,17493956,GPTA-ENDUR,14060133,1035,,,ACTIVE,77500,0.00E+00,MMBTU,,,24/07/2019,01/08/2019,31/10/2022,202207,01/07/2022,31/07/2022,,,Commodity Physical,COMM-PHYS,Natural Gas Equty deals,NG-PHYS-EQTY,GPTA-ENDUR_COMM-PHYS_NG-PHYS-EQTY,80929,1689,,,GPTA-ENDUR_27208,No Office Required,Ryan Sablatura,SitomerGabrielle,,PHYSICAL,,,NO,BUY,NA,25cd>1eom,25cd>1eom,NO,,,,,Logansport EQ,GPTA-ENDUR_COMM-PHYS_NG-PHYS-EQTY_PHYSICAL,,MOB GSPL - BPEC,,SEGT,BP Energy Company,NYC,,PIPELINE,,,,,,,,,,,,,,,NO,,Yes,,,,,,,27208,,,,Discounting,TransactionGPTAEndur,2022-09-14T04:33:47.007+0000
14060133_1036_20220801_20220831_NATURAL-GAS,13/09/2022,17493956,GPTA-ENDUR,14060133,1036,,,ACTIVE,77500,0.00E+00,MMBTU,,,24/07/2019,01/08/2019,31/10/2022,202208,01/08/2022,31/08/2022,,,Commodity Physical,COMM-PHYS,Natural Gas Equty deals,NG-PHYS-EQTY,GPTA-ENDUR_COMM-PHYS_NG-PHYS-EQTY,80929,1689,,,GPTA-ENDUR_27208,No Office Required,Ryan Sablatura,SitomerGabrielle,,PHYSICAL,,,NO,BUY,NA,25cd>1eom,25cd>1eom,NO,,,,,Logansport EQ,GPTA-ENDUR_COMM-PHYS_NG-PHYS-EQTY_PHYSICAL,,MOB GSPL - BPEC,,SEGT,BP Energy Company,NYC,,PIPELINE,,,,,,,,,,,,,,,NO,,Yes,,,,,,,27208,,,,Discounting,TransactionGPTAEndur,2022-09-14T04:33:47.007+0000
14060133_1037_20220901_20220930_NATURAL-GAS,13/09/2022,17493956,GPTA-ENDUR,14060133,1037,,,ACTIVE,77500,0.00E+00,MMBTU,,,24/07/2019,01/08/2019,31/10/2022,202209,01/09/2022,30/09/2022,,,Commodity Physical,COMM-PHYS,Natural Gas Equty deals,NG-PHYS-EQTY,GPTA-ENDUR_COMM-PHYS_NG-PHYS-EQTY,80929,1689,,,GPTA-ENDUR_27208,No Office Required,Ryan Sablatura,SitomerGabrielle,,PHYSICAL,,,NO,BUY,NA,25cd>1eom,25cd>1eom,NO,,,,,Logansport EQ,GPTA-ENDUR_COMM-PHYS_NG-PHYS-EQTY_PHYSICAL,,MOB GSPL - BPEC,,SEGT,BP Energy Company,NYC,,PIPELINE,,,,,,,,,,,,,,,NO,,Yes,,,,,,,27208,,,,Discounting,TransactionGPTAEndur,2022-09-14T04:33:47.007+0000
14060140_1034_20220601_20220630_NATURAL-GAS,13/09/2022,17493952,GPTA-ENDUR,14060140,1034,,,ACTIVE,7750,0.00E+00,MMBTU,,,24/07/2019,01/08/2019,31/10/2022,202206,01/06/2022,30/06/2022,,,Commodity Physical,COMM-PHYS,Natural Gas Equty deals,NG-PHYS-EQTY,GPTA-ENDUR_COMM-PHYS_NG-PHYS-EQTY,80929,1689,,,GPTA-ENDUR_27208,No Office Required,Ryan Sablatura,SitomerGabrielle,,PHYSICAL,,,NO,BUY,NA,25cd>1eom,25cd>1eom,NO,,,,,Cottingham EQ,GPTA-ENDUR_COMM-PHYS_NG-PHYS-EQTY_PHYSICAL,,GOM TX - BPEC,,SEGT,BP Energy Company,NYC,,PIPELINE,,,,,,,,,,,,,,,NO,,Yes,,,,,,,27208,,,,Discounting,TransactionGPTAEndur,2022-09-14T04:33:47.007+0000
14060140_1035_20220701_20220731_NATURAL-GAS,13/09/2022,17493952,GPTA-ENDUR,14060140,1035,,,ACTIVE,7750,0.00E+00,MMBTU,,,24/07/2019,01/08/2019,31/10/2022,202207,01/07/2022,31/07/2022,,,Commodity Physical,COMM-PHYS,Natural Gas Equty deals,NG-PHYS-EQTY,GPTA-ENDUR_COMM-PHYS_NG-PHYS-EQTY,80929,1689,,,GPTA-ENDUR_27208,No Office Required,Ryan Sablatura,SitomerGabrielle,,PHYSICAL,,,NO,BUY,NA,25cd>1eom,25cd>1eom,NO,,,,,Cottingham EQ,GPTA-ENDUR_COMM-PHYS_NG-PHYS-EQTY_PHYSICAL,,GOM TX - BPEC,,SEGT,BP Energy Company,NYC,,PIPELINE,,,,,,,,,,,,,,,NO,,Yes,,,,,,,27208,,,,Discounting,TransactionGPTAEndur,2022-09-14T04:33:47.007+0000
14060140_1036_20220801_20220831_NATURAL-GAS,13/09/2022,17493952,GPTA-ENDUR,14060140,1036,,,ACTIVE,7750,0.00E+00,MMBTU,,,24/07/2019,01/08/2019,31/10/2022,202208,01/08/2022,31/08/2022,,,Commodity Physical,COMM-PHYS,Natural Gas Equty deals,NG-PHYS-EQTY,GPTA-ENDUR_COMM-PHYS_NG-PHYS-EQTY,80929,1689,,,GPTA-ENDUR_27208,No Office Required,Ryan Sablatura,SitomerGabrielle,,PHYSICAL,,,NO,BUY,NA,25cd>1eom,25cd>1eom,NO,,,,,Cottingham EQ,GPTA-ENDUR_COMM-PHYS_NG-PHYS-EQTY_PHYSICAL,,GOM TX - BPEC,,SEGT,BP Energy Company,NYC,,PIPELINE,,,,,,,,,,,,,,,NO,,Yes,,,,,,,27208,,,,Discounting,TransactionGPTAEndur,2022-09-14T04:33:47.007+0000
14060140_1037_20220901_20220930_NATURAL-GAS,13/09/2022,17493952,GPTA-ENDUR,14060140,1037,,,ACTIVE,7750,0.00E+00,MMBTU,,,24/07/2019,01/08/2019,31/10/2022,202209,01/09/2022,30/09/2022,,,Commodity Physical,COMM-PHYS,Natural Gas Equty deals,NG-PHYS-EQTY,GPTA-ENDUR_COMM-PHYS_NG-PHYS-EQTY,80929,1689,,,GPTA-ENDUR_27208,No Office Required,Ryan Sablatura,SitomerGabrielle,,PHYSICAL,,,NO,BUY,NA,25cd>1eom,25cd>1eom,NO,,,,,Cottingham EQ,GPTA-ENDUR_COMM-PHYS_NG-PHYS-EQTY_PHYSICAL,,GOM TX - BPEC,,SEGT,BP Energy Company,NYC,,PIPELINE,,,,,,,,,,,,,,,NO,,Yes,,,,,,,27208,,,,Discounting,TransactionGPTAEndur,2022-09-14T04:33:47.007+0000
14060154_1034_20220601_20220630_NATURAL-GAS,13/09/2022,17493953,GPTA-ENDUR,14060154,1034,,,ACTIVE,136400,0.00E+00,MMBTU,,,24/07/2019,01/08/2019,31/10/2022,202206,01/06/2022,30/06/2022,,,Commodity Physical,COMM-PHYS,Natural Gas Equty deals,NG-PHYS-EQTY,GPTA-ENDUR_COMM-PHYS_NG-PHYS-EQTY,80929,1689,,,GPTA-ENDUR_27208,No Office Required,Ryan Sablatura,SitomerGabrielle,,PHYSICAL,,,NO,BUY,NA,25cd>1eom,25cd>1eom,NO,,,,,Greenwood EQ,GPTA-ENDUR_COMM-PHYS_NG-PHYS-EQTY_PHYSICAL,,GOM TX - BPEC,,SEGT,BP Energy Company,NYC,,PIPELINE,,,,,,,,,,,,,,,NO,,Yes,,,,,,,27208,,,,Discounting,TransactionGPTAEndur,2022-09-14T04:33:47.007+0000
14060154_1035_20220701_20220731_NATURAL-GAS,13/09/2022,17493953,GPTA-ENDUR,14060154,1035,,,ACTIVE,136400,0.00E+00,MMBTU,,,24/07/2019,01/08/2019,31/10/2022,202207,01/07/2022,31/07/2022,,,Commodity Physical,COMM-PHYS,Natural Gas Equty deals,NG-PHYS-EQTY,GPTA-ENDUR_COMM-PHYS_NG-PHYS-EQTY,80929,1689,,,GPTA-ENDUR_27208,No Office Required,Ryan Sablatura,SitomerGabrielle,,PHYSICAL,,,NO,BUY,NA,25cd>1eom,25cd>1eom,NO,,,,,Greenwood EQ,GPTA-ENDUR_COMM-PHYS_NG-PHYS-EQTY_PHYSICAL,,GOM TX - BPEC,,SEGT,BP Energy Company,NYC,,PIPELINE,,,,,,,,,,,,,,,NO,,Yes,,,,,,,27208,,,,Discounting,TransactionGPTAEndur,2022-09-14T04:33:47.007+0000
14060154_1036_20220801_20220831_NATURAL-GAS,13/09/2022,17493953,GPTA-ENDUR,14060154,1036,,,ACTIVE,136400,0.00E+00,MMBTU,,,24/07/2019,01/08/2019,31/10/2022,202208,01/08/2022,31/08/2022,,,Commodity Physical,COMM-PHYS,Natural Gas Equty deals,NG-PHYS-EQTY,GPTA-ENDUR_COMM-PHYS_NG-PHYS-EQTY,80929,1689,,,GPTA-ENDUR_27208,No Office Required,Ryan Sablatura,SitomerGabrielle,,PHYSICAL,,,NO,BUY,NA,25cd>1eom,25cd>1eom,NO,,,,,Greenwood EQ,GPTA-ENDUR_COMM-PHYS_NG-PHYS-EQTY_PHYSICAL,,GOM TX - BPEC,,SEGT,BP Energy Company,NYC,,PIPELINE,,,,,,,,,,,,,,,NO,,Yes,,,,,,,27208,,,,Discounting,TransactionGPTAEndur,2022-09-14T04:33:47.007+0000
14060154_1037_20220901_20220930_NATURAL-GAS,13/09/2022,17493953,GPTA-ENDUR,14060154,1037,,,ACTIVE,136400,0.00E+00,MMBTU,,,24/07/2019,01/08/2019,31/10/2022,202209,01/09/2022,30/09/2022,,,Commodity Physical,COMM-PHYS,Natural Gas Equty deals,NG-PHYS-EQTY,GPTA-ENDUR_COMM-PHYS_NG-PHYS-EQTY,80929,1689,,,GPTA-ENDUR_27208,No Office Required,Ryan Sablatura,SitomerGabrielle,,PHYSICAL,,,NO,BUY,NA,25cd>1eom,25cd>1eom,NO,,,,,Greenwood EQ,GPTA-ENDUR_COMM-PHYS_NG-PHYS-EQTY_PHYSICAL,,GOM TX - BPEC,,SEGT,BP Energy Company,NYC,,PIPELINE,,,,,,,,,,,,,,,NO,,Yes,,,,,,,27208,,,,Discounting,TransactionGPTAEndur,2022-09-14T04:33:47.007+0000
14060175_1034_20220601_20220630_NATURAL-GAS,13/09/2022,16896121,GPTA-ENDUR,14060175,1034,,,ACTIVE,210800,0.00E+00,MMBTU,,,24/07/2019,01/08/2019,31/10/2022,202206,01/06/2022,30/06/2022,,,Commodity Physical,COMM-PHYS,Natural Gas Equty deals,NG-PHYS-EQTY,GPTA-ENDUR_COMM-PHYS_NG-PHYS-EQTY,80929,1689,,,GPTA-ENDUR_27208,No Office Required,Ryan Sablatura,SitomerGabrielle,,PHYSICAL,,,NO,BUY,NA,25cd>1eom,25cd>1eom,NO,,,,,SPRINGRIDGE EQ,GPTA-ENDUR_COMM-PHYS_NG-PHYS-EQTY_PHYSICAL,,GOM TX - BPEC,,SEGT,BP Energy Company,NYC,,PIPELINE,,,,,,,,,,,,,,,NO,,Yes,,,,,,,27208,,,,Discounting,TransactionGPTAEndur,2022-09-14T04:33:47.007+0000
14060175_1035_20220701_20220731_NATURAL-GAS,13/09/2022,16896121,GPTA-ENDUR,14060175,1035,,,ACTIVE,210800,0.00E+00,MMBTU,,,24/07/2019,01/08/2019,31/10/2022,202207,01/07/2022,31/07/2022,,,Commodity Physical,COMM-PHYS,Natural Gas Equty deals,NG-PHYS-EQTY,GPTA-ENDUR_COMM-PHYS_NG-PHYS-EQTY,80929,1689,,,GPTA-ENDUR_27208,No Office Required,Ryan Sablatura,SitomerGabrielle,,PHYSICAL,,,NO,BUY,NA,25cd>1eom,25cd>1eom,NO,,,,,SPRINGRIDGE EQ,GPTA-ENDUR_COMM-PHYS_NG-PHYS-EQTY_PHYSICAL,,GOM TX - BPEC,,SEGT,BP Energy Company,NYC,,PIPELINE,,,,,,,,,,,,,,,NO,,Yes,,,,,,,27208,,,,Discounting,TransactionGPTAEndur,2022-09-14T04:33:47.007+0000
14060175_1036_20220801_20220831_NATURAL-GAS,13/09/2022,16896121,GPTA-ENDUR,14060175,1036,,,ACTIVE,210800,0.00E+00,MMBTU,,,24/07/2019,01/08/2019,31/10/2022,202208,01/08/2022,31/08/2022,,,Commodity Physical,COMM-PHYS,Natural Gas Equty deals,NG-PHYS-EQTY,GPTA-ENDUR_COMM-PHYS_NG-PHYS-EQTY,80929,1689,,,GPTA-ENDUR_27208,No Office Required,Ryan Sablatura,SitomerGabrielle,,PHYSICAL,,,NO,BUY,NA,25cd>1eom,25cd>1eom,NO,,,,,SPRINGRIDGE EQ,GPTA-ENDUR_COMM-PHYS_NG-PHYS-EQTY_PHYSICAL,,GOM TX - BPEC,,SEGT,BP Energy Company,NYC,,PIPELINE,,,,,,,,,,,,,,,NO,,Yes,,,,,,,27208,,,,Discounting,TransactionGPTAEndur,2022-09-14T04:33:47.007+0000
A170008198_65_TI24R_3,13/09/2022,84,RPT-ODS,A170008198,65,TI24R,3,COMPLETE,2037837,84830,BBL,ACTUALISED,,14/08/2017,01/10/2017,30/11/2022,202208,01/08/2022,31/08/2022,,,PHYSICAL,PHYSICAL,STANDARD PHYSICAL DEAL,STANDARD PHYSICAL DEAL,RPT-ODS_PHYSICAL_STANDARD PHYSICAL DEAL,14161,1732,Unknown,1.01E+15,RPT-ODS_A170008198,SINGAPORE,Ruchir Chandak,dhi,,PHYSICAL,,,NO,BUY,,30-C-A-BL---P--,----,,FOB,OC,CHINA,FAHAL,,Unknown,Unknown_LGG,MY,8,MEDIUM SOUR,GCRUDE,NEW YORK,,,seve1m,BL,,,13/08/2022,13/08/2022,13/08/2022,,13/08/2022,13/08/2022,,,,,NO,,Y,,,,13/08/2022,,Unknown_LGG,1.01E+15,,,,,TransactionRPTODS,2022-09-14T12:47:37.158+0000
A170008198_65_TI24S_1,13/09/2022,84,RPT-ODS,A170008198,65,TI24S,1,COMPLETE,2037837,50000,BBL,ACTUALISED,,14/08/2017,01/10/2017,30/11/2022,202208,01/08/2022,31/08/2022,,,PHYSICAL,PHYSICAL,STANDARD PHYSICAL DEAL,STANDARD PHYSICAL DEAL,RPT-ODS_PHYSICAL_STANDARD PHYSICAL DEAL,14161,1732,Unknown,1.01E+15,RPT-ODS_A170008198,SINGAPORE,Ruchir Chandak,dhi,,PHYSICAL,,,NO,BUY,,30-C-A-BL---P--,----,,FOB,OC,CHINA,FAHAL,,Unknown,Unknown_LGG,MY,8,MEDIUM SOUR,GCRUDE,NEW YORK,,,seve1m,BL,,,10/08/2022,10/08/2022,10/08/2022,,10/08/2022,10/08/2022,,,,,NO,,Y,,,,10/08/2022,,Unknown_LGG,1.01E+15,,,,,TransactionRPTODS,2022-09-14T12:47:37.158+0000
A170008198_65_TM86M_2,13/09/2022,84,RPT-ODS,A170008198,65,TM86M,2,COMPLETE,2037837,500003,BBL,ACTUALISED,,14/08/2017,01/10/2017,30/11/2022,202208,01/08/2022,31/08/2022,,,PHYSICAL,PHYSICAL,STANDARD PHYSICAL DEAL,STANDARD PHYSICAL DEAL,RPT-ODS_PHYSICAL_STANDARD PHYSICAL DEAL,14161,1732,Unknown,1.01E+15,RPT-ODS_A170008198,SINGAPORE,Ruchir Chandak,dhi,,PHYSICAL,,,NO,BUY,,30-C-A-BL---P--,----,,FOB,OC,CHINA,FAHAL,,Unknown,Unknown_LGG,MY,8,MEDIUM SOUR,GCRUDE,NEW YORK,,,seve1m,BL,,,10/08/2022,10/08/2022,10/08/2022,,10/08/2022,10/08/2022,,,,,NO,,Y,,,,10/08/2022,,Unknown_LGG,1.01E+15,,,,,TransactionRPTODS,2022-09-14T12:47:37.158+0000
A170008198_66_TN97T_1,13/09/2022,86,RPT-ODS,A170008198,66,TN97T,1,COMPLETE,2037837,368004,BBL,ACTUALISED,,14/08/2017,01/10/2017,30/11/2022,202209,01/09/2022,30/09/2022,,,PHYSICAL,PHYSICAL,STANDARD PHYSICAL DEAL,STANDARD PHYSICAL DEAL,RPT-ODS_PHYSICAL_STANDARD PHYSICAL DEAL,14161,1732,Unknown,1.01E+15,RPT-ODS_A170008198,SINGAPORE,Ruchir Chandak,dhi,,PHYSICAL,,TERM,NO,BUY,,30-C-A-BL---P--,----,,FOB,OC,CHINA,FAHAL,,Unknown,Unknown_LGG,MY,8,MEDIUM SOUR,GCRUDE,NEW YORK,,,seve1m,BL,,,04/09/2022,04/09/2022,04/09/2022,,04/09/2022,04/09/2022,,,,,NO,WATER,Y,,,,04/09/2022,,Unknown_LGG,1.01E+15,,,,,TransactionRPTODS,2022-09-14T12:47:37.158+0000
A170008198_66_TN97V_3,13/09/2022,84,RPT-ODS,A170008198,66,TN97V,3,COMPLETE,2037837,150000,BBL,PLANNED,,14/08/2017,01/10/2017,30/11/2022,202209,01/09/2022,30/09/2022,,,PHYSICAL,PHYSICAL,STANDARD PHYSICAL DEAL,STANDARD PHYSICAL DEAL,RPT-ODS_PHYSICAL_STANDARD PHYSICAL DEAL,14161,1732,Unknown,1.01E+15,RPT-ODS_A170008198,SINGAPORE,Ruchir Chandak,dhi,,PHYSICAL,,,NO,BUY,,30-C-A-BL---P--,----,,FOB,OC,,FAHAL,,Unknown,Unknown_LGG,MY,8,MEDIUM SOUR,GCRUDE,NEW YORK,,,seve1m,BL,,,11/09/2022,11/09/2022,11/09/2022,,11/09/2022,11/09/2022,,,,,NO,,Y,,,,11/09/2022,,Unknown_LGG,1.01E+15,,,,,TransactionRPTODS,2022-09-14T12:47:37.158+0000
A170008198_66_TT16K_2,13/09/2022,84,RPT-ODS,A170008198,66,TT16K,2,COMPLETE,2037837,99000,BBL,PLANNED,,14/08/2017,01/10/2017,30/11/2022,202209,01/09/2022,30/09/2022,,,PHYSICAL,PHYSICAL,STANDARD PHYSICAL DEAL,STANDARD PHYSICAL DEAL,RPT-ODS_PHYSICAL_STANDARD PHYSICAL DEAL,14161,1732,Unknown,1.01E+15,RPT-ODS_A170008198,SINGAPORE,Ruchir Chandak,dhi,,PHYSICAL,,,NO,BUY,,30-C-A-BL---P--,----,,FOB,OC,,FAHAL,,Unknown,Unknown_LGG,MY,8,MEDIUM SOUR,GCRUDE,NEW YORK,,,seve1m,BL,,,17/09/2022,17/09/2022,17/09/2022,,17/09/2022,17/09/2022,,,,,NO,,Y,,,,17/09/2022,,Unknown_LGG,1.01E+15,,,,,TransactionRPTODS,2022-09-14T12:47:37.158+0000
A170008198_67_TT57T_1,13/09/2022,84,RPT-ODS,A170008198,67,TT57T,1,COMPLETE,2037837,637000,BBL,PLANNED,,14/08/2017,01/10/2017,30/11/2022,202210,01/10/2022,31/10/2022,,,PHYSICAL,PHYSICAL,STANDARD PHYSICAL DEAL,STANDARD PHYSICAL DEAL,RPT-ODS_PHYSICAL_STANDARD PHYSICAL DEAL,14161,1732,Unknown,1.01E+15,RPT-ODS_A170008198,SINGAPORE,Ruchir Chandak,dhi,,PHYSICAL,,,NO,BUY,,30-C-A-BL---P--,----,,FOB,OC,,FAHAL,,Unknown,Unknown_LGG,MY,8,MEDIUM SOUR,GCRUDE,NEW YORK,,,seve1m,BL,,,15/10/2022,15/10/2022,15/10/2022,,15/10/2022,15/10/2022,,,,,NO,,Y,,,,15/10/2022,,Unknown_LGG,1.01E+15,,,,,TransactionRPTODS,2022-09-14T12:47:37.158+0000
A170008198_68_TY85K_1,13/09/2022,86,RPT-ODS,A170008198,68,TY85K,1,COMPLETE,2037837,149000,BBL,PLANNED,,14/08/2017,01/10/2017,30/11/2022,202211,01/11/2022,30/11/2022,,,PHYSICAL,PHYSICAL,STANDARD PHYSICAL DEAL,STANDARD PHYSICAL DEAL,RPT-ODS_PHYSICAL_STANDARD PHYSICAL DEAL,14161,1732,Unknown,1.01E+15,RPT-ODS_A170008198,SINGAPORE,Ruchir Chandak,dhi,,PHYSICAL,,TERM,NO,BUY,,30-C-A-BL---P--,----,,FOB,OC,,FAHAL,,Unknown,Unknown_LGG,MY,8,MEDIUM SOUR,GCRUDE,NEW YORK,,,seve1m,BL,,,15/11/2022,15/11/2022,15/11/2022,,15/11/2022,15/11/2022,,,,,NO,,Y,,,,15/11/2022,,Unknown_LGG,1.01E+15,,,,,TransactionRPTODS,2022-09-14T12:47:37.158+0000
A190003698_26_0,13/09/2022,68,RPT-ODS,A190003698,26,,0,COMPLETE,323897.453,65000,MT,,,08/04/2019,01/06/2019,30/04/2023,202304,01/04/2023,30/04/2023,,,PHYSICAL,PHYSICAL,STANDARD PHYSICAL DEAL,STANDARD PHYSICAL DEAL,RPT-ODS_PHYSICAL_STANDARD PHYSICAL DEAL,79442,1732,Unknown,1.01E+15,RPT-ODS_A190003698,SINGAPORE,Brian Taylor,Flamingo,,PHYSICAL,,,YES,BUY,,29-C-F-BL---P--,----,,,OC,,,,Unknown,Unknown_LGG,SL,3407,EH DIST,GOFO,NEW YORK,,,,BL,,,,,,,,,,,,,NO,,Y,,,,,,Unknown_LGG,1.01E+15,,,,,TransactionRPTODS,2022-09-14T12:47:37.158+0000
A190011959_37_0,13/09/2022,64,RPT-ODS,A190011959,37,,0,COMPLETE,2000,2000,MT,,,15/10/2019,15/11/2019,29/09/2022,202208,29/08/2022,29/09/2022,,,PHYSICAL,PHYSICAL,STANDARD PHYSICAL DEAL,STANDARD PHYSICAL DEAL,RPT-ODS_PHYSICAL_STANDARD PHYSICAL DEAL,79928,1732,Unknown,1.01E+15,RPT-ODS_A190011959,SINGAPORE,Ross Turvey,vinesh,,PHYSICAL,,TERM,NO,BUY,,5-C-A-BL---S--,----,,,OC,,,,Unknown,Unknown_LGG,K8,8881,EH DIST,GOFO,NEW YORK,,,,BL,,,,,,,,,,,,,NO,,Y,,,,,,Unknown_LGG,1.01E+15,,,,,TransactionRPTODS,2022-09-14T12:47:37.158+0000
A190014971_25_TY14H_1,13/09/2022,54,RPT-ODS,A190014971,25,TY14H,1,COMPLETE,3000,3000,MT,PLANNED,,13/12/2019,15/04/2020,15/10/2022,202209,16/09/2022,15/10/2022,,,PHYSICAL,PHYSICAL,STANDARD PHYSICAL DEAL,STANDARD PHYSICAL DEAL,RPT-ODS_PHYSICAL_STANDARD PHYSICAL DEAL,69395,1732,Unknown,1.01E+15,RPT-ODS_A190014971,SINGAPORE,Dave Alden,unknown,,PHYSICAL,,SPOT,NO,BUY,,#NAME?,----,,FOB,PREPAY,ROTTERDAM,JINGTANG GAN,,Unknown,Unknown_LGG,K8,8888,EH DIST,GOFO,NEW YORK,,,chw3vi,,16/09/2022,15/10/2022,15/10/2022,15/10/2022,15/10/2022,,15/10/2022,15/10/2022,,,,,NO,,Y,,,,15/10/2022,,Unknown_LGG,1.01E+15,,,,,TransactionRPTODS,2022-09-14T12:47:37.158+0000
A200014562_20_TI24R_1,13/09/2022,18,RPT-ODS,A200014562,20,TI24R,1,COMPLETE,1439271,364271,BBL,ACTUALISED,,01/12/2020,01/01/2021,30/11/2022,202208,01/08/2022,31/08/2022,,,PHYSICAL,PHYSICAL,STANDARD PHYSICAL DEAL,STANDARD PHYSICAL DEAL,RPT-ODS_PHYSICAL_STANDARD PHYSICAL DEAL,12843,1732,Unknown,1.01E+15,RPT-ODS_A200014562,SINGAPORE,Ruchir Chandak,Ali,,PHYSICAL,,,NO,BUY,,30-C-A-BL---P--,----,,FOB,LC,CHINA,FAHAL,,Unknown,Unknown_LGG,MY,8,MEDIUM SOUR,GCRUDE,NEW YORK,,,seve1m,BL,,,13/08/2022,13/08/2022,13/08/2022,,13/08/2022,13/08/2022,,,,,NO,,Y,,,,13/08/2022,,Unknown_LGG,1.01E+15,,,,,TransactionRPTODS,2022-09-14T12:47:37.158+0000
A200014562_21_TN97V_1,13/09/2022,18,RPT-ODS,A200014562,21,TN97V,1,COMPLETE,1439271,350000,BBL,PLANNED,,01/12/2020,01/01/2021,30/11/2022,202209,01/09/2022,30/09/2022,,,PHYSICAL,PHYSICAL,STANDARD PHYSICAL DEAL,STANDARD PHYSICAL DEAL,RPT-ODS_PHYSICAL_STANDARD PHYSICAL DEAL,12843,1732,Unknown,1.01E+15,RPT-ODS_A200014562,SINGAPORE,Ruchir Chandak,Ali,,PHYSICAL,,,NO,BUY,,30-C-A-BL---P--,----,,FOB,LC,,FAHAL,,Unknown,Unknown_LGG,MY,8,MEDIUM SOUR,GCRUDE,NEW YORK,,,seve1m,BL,,,11/09/2022,11/09/2022,11/09/2022,,11/09/2022,11/09/2022,,,,,NO,,Y,,,,11/09/2022,,Unknown_LGG,1.01E+15,,,,,TransactionRPTODS,2022-09-14T12:47:37.158+0000
A200014562_22_TT57S_1,13/09/2022,18,RPT-ODS,A200014562,22,TT57S,1,COMPLETE,1439271,365000,BBL,PLANNED,,01/12/2020,01/01/2021,30/11/2022,202210,01/10/2022,31/10/2022,,,PHYSICAL,PHYSICAL,STANDARD PHYSICAL DEAL,STANDARD PHYSICAL DEAL,RPT-ODS_PHYSICAL_STANDARD PHYSICAL DEAL,12843,1732,Unknown,1.01E+15,RPT-ODS_A200014562,SINGAPORE,Ruchir Chandak,Ali,,PHYSICAL,,,NO,BUY,,30-C-A-BL---P--,----,,FOB,LC,,FAHAL,,Unknown,Unknown_LGG,MY,8,MEDIUM SOUR,GCRUDE,NEW YORK,,,seve1m,BL,,,15/10/2022,15/10/2022,15/10/2022,,15/10/2022,15/10/2022,,,,,NO,,Y,,,,15/10/2022,,Unknown_LGG,1.01E+15,,,,,TransactionRPTODS,2022-09-14T12:47:37.158+0000
A200014562_23_TY85J_1,13/09/2022,19,RPT-ODS,A200014562,23,TY85J,1,COMPLETE,1439271,360000,BBL,PLANNED,,01/12/2020,01/01/2021,30/11/2022,202211,01/11/2022,30/11/2022,,,PHYSICAL,PHYSICAL,STANDARD PHYSICAL DEAL,STANDARD PHYSICAL DEAL,RPT-ODS_PHYSICAL_STANDARD PHYSICAL DEAL,12843,1732,Unknown,1.01E+15,RPT-ODS_A200014562,SINGAPORE,Ruchir Chandak,Ali,,PHYSICAL,,TERM,NO,BUY,,30-C-A-BL---P--,----,,FOB,LC,,FAHAL,,Unknown,Unknown_LGG,MY,8,MEDIUM SOUR,GCRUDE,NEW YORK,,,seve1m,BL,,,15/11/2022,15/11/2022,15/11/2022,,15/11/2022,15/11/2022,,,,,NO,,Y,,,,15/11/2022,,Unknown_LGG,1.01E+15,,,,,TransactionRPTODS,2022-09-14T12:47:37.158+0000
A210003300_2_TR53W_5,13/09/2022,14,RPT-ODS,A210003300,2,TR53W,5,COMPLETE,870,870,MT,PLANNED,,18/03/2021,01/01/2022,31/01/2022,202201,01/01/2022,31/01/2022,,,PHYSICAL,PHYSICAL,STANDARD PHYSICAL DEAL,STANDARD PHYSICAL DEAL,RPT-ODS_PHYSICAL_STANDARD PHYSICAL DEAL,74967,1732,Unknown,1.01E+15,RPT-ODS_A210003300,SINGAPORE,Ross Turvey,Cecilia Chan,,PHYSICAL,,SPOT,NO,BUY,,10-C-A-BL---S--,----,,FOB,OC,,ZHANGJIAGANG,,Unknown,Unknown_LGG,BU,20,EH DIST,GOFO,NEW YORK,,,chw3vi,BL,01/01/2022,31/01/2022,30/09/2022,30/09/2022,30/09/2022,,30/09/2022,30/09/2022,,,,,NO,,Y,,,,30/09/2022,,Unknown_LGG,1.01E+15,,,,,TransactionRPTODS,2022-09-14T12:47:37.158+0000
A210003878_2_SU25J_7,13/09/2022,18,RPT-ODS,A210003878,2,SU25J,7,COMPLETE,5000,5000,MT,PLANNED,,30/03/2021,01/08/2022,31/08/2022,202208,01/08/2022,31/08/2022,,,PHYSICAL,PHYSICAL,STANDARD PHYSICAL DEAL,STANDARD PHYSICAL DEAL,RPT-ODS_PHYSICAL_STANDARD PHYSICAL DEAL,74967,1732,Unknown,1.01E+15,RPT-ODS_A210003878,SINGAPORE,Ross Turvey,Chan Cecilia S.S.,,PHYSICAL,,SPOT,NO,BUY,,10-C-A-BL---S--,----,,FOB,OC,,ZHANGJIAGANG,,Unknown,Unknown_LGG,BU,20,EH DIST,GOFO,NEW YORK,,,chw3vi,BL,01/08/2022,31/08/2022,30/09/2022,30/09/2022,30/09/2022,,30/09/2022,30/09/2022,,,,,NO,,Y,,,,30/09/2022,,Unknown_LGG,1.01E+15,,,,,TransactionRPTODS,2022-09-14T12:47:37.158+0000
A210011123_11_TY45X_3,13/09/2022,9,RPT-ODS,A210011123,11,TY45X,3,COMPLETE,-44000,-22000,MT,PLANNED,,30/07/2021,01/01/2022,31/10/2022,202210,01/10/2022,31/10/2022,,,PHYSICAL,PHYSICAL,STANDARD PHYSICAL DEAL,STANDARD PHYSICAL DEAL,RPT-ODS_PHYSICAL_STANDARD PHYSICAL DEAL,1025,1732,Unknown,1.01E+15,RPT-ODS_A210011123,SINGAPORE,Yoong Khong Lim,Ravi Mehrotra,,PHYSICAL,,SPOT,NO,SELL,,30-C-A-BL---S--,----,,FOB,OC,INDIA,RUWAIS,,Unknown,Unknown_LGG,EV,1,EH LPG,GLPG,NEW YORK,,,husa2v,BL,01/10/2022,31/10/2022,06/10/2022,06/10/2022,06/10/2022,,06/10/2022,06/10/2022,,,,,NO,,Y,,,,06/10/2022,,Unknown_LGG,1.01E+15,,,,,TransactionRPTODS,2022-09-14T12:47:37.158+0000
A210050412_10_0,13/09/2022,2,RPT-ODS,A210050412,10,,0,COMPLETE,-862140.693,-155925,MT,,,20/10/2021,01/01/2022,31/12/2022,202210,01/10/2022,31/10/2022,,,PHYSICAL,PHYSICAL,STANDARD PHYSICAL DEAL,STANDARD PHYSICAL DEAL,RPT-ODS_PHYSICAL_STANDARD PHYSICAL DEAL,1370,1732,Unknown,1.01E+15,RPT-ODS_A210050412,SINGAPORE,Jeff D'Souza,Jassim Al Sarray,,PHYSICAL,,,NO,SELL,,25-C-A-TTD---S--,----,,,LC,,,,Unknown,Unknown_LGG,EZ,1,EH GAS,GGAS,NEW YORK,,,,TTD,,,,,,,,,,,,,NO,,Y,,,,,,Unknown_LGG,1.01E+15,,,,,TransactionRPTODS,2022-09-14T12:47:37.158+0000
A210050412_11_0,13/09/2022,2,RPT-ODS,A210050412,11,,0,COMPLETE,-862140.693,-155925,MT,,,20/10/2021,01/01/2022,31/12/2022,202211,01/11/2022,30/11/2022,,,PHYSICAL,PHYSICAL,STANDARD PHYSICAL DEAL,STANDARD PHYSICAL DEAL,RPT-ODS_PHYSICAL_STANDARD PHYSICAL DEAL,1370,1732,Unknown,1.01E+15,RPT-ODS_A210050412,SINGAPORE,Jeff D'Souza,Jassim Al Sarray,,PHYSICAL,,,NO,SELL,,25-C-A-TTD---S--,----,,,LC,,,,Unknown,Unknown_LGG,EZ,1,EH GAS,GGAS,NEW YORK,,,,TTD,,,,,,,,,,,,,NO,,Y,,,,,,Unknown_LGG,1.01E+15,,,,,TransactionRPTODS,2022-09-14T12:47:37.158+0000
A210050412_12_0,13/09/2022,2,RPT-ODS,A210050412,12,,0,COMPLETE,-862140.693,-155925,MT,,,20/10/2021,01/01/2022,31/12/2022,202212,01/12/2022,31/12/2022,,,PHYSICAL,PHYSICAL,STANDARD PHYSICAL DEAL,STANDARD PHYSICAL DEAL,RPT-ODS_PHYSICAL_STANDARD PHYSICAL DEAL,1370,1732,Unknown,1.01E+15,RPT-ODS_A210050412,SINGAPORE,Jeff D'Souza,Jassim Al Sarray,,PHYSICAL,,,NO,SELL,,25-C-A-TTD---S--,----,,,LC,,,,Unknown,Unknown_LGG,EZ,1,EH GAS,GGAS,NEW YORK,,,,TTD,,,,,,,,,,,,,NO,,Y,,,,,,Unknown_LGG,1.01E+15,,,,,TransactionRPTODS,2022-09-14T12:47:37.158+0000
A210050412_7_TL20W_1,13/09/2022,3,RPT-ODS,A210050412,7,TL20W,1,COMPLETE,-862140.693,-33694.011,MT,ACTUALISED,,20/10/2021,01/01/2022,31/12/2022,202207,01/07/2022,31/07/2022,,,PHYSICAL,PHYSICAL,STANDARD PHYSICAL DEAL,STANDARD PHYSICAL DEAL,RPT-ODS_PHYSICAL_STANDARD PHYSICAL DEAL,1370,1732,Unknown,1.01E+15,RPT-ODS_A210050412,SINGAPORE,Jeff D'Souza,Jassim Al Sarray,,PHYSICAL,,TERM,NO,SELL,,25-C-A-TTD---S--,----,,CIFD,LC,KHOR AL ZUBA,QINGDAO,,Unknown,Unknown_LGG,EZ,1,EH GAS,GGAS,NEW YORK,,,fljqjl,TTD,,,20/08/2022,19/06/2022,20/08/2022,,20/08/2022,20/08/2022,,,,,NO,WATER,Y,,,,20/08/2022,,Unknown_LGG,1.01E+15,,,,,TransactionRPTODS,2022-09-14T12:47:37.158+0000
A210050412_7_TL20W_2,13/09/2022,3,RPT-ODS,A210050412,7,TL20W,2,COMPLETE,-862140.693,-5171.213,MT,ACTUALISED,,20/10/2021,01/01/2022,31/12/2022,202207,01/07/2022,31/07/2022,,,PHYSICAL,PHYSICAL,STANDARD PHYSICAL DEAL,STANDARD PHYSICAL DEAL,RPT-ODS_PHYSICAL_STANDARD PHYSICAL DEAL,1370,1732,Unknown,1.01E+15,RPT-ODS_A210050412,SINGAPORE,Jeff D'Souza,Jassim Al Sarray,,PHYSICAL,,TERM,NO,SELL,,25-C-A-TTD---S--,----,,CIFD,LC,KHOR AL ZUBA,LANGSAT,,Unknown,Unknown_LGG,EZ,1,EH GAS,GGAS,NEW YORK,,,fljqjl,TTD,,,20/08/2022,05/07/2022,20/08/2022,,20/08/2022,20/08/2022,,,,,NO,WATER,Y,,,,20/08/2022,,Unknown_LGG,1.01E+15,,,,,TransactionRPTODS,2022-09-14T12:47:37.158+0000
A210050412_7_TL21A_1,13/09/2022,3,RPT-ODS,A210050412,7,TL21A,1,COMPLETE,-862140.693,-37269.166,MT,ACTUALISED,,20/10/2021,01/01/2022,31/12/2022,202207,01/07/2022,31/07/2022,,,PHYSICAL,PHYSICAL,STANDARD PHYSICAL DEAL,STANDARD PHYSICAL DEAL,RPT-ODS_PHYSICAL_STANDARD PHYSICAL DEAL,1370,1732,Unknown,1.01E+15,RPT-ODS_A210050412,SINGAPORE,Jeff D'Souza,Jassim Al Sarray,,PHYSICAL,,TERM,NO,SELL,,25-C-A-TTD---S--,----,,CIFD,LC,KHOR AL ZUBA,JEBEL ALI,,Unknown,Unknown_LGG,EZ,1,EH GAS,GGAS,NEW YORK,,,fljqjl,TTD,,,23/08/2022,24/07/2022,23/08/2022,,23/08/2022,23/08/2022,,,,,NO,WATER,Y,,,,23/08/2022,,Unknown_LGG,1.01E+15,,,,,TransactionRPTODS,2022-09-14T12:47:37.158+0000
A210050412_8_0,13/09/2022,3,RPT-ODS,A210050412,8,,0,COMPLETE,-862140.693,0.00E+00,MT,,,20/10/2021,01/01/2022,31/12/2022,202208,01/08/2022,31/08/2022,,,PHYSICAL,PHYSICAL,STANDARD PHYSICAL DEAL,STANDARD PHYSICAL DEAL,RPT-ODS_PHYSICAL_STANDARD PHYSICAL DEAL,1370,1732,Unknown,1.01E+15,RPT-ODS_A210050412,SINGAPORE,Jeff D'Souza,Jassim Al Sarray,,PHYSICAL,,TERM,NO,SELL,,25-C-A-TTD---S--,----,,,LC,,,,Unknown,Unknown_LGG,EZ,1,EH GAS,GGAS,NEW YORK,,,,TTD,,,,,,,,,,,,,NO,,Y,,,,,,Unknown_LGG,1.01E+15,,,,,TransactionRPTODS,2022-09-14T12:47:37.158+0000
A210050412_8_TQ28F_1,13/09/2022,3,RPT-ODS,A210050412,8,TQ28F,1,COMPLETE,-862140.693,-36624.873,MT,PLANNED,,20/10/2021,01/01/2022,31/12/2022,202208,01/08/2022,31/08/2022,,,PHYSICAL,PHYSICAL,STANDARD PHYSICAL DEAL,STANDARD PHYSICAL DEAL,RPT-ODS_PHYSICAL_STANDARD PHYSICAL DEAL,1370,1732,Unknown,1.01E+15,RPT-ODS_A210050412,SINGAPORE,Jeff D'Souza,Jassim Al Sarray,,PHYSICAL,,TERM,NO,SELL,,25-C-A-TTD---S--,----,,CIFD,LC,KHOR AL ZUBA,NEWMANGALORE,,Unknown,Unknown_LGG,EZ,1,EH GAS,GGAS,NEW YORK,,,fljqjl,TTD,,,30/09/2022,24/07/2022,30/09/2022,,30/09/2022,30/09/2022,,,,,NO,,Y,,,,30/09/2022,,Unknown_LGG,1.01E+15,,,,,TransactionRPTODS,2022-09-14T12:47:37.158+0000
A210050412_8_TQ28F_3,13/09/2022,3,RPT-ODS,A210050412,8,TQ28F,3,COMPLETE,-862140.693,-4728.663,MT,PLANNED,,20/10/2021,01/01/2022,31/12/2022,202208,01/08/2022,31/08/2022,,,PHYSICAL,PHYSICAL,STANDARD PHYSICAL DEAL,STANDARD PHYSICAL DEAL,RPT-ODS_PHYSICAL_STANDARD PHYSICAL DEAL,1370,1732,Unknown,1.01E+15,RPT-ODS_A210050412,SINGAPORE,Jeff D'Souza,Jassim Al Sarray,,PHYSICAL,,TERM,NO,SELL,,25-C-A-TTD---S--,----,,CIFD,LC,KHOR AL ZUBA,JEBEL ALI,,Unknown,Unknown_LGG,EZ,1,EH GAS,GGAS,NEW YORK,,,fljqjl,TTD,,,30/09/2022,17/08/2022,30/09/2022,,30/09/2022,30/09/2022,,,,,NO,,Y,,,,30/09/2022,,Unknown_LGG,1.01E+15,,,,,TransactionRPTODS,2022-09-14T12:47:37.158+0000
A210050412_8_TT59M_2,13/09/2022,3,RPT-ODS,A210050412,8,TT59M,2,COMPLETE,-862140.693,-30065.509,MT,ACTUALISED,,20/10/2021,01/01/2022,31/12/2022,202208,01/08/2022,31/08/2022,,,PHYSICAL,PHYSICAL,STANDARD PHYSICAL DEAL,STANDARD PHYSICAL DEAL,RPT-ODS_PHYSICAL_STANDARD PHYSICAL DEAL,1370,1732,Unknown,1.01E+15,RPT-ODS_A210050412,SINGAPORE,Jeff D'Souza,Jassim Al Sarray,,PHYSICAL,,TERM,NO,SELL,,25-C-A-TTD---S--,----,,CIFD,LC,KHOR AL ZUBA,MAILIAO,,Unknown,Unknown_LGG,EZ,1,EH GAS,GGAS,NEW YORK,,,fljqjl,TTD,,,13/09/2022,31/07/2022,13/09/2022,,13/09/2022,13/09/2022,,,,,NO,WATER,Y,,,,13/09/2022,,Unknown_LGG,1.01E+15,,,,,TransactionRPTODS,2022-09-14T12:47:37.158+0000
A210050412_8_TT59M_3,13/09/2022,3,RPT-ODS,A210050412,8,TT59M,3,COMPLETE,-862140.693,-11829.932,MT,ACTUALISED,,20/10/2021,01/01/2022,31/12/2022,202208,01/08/2022,31/08/2022,,,PHYSICAL,PHYSICAL,STANDARD PHYSICAL DEAL,STANDARD PHYSICAL DEAL,RPT-ODS_PHYSICAL_STANDARD PHYSICAL DEAL,1370,1732,Unknown,1.01E+15,RPT-ODS_A210050412,SINGAPORE,Jeff D'Souza,Jassim Al Sarray,,PHYSICAL,,TERM,NO,SELL,,25-C-A-TTD---S--,----,,CIFD,LC,KHOR AL ZUBA,LANGSAT,,Unknown,Unknown_LGG,EZ,1,EH GAS,GGAS,NEW YORK,,,fljqjl,TTD,,,13/09/2022,20/08/2022,13/09/2022,,13/09/2022,13/09/2022,,,,,NO,WATER,Y,,,,13/09/2022,,Unknown_LGG,1.01E+15,,,,,TransactionRPTODS,2022-09-14T12:47:37.158+0000
A210050412_8_TV79V_2,13/09/2022,3,RPT-ODS,A210050412,8,TV79V,2,COMPLETE,-862140.693,-36625.241,MT,PLANNED,,20/10/2021,01/01/2022,31/12/2022,202208,01/08/2022,31/08/2022,,,PHYSICAL,PHYSICAL,STANDARD PHYSICAL DEAL,STANDARD PHYSICAL DEAL,RPT-ODS_PHYSICAL_STANDARD PHYSICAL DEAL,1370,1732,Unknown,1.01E+15,RPT-ODS_A210050412,SINGAPORE,Jeff D'Souza,Jassim Al Sarray,,PHYSICAL,,TERM,NO,SELL,,25-C-A-TTD---S--,----,,CIFD,LC,KHOR AL ZUBA,NEWMANGALORE,,Unknown,Unknown_LGG,EZ,1,EH GAS,GGAS,NEW YORK,,,fljqjl,TTD,,,21/09/2022,22/08/2022,21/09/2022,,21/09/2022,21/09/2022,,,,,NO,,Y,,,,21/09/2022,,Unknown_LGG,1.01E+15,,,,,TransactionRPTODS,2022-09-14T12:47:37.158+0000
A210050412_8_TV79V_4,13/09/2022,3,RPT-ODS,A210050412,8,TV79V,4,COMPLETE,-862140.693,-3432.085,MT,PLANNED,,20/10/2021,01/01/2022,31/12/2022,202208,01/08/2022,31/08/2022,,,PHYSICAL,PHYSICAL,STANDARD PHYSICAL DEAL,STANDARD PHYSICAL DEAL,RPT-ODS_PHYSICAL_STANDARD PHYSICAL DEAL,1370,1732,Unknown,1.01E+15,RPT-ODS_A210050412,SINGAPORE,Jeff D'Souza,Jassim Al Sarray,,PHYSICAL,,TERM,NO,SELL,,25-C-A-TTD---S--,----,,CIFD,LC,KHOR AL ZUBA,JEBEL ALI,,Unknown,Unknown_LGG,EZ,1,EH GAS,GGAS,NEW YORK,,,fljqjl,TTD,,,21/09/2022,01/09/2022,21/09/2022,,21/09/2022,21/09/2022,,,,,NO,,Y,,,,21/09/2022,,Unknown_LGG,1.01E+15,,,,,TransactionRPTODS,2022-09-14T12:47:37.158+0000
A210050412_8_TW59Q_2,13/09/2022,3,RPT-ODS,A210050412,8,TW59Q,2,COMPLETE,-862140.693,-39000,MT,PLANNED,,20/10/2021,01/01/2022,31/12/2022,202208,01/08/2022,31/08/2022,,,PHYSICAL,PHYSICAL,STANDARD PHYSICAL DEAL,STANDARD PHYSICAL DEAL,RPT-ODS_PHYSICAL_STANDARD PHYSICAL DEAL,1370,1732,Unknown,1.01E+15,RPT-ODS_A210050412,SINGAPORE,Jeff D'Souza,Jassim Al Sarray,,PHYSICAL,,TERM,NO,SELL,,25-C-A-TTD---S--,----,,CIFD,LC,KHOR AL ZUBA,,,Unknown,Unknown_LGG,EZ,1,EH GAS,GGAS,NEW YORK,,,fljqjl,TTD,,,25/09/2022,14/09/2022,25/09/2022,,25/09/2022,25/09/2022,,,,,NO,,Y,,,,25/09/2022,,Unknown_LGG,1.01E+15,,,,,TransactionRPTODS,2022-09-14T12:47:37.158+0000
