date_term_cd,date_term_desc,calendar_or_business_day_cd,day_in_month_num,end_of_month_flag,month_offset_num,create_dtm,last_updt_dtm,status_cd,create_user_id,update_user_id,delete_flag
83,18TH WORKING DAY OF CURRENT MONTH + 1,null,18,N,1,2010-02-06T14:10:41.000+0000,2010-02-06T14:10:41.000+0000,1,ODS,ODS,N
84,19TH WORKING DAY OF CURRENT MONTH + 1,null,19,N,1,2010-02-06T14:10:41.000+0000,2010-02-06T14:10:41.000+0000,1,ODS,ODS,N
85,20TH WORKING DAY OF CURRENT MONTH + 1,BUSINESS,20,N,1,2010-02-06T14:10:41.000+0000,2010-02-06T14:10:41.000+0000,1,ODS,ODS,N
86,1ST WORKING DAY OF CURRENT MONTH + 2,BUSINESS,1,N,2,2010-02-06T14:10:41.000+0000,2010-02-06T14:10:41.000+0000,1,ODS,ODS,N
87,2ND WORKING DAY OF CURRENT MONTH + 2,BUSINESS,2,N,2,2010-02-06T14:10:41.000+0000,2010-02-06T14:10:41.000+0000,1,ODS,ODS,N
88,3RD WORKING DAY OF CURRENT MONTH + 2,BUSINESS,3,N,2,2010-02-06T14:10:41.000+0000,2010-02-06T14:10:41.000+0000,1,ODS,ODS,N
89,4TH WORKING DAY OF CURRENT MONTH + 2,BUSINESS,4,N,2,2010-02-06T14:10:41.000+0000,2010-02-06T14:10:41.000+0000,1,ODS,ODS,N
90,5TH WORKING DAY OF CURRENT MONTH + 2,null,5,N,2,2010-02-06T14:10:41.000+0000,2010-02-06T14:10:41.000+0000,1,ODS,ODS,N
91,6TH WORKING DAY OF CURRENT MONTH + 2,BUSINESS,6,N,2,2010-02-06T14:10:41.000+0000,2010-02-06T14:10:41.000+0000,1,ODS,ODS,N
92,7TH WORKING DAY OF CURRENT MONTH + 2,BUSINESS,7,N,2,2010-02-06T14:10:41.000+0000,2010-02-06T14:10:41.000+0000,1,ODS,ODS,N
93,8TH WORKING DAY OF CURRENT MONTH + 2,BUSINESS,8,N,2,2010-02-06T14:10:41.000+0000,2010-02-06T14:10:41.000+0000,1,ODS,ODS,N
94,9TH WORKING DAY OF CURRENT MONTH + 2,BUSINESS,9,N,2,2010-02-06T14:10:41.000+0000,2010-02-06T14:10:41.000+0000,1,ODS,ODS,N
95,10TH WORKING DAY OF CURRENT MONTH + 2,null,10,N,2,2010-02-06T14:10:41.000+0000,2010-02-06T14:10:41.000+0000,1,ODS,ODS,N
96,11TH WORKING DAY OF CURRENT MONTH + 2,BUSINESS,11,N,2,2010-02-06T14:10:41.000+0000,2010-02-06T14:10:41.000+0000,1,ODS,ODS,N
97,12TH WORKING DAY OF CURRENT MONTH + 2,BUSINESS,12,N,2,2010-02-06T14:10:41.000+0000,2010-02-06T14:10:41.000+0000,1,ODS,ODS,N
98,13TH WORKING DAY OF CURRENT MONTH + 2,BUSINESS,13,N,2,2010-02-06T14:10:41.000+0000,2010-02-06T14:10:41.000+0000,1,ODS,ODS,N
99,14TH WORKING DAY OF CURRENT MONTH + 2,BUSINESS,14,N,2,2010-02-06T14:10:41.000+0000,2010-02-06T14:10:41.000+0000,1,ODS,ODS,N
100,15TH WORKING DAY OF CURRENT MONTH + 2,BUSINESS,15,N,2,2010-02-06T14:10:41.000+0000,2010-02-06T14:10:41.000+0000,1,ODS,ODS,N
101,16TH WORKING DAY OF CURRENT MONTH + 2,BUSINESS,16,N,2,2010-02-06T14:10:41.000+0000,2010-02-06T14:10:41.000+0000,1,ODS,ODS,N
102,17TH WORKING DAY OF CURRENT MONTH + 2,BUSINESS,17,N,2,2010-02-06T14:10:41.000+0000,2010-02-06T14:10:41.000+0000,1,ODS,ODS,N
103,18TH WORKING DAY OF CURRENT MONTH + 2,BUSINESS,18,N,2,2010-02-06T14:10:41.000+0000,2010-02-06T14:10:41.000+0000,1,ODS,ODS,N
104,19TH WORKING DAY OF CURRENT MONTH + 2,BUSINESS,19,N,2,2010-02-06T14:10:41.000+0000,2010-02-06T14:10:41.000+0000,1,ODS,ODS,N
105,20TH WORKING DAY OF CURRENT MONTH + 2,BUSINESS,20,N,2,2010-02-06T14:10:41.000+0000,2010-02-06T14:10:41.000+0000,1,ODS,ODS,N
106,1ST CALENDAR DAY OF CURRENT MONTH + 2,null,1,N,2,2010-02-06T14:10:41.000+0000,2010-02-06T14:10:41.000+0000,1,ODS,ODS,N
107,2ND CALENDAR DAY OF CURRENT MONTH + 2,CALENDAR,2,N,2,2010-02-06T14:10:41.000+0000,2010-02-06T14:10:41.000+0000,1,ODS,ODS,N
108,3RD CALENDAR DAY OF CURRENT MONTH + 2,null,3,N,2,2010-02-06T14:10:41.000+0000,2010-02-06T14:10:41.000+0000,1,ODS,ODS,N
109,4TH CALENDAR DAY OF CURRENT MONTH + 2,CALENDAR,4,N,2,2010-02-06T14:10:41.000+0000,2010-02-06T14:10:41.000+0000,1,ODS,ODS,N
110,5TH CALENDAR DAY OF CURRENT MONTH + 2,null,5,N,2,2010-02-06T14:10:41.000+0000,2010-02-06T14:10:41.000+0000,1,ODS,ODS,N
111,6TH CALENDAR DAY OF CURRENT MONTH + 2,CALENDAR,6,N,2,2010-02-06T14:10:41.000+0000,2010-02-06T14:10:41.000+0000,1,ODS,ODS,N
112,7TH CALENDAR DAY OF CURRENT MONTH + 2,null,7,N,2,2010-02-06T14:10:41.000+0000,2010-02-06T14:10:41.000+0000,1,ODS,ODS,N
113,8TH CALENDAR DAY OF CURRENT MONTH + 2,CALENDAR,8,N,2,2010-02-06T14:10:41.000+0000,2010-02-06T14:10:41.000+0000,1,ODS,ODS,N
114,9TH CALENDAR DAY OF CURRENT MONTH + 2,CALENDAR,9,N,2,2010-02-06T14:10:41.000+0000,2010-02-06T14:10:41.000+0000,1,ODS,ODS,N
115,10TH CALENDAR DAY OF CURRENT MONTH + 2,CALENDAR,10,N,2,2010-02-06T14:10:41.000+0000,2010-02-06T14:10:41.000+0000,1,ODS,ODS,N
116,11TH CALENDAR DAY OF CURRENT MONTH + 2,null,11,N,2,2010-02-06T14:10:41.000+0000,2010-02-06T14:10:41.000+0000,1,ODS,ODS,N
117,12TH CALENDAR DAY OF CURRENT MONTH + 2,CALENDAR,12,N,2,2010-02-06T14:10:41.000+0000,2010-02-06T14:10:41.000+0000,1,ODS,ODS,N
118,13TH CALENDAR DAY OF CURRENT MONTH + 2,CALENDAR,13,N,2,2010-02-06T14:10:41.000+0000,2010-02-06T14:10:41.000+0000,1,ODS,ODS,N
119,14TH CALENDAR DAY OF CURRENT MONTH + 2,null,14,N,2,2010-02-06T14:10:41.000+0000,2010-02-06T14:10:41.000+0000,1,ODS,ODS,N
120,15TH CALENDAR DAY OF CURRENT MONTH + 2,CALENDAR,15,N,2,2010-02-06T14:10:41.000+0000,2010-02-06T14:10:41.000+0000,1,ODS,ODS,N
121,16TH CALENDAR DAY OF CURRENT MONTH + 2,CALENDAR,16,N,2,2010-02-06T14:10:41.000+0000,2010-02-06T14:10:41.000+0000,1,ODS,ODS,N
122,17TH CALENDAR DAY OF CURRENT MONTH + 2,CALENDAR,17,N,2,2010-02-06T14:10:41.000+0000,2010-02-06T14:10:41.000+0000,1,ODS,ODS,N
123,18TH CALENDAR DAY OF CURRENT MONTH + 2,CALENDAR,18,N,2,2010-02-06T14:10:41.000+0000,2010-02-06T14:10:41.000+0000,1,ODS,ODS,N
124,19TH CALENDAR DAY OF CURRENT MONTH + 2,null,19,N,2,2010-02-06T14:10:41.000+0000,2010-02-06T14:10:41.000+0000,1,ODS,ODS,N
125,20TH CALENDAR DAY OF CURRENT MONTH + 2,CALENDAR,20,N,2,2010-02-06T14:10:41.000+0000,2010-02-06T14:10:41.000+0000,1,ODS,ODS,N
126,21ST CALENDAR DAY OF CURRENT MONTH + 2,CALENDAR,21,N,2,2010-02-06T14:10:41.000+0000,2010-02-06T14:10:41.000+0000,1,ODS,ODS,N
127,22ND CALENDAR DAY OF CURRENT MONTH + 2,CALENDAR,22,N,2,2010-02-06T14:10:41.000+0000,2010-02-06T14:10:41.000+0000,1,ODS,ODS,N
128,23RD CALENDAR DAY OF CURRENT MONTH + 2,CALENDAR,23,N,2,2010-02-06T14:10:41.000+0000,2010-02-06T14:10:41.000+0000,1,ODS,ODS,N
129,24TH CALENDAR DAY OF CURRENT MONTH + 2,CALENDAR,24,N,2,2010-02-06T14:10:41.000+0000,2010-02-06T14:10:41.000+0000,1,ODS,ODS,N
130,25TH CALENDAR DAY OF CURRENT MONTH + 2,CALENDAR,25,N,2,2010-02-06T14:10:41.000+0000,2010-02-06T14:10:41.000+0000,1,ODS,ODS,N
131,26TH CALENDAR DAY OF CURRENT MONTH + 2,CALENDAR,26,N,2,2010-02-06T14:10:41.000+0000,2010-02-06T14:10:41.000+0000,1,ODS,ODS,N
132,27TH CALENDAR DAY OF CURRENT MONTH + 2,CALENDAR,27,N,2,2010-02-06T14:10:41.000+0000,2010-02-06T14:10:41.000+0000,1,ODS,ODS,N
133,28TH CALENDAR DAY OF CURRENT MONTH + 2,CALENDAR,28,N,2,2010-02-06T14:10:41.000+0000,2010-02-06T14:10:41.000+0000,1,ODS,ODS,N
134,29TH CALENDAR DAY OF CURRENT MONTH + 2,CALENDAR,29,N,2,2010-02-06T14:10:41.000+0000,2010-02-06T14:10:41.000+0000,1,ODS,ODS,N
135,30TH CALENDAR DAY OF CURRENT MONTH + 2,null,30,N,2,2010-02-06T14:10:41.000+0000,2010-02-06T14:10:41.000+0000,1,ODS,ODS,N
136,31ST CALENDAR DAY OF CURRENT MONTH + 2,null,31,N,2,2010-02-06T14:10:41.000+0000,2010-02-06T14:10:41.000+0000,1,ODS,ODS,N
-1,NGL LOAD,CALENDAR,null,N,0,2011-08-20T12:26:07.000+0000,2011-08-20T12:26:07.000+0000,1,ODS,ODS,N
1072,Net 45 Cal Del W,C,45,N,1,2014-12-16T01:27:23.000+0000,2014-12-16T01:27:23.000+0000,1,ODS,ODS,N
1076,Net 30 Cal Del W,C,30,N,1,2017-05-13T15:22:11.000+0000,2017-05-13T15:22:11.000+0000,1,ODS,ODS,N
1081,Net 2 Bus Inv W,B,2,N,1,2018-06-21T00:36:08.000+0000,2018-06-21T00:36:08.000+0000,1,ODS,ODS,N
1000,Default,B,0,N,1,2011-08-20T13:02:52.000+0000,2011-08-20T13:02:52.000+0000,1,ODS,ODS,N
1001,PREPAY,S,0,N,1,2011-08-20T13:02:52.000+0000,2011-08-20T13:02:52.000+0000,1,ODS,ODS,N
1002,NCORI,C,0,N,1,2011-08-20T13:02:52.000+0000,2011-08-20T13:02:52.000+0000,1,ODS,ODS,N
1003,Net 0 Cal Inv W,C,0,N,1,2011-08-20T13:02:52.000+0000,2011-08-20T13:02:52.000+0000,1,ODS,ODS,N
1004,1%10/N15,C,10,N,1,2011-08-20T13:02:52.000+0000,2011-08-20T13:02:52.000+0000,1,ODS,ODS,N
1005,1%10/N30,C,10,N,1,2011-08-20T13:02:52.000+0000,2011-08-20T13:02:52.000+0000,1,ODS,ODS,N
1006,Net 10 Cal Inv C,C,10,N,1,2011-08-20T13:02:52.000+0000,2011-08-20T13:02:52.000+0000,1,ODS,ODS,N
1007,Net 15 Cal Inv C,C,15,N,1,2011-08-20T13:02:52.000+0000,2011-08-20T13:02:52.000+0000,1,ODS,ODS,N
1008,Net 30 Cal Inv W,C,30,N,1,2011-08-20T13:02:52.000+0000,2011-08-20T13:02:52.000+0000,1,ODS,ODS,N
1009,Net 10 Cal Inv W,C,10,N,1,2011-08-20T13:02:52.000+0000,2011-08-20T13:02:52.000+0000,1,ODS,ODS,N
1010,Net 15 Cal Inv W,C,15,N,1,2011-08-20T13:02:52.000+0000,2011-08-20T13:02:52.000+0000,1,ODS,ODS,N
1011,Net 5 Bus Inv W,B,5,N,1,2011-08-20T13:02:52.000+0000,2011-08-20T13:02:52.000+0000,1,ODS,ODS,N
1012,W10WD,B,10,N,1,2011-08-20T13:02:52.000+0000,2011-08-20T13:02:52.000+0000,1,ODS,ODS,N
1013,Net 15 Bus Inv W,B,15,N,1,2011-08-20T13:02:52.000+0000,2011-08-20T13:02:52.000+0000,1,ODS,ODS,N
1014,100%Prepay,C,10,N,1,2011-08-20T13:02:52.000+0000,2011-08-20T13:02:52.000+0000,1,ODS,ODS,N
1015,25%Prepay,C,10,N,1,2011-08-20T13:02:52.000+0000,2011-08-20T13:02:52.000+0000,1,ODS,ODS,N
1019,WN20DCH,C,20,N,1,2011-08-20T13:02:52.000+0000,2011-08-20T13:02:52.000+0000,1,ODS,ODS,N
1020,Net 20 Cal Inv W,C,20,N,1,2011-08-20T13:02:52.000+0000,2011-08-20T13:02:52.000+0000,1,ODS,ODS,N
1021,Net 30th Inv W,C,29,N,1,2011-08-20T13:02:52.000+0000,2011-08-20T13:02:52.000+0000,1,ODS,ODS,N
1022,WCDC,C,0,N,1,2011-08-20T13:02:52.000+0000,2011-08-20T13:02:52.000+0000,1,ODS,ODS,N
1023,1%12EFT,C,12,N,1,2011-08-20T13:02:52.000+0000,2011-08-20T13:02:52.000+0000,1,ODS,ODS,N
1024,Intercorporate,C,5,N,1,2011-08-20T13:02:52.000+0000,2011-08-20T13:02:52.000+0000,1,ODS,ODS,N
1025,Net 3 Bus Del W,C,3,N,1,2011-08-20T13:02:52.000+0000,2011-08-20T13:02:52.000+0000,1,ODS,ODS,N
1026,Due 10th day ea. Mo.,C,10,N,1,2011-08-20T13:02:52.000+0000,2011-08-20T13:02:52.000+0000,1,ODS,ODS,N
1029,12EFT,C,12,N,1,2011-08-20T13:02:52.000+0000,2011-08-20T13:02:52.000+0000,1,ODS,ODS,N
1030,NET LAW,C,0,N,1,2011-08-20T13:02:52.000+0000,2011-08-20T13:02:52.000+0000,1,ODS,ODS,N
1031,Net 28th Del W,C,27,N,1,2011-08-20T13:02:52.000+0000,2011-08-20T13:02:52.000+0000,1,ODS,ODS,N
1032,Net 5 Cal Inv W,C,5,N,1,2011-08-20T13:02:52.000+0000,2011-08-20T13:02:52.000+0000,1,ODS,ODS,N
1033,Net 5 Cal Del W,C,5,N,1,2011-08-20T13:02:52.000+0000,2011-08-20T13:02:52.000+0000,1,ODS,ODS,N
1034,Net 5 Bus Del W,B,5,N,1,2011-08-20T13:02:52.000+0000,2011-08-20T13:02:52.000+0000,1,ODS,ODS,N
1035,Net 5 Cal Del C,C,5,N,1,2011-08-20T13:02:52.000+0000,2011-08-20T13:02:52.000+0000,1,ODS,ODS,N
1036,Net 5 Cal Inv C,C,5,N,1,2011-08-20T13:02:52.000+0000,2011-08-20T13:02:52.000+0000,1,ODS,ODS,N
1037,Net 5 Bus Inv C,B,5,N,1,2011-08-20T13:02:52.000+0000,2011-08-20T13:02:52.000+0000,1,ODS,ODS,N
1038,Net 5 Bus Del C,B,5,N,1,2011-08-20T13:02:52.000+0000,2011-08-20T13:02:52.000+0000,1,ODS,ODS,N
1039,Net 45 Cal Inv W,C,45,N,1,2011-08-20T13:02:52.000+0000,2011-08-20T13:02:52.000+0000,1,ODS,ODS,N
1040,Net 7 Cal Inv W,C,7,N,1,2011-08-20T13:02:52.000+0000,2011-08-20T13:02:52.000+0000,1,ODS,ODS,N
1041,Net 7 Cal Inv C,C,7,N,1,2011-08-20T13:02:52.000+0000,2011-08-20T13:02:52.000+0000,1,ODS,ODS,N
1042,Net 5th Bus W,B,4,N,1,2011-08-20T13:02:52.000+0000,2011-08-20T13:02:52.000+0000,1,ODS,ODS,N
1043,Net 25 Cal Mo Inv W,C,25,N,1,2011-08-20T13:02:52.000+0000,2011-08-20T13:02:52.000+0000,1,ODS,ODS,N
1044,Net 14 Cal Inv W,C,14,N,1,2011-08-20T13:02:52.000+0000,2011-08-20T13:02:52.000+0000,1,ODS,ODS,N
1045,Net Due 25th Ship W,C,24,N,1,2011-08-20T13:02:52.000+0000,2011-08-20T13:02:52.000+0000,1,ODS,ODS,N
1046,Net 30 Bus Inv W,B,30,N,1,2011-08-20T13:02:52.000+0000,2011-08-20T13:02:52.000+0000,1,ODS,ODS,N
1047,Net 5th Inv W,C,4,N,1,2011-08-20T13:02:52.000+0000,2011-08-20T13:02:52.000+0000,1,ODS,ODS,N
1048,Net 25 Cal Inv W,C,25,N,1,2011-08-20T13:02:52.000+0000,2011-08-20T13:02:52.000+0000,1,ODS,ODS,N
1049,Net 25 Cal Del W,C,25,N,1,2011-08-20T13:02:52.000+0000,2011-08-20T13:02:52.000+0000,1,ODS,ODS,N
1050,Net 20 Cal Del W,C,20,N,1,2011-08-20T13:02:52.000+0000,2011-08-20T13:02:52.000+0000,1,ODS,ODS,N
1051,Net 15 Cal Del W,C,15,N,1,2011-08-20T13:02:52.000+0000,2011-08-20T13:02:52.000+0000,1,ODS,ODS,N
1052,Net 7 Bus Inv W,B,7,N,1,2011-08-20T13:02:52.000+0000,2011-08-20T13:02:52.000+0000,1,ODS,ODS,N
1053,Net 7 Bus Inv C,B,7,N,1,2011-08-20T13:02:52.000+0000,2011-08-20T13:02:52.000+0000,1,ODS,ODS,N
1054,Net 7 2nd Del Mo W,C,37,N,1,2011-08-20T13:02:52.000+0000,2011-08-20T13:02:52.000+0000,1,ODS,ODS,N
1055,Net Due EOM W,C,0,N,1,2011-08-20T13:02:52.000+0000,2011-08-20T13:02:52.000+0000,1,ODS,ODS,N
1056,Net 5 Bus Lst Prce W,B,5,N,1,2011-08-20T13:02:52.000+0000,2018-08-16T00:11:20.000+0000,1,ODS,ODS,N
1057,Net 2 Bus Trd Dte W,B,2,N,1,2011-08-20T13:02:52.000+0000,2011-08-20T13:02:52.000+0000,1,ODS,ODS,N
1058,Net EOM -2 Bus W,B,-2,N,1,2011-08-20T13:02:52.000+0000,2011-08-20T13:02:52.000+0000,1,ODS,ODS,N
1059,Net 15th of Nxt Mo W,C,14,N,1,2011-08-20T13:02:52.000+0000,2011-08-20T13:02:52.000+0000,1,ODS,ODS,N
1060,Net 15th of Ths Mo W,C,14,N,1,2011-08-20T13:02:52.000+0000,2011-08-20T13:02:52.000+0000,1,ODS,ODS,N
1061,Net 10th of Nxt Mo W,C,9,N,1,2011-08-20T13:02:52.000+0000,2011-08-20T13:02:52.000+0000,1,ODS,ODS,N
1062,Net 10th of Ths Mo W,C,9,N,1,2011-08-20T13:02:52.000+0000,2011-08-20T13:02:52.000+0000,1,ODS,ODS,N
1063,Net 5th of Ths Mo W,B,5,N,1,2011-08-20T13:02:52.000+0000,2018-04-20T00:03:46.000+0000,1,ODS,ODS,N
1064,Net 5th of Nxt Mo W,C,5,N,1,2011-08-20T13:02:52.000+0000,2018-12-22T00:15:57.000+0000,1,ODS,ODS,N
1065,Net 29th of Ths Mo W,C,28,N,1,2011-08-20T13:02:52.000+0000,2011-08-20T13:02:52.000+0000,1,ODS,ODS,N
1066,Net 7 Can Bus Inv W,B,7,N,1,2012-07-03T00:35:52.000+0000,2012-07-03T00:35:52.000+0000,1,ODS,ODS,N
1067,Net 7 Can Cal Inv C,C,7,N,1,2012-07-03T00:35:52.000+0000,2012-07-03T00:35:52.000+0000,1,ODS,ODS,N
1068,Net 7 Can Cal Inv W,C,7,N,1,2012-07-03T00:35:52.000+0000,2012-07-03T00:35:52.000+0000,1,ODS,ODS,N
1069,Net 7 Can Bus Inv C,B,7,N,1,2012-07-03T00:35:52.000+0000,2012-07-03T00:35:52.000+0000,1,ODS,ODS,N
1070,5 D After Expiry,B,5,N,1,2012-08-18T04:45:44.000+0000,2012-08-18T04:45:44.000+0000,1,ODS,ODS,N
1071,Net 25th Nxt Mo W,C,24,N,1,2013-08-08T00:36:57.000+0000,2013-08-08T00:36:57.000+0000,1,ODS,ODS,N
1073,Net 10 Bus Inv W,B,10,N,1,2015-02-27T01:34:00.000+0000,2015-02-27T01:34:00.000+0000,1,ODS,ODS,N
137,1ST CALENDAR DAY OF CURRENT MONTH,CALENDAR,1,N,0,2016-11-05T22:31:24.000+0000,2016-11-05T22:31:24.000+0000,1,liy002,liy002,N
138,2ND CALENDAR DAY OF CURRENT MONTH,CALENDAR,2,N,0,2016-11-05T22:31:24.000+0000,2016-11-05T22:31:24.000+0000,1,liy002,liy002,N
139,3RD CALENDAR DAY OF CURRENT MONTH,CALENDAR,3,N,0,2016-11-05T22:31:24.000+0000,2016-11-05T22:31:24.000+0000,1,liy002,liy002,N
140,4TH CALENDAR DAY OF CURRENT MONTH,CALENDAR,4,N,0,2016-11-05T22:31:24.000+0000,2016-11-05T22:31:24.000+0000,1,liy002,liy002,N
141,5TH CALENDAR DAY OF CURRENT MONTH,CALENDAR,5,N,0,2016-11-05T22:31:24.000+0000,2016-11-05T22:31:24.000+0000,1,liy002,liy002,N
142,6TH CALENDAR DAY OF CURRENT MONTH,CALENDAR,6,N,0,2016-11-05T22:31:24.000+0000,2016-11-05T22:31:24.000+0000,1,liy002,liy002,N
143,7TH CALENDAR DAY OF CURRENT MONTH,CALENDAR,7,N,0,2016-11-05T22:31:24.000+0000,2016-11-05T22:31:24.000+0000,1,liy002,liy002,N
144,8TH CALENDAR DAY OF CURRENT MONTH,CALENDAR,8,N,0,2016-11-05T22:31:24.000+0000,2016-11-05T22:31:24.000+0000,1,liy002,liy002,N
145,9TH CALENDAR DAY OF CURRENT MONTH,CALENDAR,9,N,0,2016-11-05T22:31:24.000+0000,2016-11-05T22:31:24.000+0000,1,liy002,liy002,N
146,10TH CALENDAR DAY OF CURRENT MONTH,CALENDAR,10,N,0,2016-11-05T22:31:24.000+0000,2016-11-05T22:31:24.000+0000,1,liy002,liy002,N
147,11TH CALENDAR DAY OF CURRENT MONTH,CALENDAR,11,N,0,2016-11-05T22:31:24.000+0000,2016-11-05T22:31:24.000+0000,1,liy002,liy002,N
148,12TH CALENDAR DAY OF CURRENT MONTH,CALENDAR,12,N,0,2016-11-05T22:31:24.000+0000,2016-11-05T22:31:24.000+0000,1,liy002,liy002,N
149,13TH CALENDAR DAY OF CURRENT MONTH,CALENDAR,13,N,0,2016-11-05T22:31:24.000+0000,2016-11-05T22:31:24.000+0000,1,liy002,liy002,N
150,14TH CALENDAR DAY OF CURRENT MONTH,CALENDAR,14,N,0,2016-11-05T22:31:24.000+0000,2016-11-05T22:31:24.000+0000,1,liy002,liy002,N
151,15TH CALENDAR DAY OF CURRENT MONTH,CALENDAR,15,N,0,2016-11-05T22:31:24.000+0000,2016-11-05T22:31:24.000+0000,1,liy002,liy002,N
152,16TH CALENDAR DAY OF CURRENT MONTH,CALENDAR,16,N,0,2016-11-05T22:31:24.000+0000,2016-11-05T22:31:24.000+0000,1,liy002,liy002,N
153,17TH CALENDAR DAY OF CURRENT MONTH,CALENDAR,17,N,0,2016-11-05T22:31:24.000+0000,2016-11-05T22:31:24.000+0000,1,liy002,liy002,N
154,18TH CALENDAR DAY OF CURRENT MONTH,CALENDAR,18,N,0,2016-11-05T22:31:24.000+0000,2016-11-05T22:31:24.000+0000,1,liy002,liy002,N
155,19TH CALENDAR DAY OF CURRENT MONTH,CALENDAR,19,N,0,2016-11-05T22:31:24.000+0000,2016-11-05T22:31:24.000+0000,1,liy002,liy002,N
156,20TH CALENDAR DAY OF CURRENT MONTH,CALENDAR,20,N,0,2016-11-05T22:31:24.000+0000,2016-11-05T22:31:24.000+0000,1,liy002,liy002,N
157,21ST CALENDAR DAY OF CURRENT MONTH,CALENDAR,21,N,0,2016-11-05T22:31:24.000+0000,2016-11-05T22:31:24.000+0000,1,liy002,liy002,N
158,22ND CALENDAR DAY OF CURRENT MONTH,CALENDAR,22,N,0,2016-11-05T22:31:24.000+0000,2016-11-05T22:31:24.000+0000,1,liy002,liy002,N
159,23RD CALENDAR DAY OF CURRENT MONTH,CALENDAR,23,N,0,2016-11-05T22:31:24.000+0000,2016-11-05T22:31:24.000+0000,1,liy002,liy002,N
160,24TH CALENDAR DAY OF CURRENT MONTH,CALENDAR,24,N,0,2016-11-05T22:31:24.000+0000,2016-11-05T22:31:24.000+0000,1,liy002,liy002,N
161,25TH CALENDAR DAY OF CURRENT MONTH,null,25,N,0,2016-11-05T22:31:24.000+0000,2016-11-05T22:31:24.000+0000,1,liy002,liy002,N
162,26TH CALENDAR DAY OF CURRENT MONTH,CALENDAR,26,N,0,2016-11-05T22:31:24.000+0000,2016-11-05T22:31:24.000+0000,1,liy002,liy002,N
163,27TH CALENDAR DAY OF CURRENT MONTH,CALENDAR,27,N,0,2016-11-05T22:31:24.000+0000,2016-11-05T22:31:24.000+0000,1,liy002,liy002,N
164,28TH CALENDAR DAY OF CURRENT MONTH,CALENDAR,28,N,0,2016-11-05T22:31:24.000+0000,2016-11-05T22:31:24.000+0000,1,liy002,liy002,N
165,29TH CALENDAR DAY OF CURRENT MONTH,CALENDAR,29,N,0,2016-11-05T22:31:24.000+0000,2016-11-05T22:31:24.000+0000,1,liy002,liy002,N
166,30TH CALENDAR DAY OF CURRENT MONTH,CALENDAR,30,N,0,2016-11-05T22:31:24.000+0000,2016-11-05T22:31:24.000+0000,1,liy002,liy002,N
167,31ST CALENDAR DAY OF CURRENT MONTH,CALENDAR,31,N,0,2016-11-05T22:31:24.000+0000,2016-11-05T22:31:24.000+0000,1,liy002,liy002,N
168,END OF CURRENT MONTH,CALENDAR,0,Y,0,2016-11-05T22:31:24.000+0000,2016-11-05T22:31:24.000+0000,1,liy002,liy002,N
169,END OF CURRENT MONTH + 2,CALENDAR,0,Y,2,2016-11-05T22:31:24.000+0000,2016-11-05T22:31:24.000+0000,1,liy002,liy002,N
1078,30th Mo Del A,C,30,N,1,2017-06-21T01:27:53.000+0000,2017-06-21T01:27:53.000+0000,1,ODS,ODS,N
1080,Net 1 Bus Trd Dte W,B,1,N,1,2018-03-22T23:54:09.000+0000,2018-03-22T23:54:09.000+0000,1,ODS,ODS,N
1074,Net 25 Cal Bus W,C,25,N,1,2017-02-04T02:21:13.000+0000,2017-02-04T02:21:13.000+0000,1,ODS,ODS,N
1075,Net 25 Cal Busn W,C,25,N,1,2017-02-04T02:21:13.000+0000,2017-02-04T02:21:13.000+0000,1,ODS,ODS,N
1077,Net 60 Cal Bus W,C,60,N,1,2017-06-02T00:51:00.000+0000,2017-06-02T00:51:00.000+0000,1,ODS,ODS,N
1079,Net 10 Cal Del W,C,10,N,1,2018-02-09T00:23:49.000+0000,2018-02-09T00:23:49.000+0000,1,ODS,ODS,N
1082,Net 28 Cal Mo Inv W,C,27,N,1,2018-07-18T03:53:15.000+0000,2018-07-18T03:53:15.000+0000,1,ODS,ODS,N
1,1ST CALENDAR DAY OF CURRENT MONTH + 1,CALENDAR,1,N,1,2010-02-06T14:10:41.000+0000,2010-02-06T14:10:41.000+0000,1,ODS,ODS,N
2,2ND CALENDAR DAY OF CURRENT MONTH + 1,CALENDAR,2,N,1,2010-02-06T14:10:41.000+0000,2010-02-06T14:10:41.000+0000,1,ODS,ODS,N
3,3RD CALENDAR DAY OF CURRENT MONTH + 1,CALENDAR,3,N,1,2010-02-06T14:10:41.000+0000,2010-02-06T14:10:41.000+0000,1,ODS,ODS,N
4,4TH CALENDAR DAY OF CURRENT MONTH + 1,CALENDAR,4,N,1,2010-02-06T14:10:41.000+0000,2010-02-06T14:10:41.000+0000,1,ODS,ODS,N
5,5TH CALENDAR DAY OF CURRENT MONTH + 1,CALENDAR,5,N,1,2010-02-06T14:10:41.000+0000,2010-02-06T14:10:41.000+0000,1,ODS,ODS,N
6,6TH CALENDAR DAY OF CURRENT MONTH + 1,CALENDAR,6,N,1,2010-02-06T14:10:41.000+0000,2010-02-06T14:10:41.000+0000,1,ODS,ODS,N
7,7TH CALENDAR DAY OF CURRENT MONTH + 1,CALENDAR,7,N,1,2010-02-06T14:10:41.000+0000,2010-02-06T14:10:41.000+0000,1,ODS,ODS,N
8,8TH CALENDAR DAY OF CURRENT MONTH + 1,CALENDAR,8,N,1,2010-02-06T14:10:41.000+0000,2010-02-06T14:10:41.000+0000,1,ODS,ODS,N
9,9TH CALENDAR DAY OF CURRENT MONTH + 1,CALENDAR,9,N,1,2010-02-06T14:10:41.000+0000,2010-02-06T14:10:41.000+0000,1,ODS,ODS,N
10,10TH CALENDAR DAY OF CURRENT MONTH + 1,CALENDAR,10,N,1,2010-02-06T14:10:41.000+0000,2010-02-06T14:10:41.000+0000,1,ODS,ODS,N
11,11TH CALENDAR DAY OF CURRENT MONTH + 1,CALENDAR,11,N,1,2010-02-06T14:10:41.000+0000,2010-02-06T14:10:41.000+0000,1,ODS,ODS,N
12,12TH CALENDAR DAY OF CURRENT MONTH + 1,CALENDAR,12,N,1,2010-02-06T14:10:41.000+0000,2010-02-06T14:10:41.000+0000,1,ODS,ODS,N
13,13TH CALENDAR DAY OF CURRENT MONTH + 1,CALENDAR,13,N,1,2010-02-06T14:10:41.000+0000,2010-02-06T14:10:41.000+0000,1,ODS,ODS,N
14,14TH CALENDAR DAY OF CURRENT MONTH + 1,CALENDAR,14,N,1,2010-02-06T14:10:41.000+0000,2010-02-06T14:10:41.000+0000,1,ODS,ODS,N
15,15TH CALENDAR DAY OF CURRENT MONTH + 1,CALENDAR,15,N,1,2010-02-06T14:10:41.000+0000,2010-02-06T14:10:41.000+0000,1,ODS,ODS,N
16,16TH CALENDAR DAY OF CURRENT MONTH + 1,CALENDAR,16,N,1,2010-02-06T14:10:41.000+0000,2010-02-06T14:10:41.000+0000,1,ODS,ODS,N
17,17TH CALENDAR DAY OF CURRENT MONTH + 1,CALENDAR,17,N,1,2010-02-06T14:10:41.000+0000,2010-02-06T14:10:41.000+0000,1,ODS,ODS,N
18,18TH CALENDAR DAY OF CURRENT MONTH + 1,CALENDAR,18,N,1,2010-02-06T14:10:41.000+0000,2010-02-06T14:10:41.000+0000,1,ODS,ODS,N
19,19TH CALENDAR DAY OF CURRENT MONTH + 1,CALENDAR,19,N,1,2010-02-06T14:10:41.000+0000,2010-02-06T14:10:41.000+0000,1,ODS,ODS,N
20,20TH CALENDAR DAY OF CURRENT MONTH + 1,CALENDAR,20,N,1,2010-02-06T14:10:41.000+0000,2010-02-06T14:10:41.000+0000,1,ODS,ODS,N
21,21ST CALENDAR DAY OF CURRENT MONTH + 1,CALENDAR,21,N,1,2010-02-06T14:10:41.000+0000,2010-02-06T14:10:41.000+0000,1,ODS,ODS,N
22,22ND CALENDAR DAY OF CURRENT MONTH + 1,CALENDAR,22,N,1,2010-02-06T14:10:41.000+0000,2010-02-06T14:10:41.000+0000,1,ODS,ODS,N
23,23RD CALENDAR DAY OF CURRENT MONTH + 1,CALENDAR,23,N,1,2010-02-06T14:10:41.000+0000,2010-02-06T14:10:41.000+0000,1,ODS,ODS,N
24,24TH CALENDAR DAY OF CURRENT MONTH + 1,null,24,N,1,2010-02-06T14:10:41.000+0000,2010-02-06T14:10:41.000+0000,1,ODS,ODS,N
25,25TH CALENDAR DAY OF CURRENT MONTH + 1,CALENDAR,25,N,1,2010-02-06T14:10:41.000+0000,2010-02-06T14:10:41.000+0000,1,ODS,ODS,N
26,26TH CALENDAR DAY OF CURRENT MONTH + 1,CALENDAR,26,N,1,2010-02-06T14:10:41.000+0000,2010-02-06T14:10:41.000+0000,1,ODS,ODS,N
27,27TH CALENDAR DAY OF CURRENT MONTH + 1,CALENDAR,27,N,1,2010-02-06T14:10:41.000+0000,2010-02-06T14:10:41.000+0000,1,ODS,ODS,N
28,28TH CALENDAR DAY OF CURRENT MONTH + 1,CALENDAR,28,N,1,2010-02-06T14:10:41.000+0000,2010-02-06T14:10:41.000+0000,1,ODS,ODS,N
29,29TH CALENDAR DAY OF CURRENT MONTH + 1,CALENDAR,29,N,1,2010-02-06T14:10:41.000+0000,2010-02-06T14:10:41.000+0000,1,ODS,ODS,N
30,30TH CALENDAR DAY OF CURRENT MONTH + 1,CALENDAR,30,N,1,2010-02-06T14:10:41.000+0000,2010-02-06T14:10:41.000+0000,1,ODS,ODS,N
31,31ST CALENDAR DAY OF CURRENT MONTH + 1,null,31,N,1,2010-02-06T14:10:41.000+0000,2010-02-06T14:10:41.000+0000,1,ODS,ODS,N
32,END OF CURRENT MONTH + 1,CALENDAR,0,Y,1,2010-02-06T14:10:41.000+0000,2010-02-06T14:10:41.000+0000,1,ODS,ODS,N
33,NET UPON RECEIPT,CALENDAR,10,N,1,2010-02-06T14:10:41.000+0000,2010-02-06T14:10:41.000+0000,1,ODS,ODS,N
34,WITHIN 5 DAYS OF RECEIPT,CALENDAR,15,N,1,2010-02-06T14:10:41.000+0000,2010-02-06T14:10:41.000+0000,1,ODS,ODS,N
35,WITHIN 10 DAYS OF RECEIPT,CALENDAR,20,N,1,2010-02-06T14:10:41.000+0000,2010-02-06T14:10:41.000+0000,1,ODS,ODS,N
36,WITHIN 15 DAYS OF RECEIPT,CALENDAR,25,N,1,2010-02-06T14:10:41.000+0000,2010-02-06T14:10:41.000+0000,1,ODS,ODS,N
37,WITHIN 20 DAYS OF RECEIPT,null,30,N,1,2010-02-06T14:10:41.000+0000,2010-02-06T14:10:41.000+0000,1,ODS,ODS,N
38,WITHIN 25 DAYS OF RECEIPT,CALENDAR,5,N,2,2010-02-06T14:10:41.000+0000,2010-02-06T14:10:41.000+0000,1,ODS,ODS,N
39,WITHIN 30 DAYS OF RECEIPT,CALENDAR,10,N,2,2010-02-06T14:10:41.000+0000,2010-02-06T14:10:41.000+0000,1,ODS,ODS,N
40,LATER OF 20TH OR 10 DAYS AFTER INVOICE,CALENDAR,20,N,1,2010-02-06T14:10:41.000+0000,2010-02-06T14:10:41.000+0000,1,ODS,ODS,N
41,LATER OF 25TH OR 10 DAYS AFTER RECEIPT,CALENDAR,25,N,1,2010-02-06T14:10:41.000+0000,2010-02-06T14:10:41.000+0000,1,ODS,ODS,N
42,EARLIER OF 10 DAYS AFTER INV. OR 20 OF MONTH,CALENDAR,20,N,1,2010-02-06T14:10:41.000+0000,2010-02-06T14:10:41.000+0000,1,ODS,ODS,N
43,PREPAY,CALENDAR,0,Y,-1,2010-02-06T14:10:41.000+0000,2011-08-20T12:26:07.000+0000,1,ODS,ODS,N
44,WITHIN 4 DAYS OF RECEIPT,CALENDAR,14,N,1,2010-02-06T14:10:41.000+0000,2010-02-06T14:10:41.000+0000,1,ODS,ODS,N
45,END OF MONTH PLUS ONE,CALENDAR,1,N,1,2010-02-06T14:10:41.000+0000,2010-02-06T14:10:41.000+0000,1,ODS,ODS,N
46,1ST WORKING DAY OF CURRENT MONTH,BUSINESS,1,N,0,2010-02-06T14:10:41.000+0000,2010-02-06T14:10:41.000+0000,1,ODS,ODS,N
47,2ND WORKING DAY OF CURRENT MONTH,BUSINESS,2,N,0,2010-02-06T14:10:41.000+0000,2010-02-06T14:10:41.000+0000,1,ODS,ODS,N
48,3RD WORKING DAY OF CURRENT MONTH,BUSINESS,3,N,0,2010-02-06T14:10:41.000+0000,2010-02-06T14:10:41.000+0000,1,ODS,ODS,N
49,4TH WORKING DAY OF CURRENT MONTH,BUSINESS,4,N,0,2010-02-06T14:10:41.000+0000,2010-02-06T14:10:41.000+0000,1,ODS,ODS,N
50,5TH WORKING DAY OF CURRENT MONTH,BUSINESS,5,N,0,2010-02-06T14:10:41.000+0000,2010-02-06T14:10:41.000+0000,1,ODS,ODS,N
51,6TH WORKING DAY OF CURRENT MONTH,BUSINESS,6,N,0,2010-02-06T14:10:41.000+0000,2010-02-06T14:10:41.000+0000,1,ODS,ODS,N
52,7TH WORKING DAY OF CURRENT MONTH,BUSINESS,7,N,0,2010-02-06T14:10:41.000+0000,2010-02-06T14:10:41.000+0000,1,ODS,ODS,N
53,8TH WORKING DAY OF CURRENT MONTH,BUSINESS,8,N,0,2010-02-06T14:10:41.000+0000,2010-02-06T14:10:41.000+0000,1,ODS,ODS,N
54,9TH WORKING DAY OF CURRENT MONTH,BUSINESS,9,N,0,2010-02-06T14:10:41.000+0000,2010-02-06T14:10:41.000+0000,1,ODS,ODS,N
55,10TH WORKING DAY OF CURRENT MONTH,BUSINESS,10,N,0,2010-02-06T14:10:41.000+0000,2010-02-06T14:10:41.000+0000,1,ODS,ODS,N
56,11TH WORKING DAY OF CURRENT MONTH,BUSINESS,11,N,0,2010-02-06T14:10:41.000+0000,2010-02-06T14:10:41.000+0000,1,ODS,ODS,N
57,12TH WORKING DAY OF CURRENT MONTH,BUSINESS,12,N,0,2010-02-06T14:10:41.000+0000,2010-02-06T14:10:41.000+0000,1,ODS,ODS,N
58,13TH WORKING DAY OF CURRENT MONTH,BUSINESS,13,N,0,2010-02-06T14:10:41.000+0000,2010-02-06T14:10:41.000+0000,1,ODS,ODS,N
59,14TH WORKING DAY OF CURRENT MONTH,BUSINESS,14,N,0,2010-02-06T14:10:41.000+0000,2010-02-06T14:10:41.000+0000,1,ODS,ODS,N
60,15TH WORKING DAY OF CURRENT MONTH,BUSINESS,15,N,0,2010-02-06T14:10:41.000+0000,2010-02-06T14:10:41.000+0000,1,ODS,ODS,N
61,16TH WORKING DAY OF CURRENT MONTH,BUSINESS,16,N,0,2010-02-06T14:10:41.000+0000,2010-02-06T14:10:41.000+0000,1,ODS,ODS,N
62,17TH WORKING DAY OF CURRENT MONTH,BUSINESS,17,N,0,2010-02-06T14:10:41.000+0000,2010-02-06T14:10:41.000+0000,1,ODS,ODS,N
63,18TH WORKING DAY OF CURRENT MONTH,BUSINESS,18,N,0,2010-02-06T14:10:41.000+0000,2010-02-06T14:10:41.000+0000,1,ODS,ODS,N
64,19TH WORKING DAY OF CURRENT MONTH,BUSINESS,19,N,0,2010-02-06T14:10:41.000+0000,2010-02-06T14:10:41.000+0000,1,ODS,ODS,N
65,20TH WORKING DAY OF CURRENT MONTH,BUSINESS,20,N,0,2010-02-06T14:10:41.000+0000,2010-02-06T14:10:41.000+0000,1,ODS,ODS,N
66,1ST WORKING DAY OF CURRENT MONTH + 1,BUSINESS,1,N,1,2010-02-06T14:10:41.000+0000,2010-02-06T14:10:41.000+0000,1,ODS,ODS,N
67,2ND WORKING DAY OF CURRENT MONTH + 1,BUSINESS,2,N,1,2010-02-06T14:10:41.000+0000,2010-02-06T14:10:41.000+0000,1,ODS,ODS,N
68,3RD WORKING DAY OF CURRENT MONTH + 1,BUSINESS,3,N,1,2010-02-06T14:10:41.000+0000,2010-02-06T14:10:41.000+0000,1,ODS,ODS,N
69,4TH WORKING DAY OF CURRENT MONTH + 1,BUSINESS,4,N,1,2010-02-06T14:10:41.000+0000,2010-02-06T14:10:41.000+0000,1,ODS,ODS,N
70,5TH WORKING DAY OF CURRENT MONTH + 1,BUSINESS,5,N,1,2010-02-06T14:10:41.000+0000,2010-02-06T14:10:41.000+0000,1,ODS,ODS,N
71,6TH WORKING DAY OF CURRENT MONTH + 1,BUSINESS,6,N,1,2010-02-06T14:10:41.000+0000,2010-02-06T14:10:41.000+0000,1,ODS,ODS,N
72,7TH WORKING DAY OF CURRENT MONTH + 1,BUSINESS,7,N,1,2010-02-06T14:10:41.000+0000,2010-02-06T14:10:41.000+0000,1,ODS,ODS,N
73,8TH WORKING DAY OF CURRENT MONTH + 1,BUSINESS,8,N,1,2010-02-06T14:10:41.000+0000,2010-02-06T14:10:41.000+0000,1,ODS,ODS,N
74,9TH WORKING DAY OF CURRENT MONTH + 1,BUSINESS,9,N,1,2010-02-06T14:10:41.000+0000,2010-02-06T14:10:41.000+0000,1,ODS,ODS,N
75,10TH WORKING DAY OF CURRENT MONTH + 1,BUSINESS,10,N,1,2010-02-06T14:10:41.000+0000,2010-02-06T14:10:41.000+0000,1,ODS,ODS,N
76,11TH WORKING DAY OF CURRENT MONTH + 1,BUSINESS,11,N,1,2010-02-06T14:10:41.000+0000,2010-02-06T14:10:41.000+0000,1,ODS,ODS,N
77,12TH WORKING DAY OF CURRENT MONTH + 1,BUSINESS,12,N,1,2010-02-06T14:10:41.000+0000,2010-02-06T14:10:41.000+0000,1,ODS,ODS,N
78,13TH WORKING DAY OF CURRENT MONTH + 1,BUSINESS,13,N,1,2010-02-06T14:10:41.000+0000,2010-02-06T14:10:41.000+0000,1,ODS,ODS,N
79,14TH WORKING DAY OF CURRENT MONTH + 1,BUSINESS,14,N,1,2010-02-06T14:10:41.000+0000,2010-02-06T14:10:41.000+0000,1,ODS,ODS,N
80,15TH WORKING DAY OF CURRENT MONTH + 1,BUSINESS,15,N,1,2010-02-06T14:10:41.000+0000,2010-02-06T14:10:41.000+0000,1,ODS,ODS,N
81,16TH WORKING DAY OF CURRENT MONTH + 1,BUSINESS,16,N,1,2010-02-06T14:10:41.000+0000,2010-02-06T14:10:41.000+0000,1,ODS,ODS,N
82,17TH WORKING DAY OF CURRENT MONTH + 1,BUSINESS,17,N,1,2010-02-06T14:10:41.000+0000,2010-02-06T14:10:41.000+0000,1,ODS,ODS,N
1083,MECO LLC 9/5/19,C,null,N,1,2018-10-03T00:00:44.000+0000,2018-10-03T00:00:44.000+0000,1,ODS,ODS,N
1084,25 D After Expiry,B,5,N,1,2018-11-19T23:57:17.000+0000,2018-11-19T23:57:17.000+0000,1,ODS,ODS,N
1085,Net 90 Cal Del W,C,90,N,1,2018-11-29T00:21:53.000+0000,2018-11-29T00:21:53.000+0000,1,ODS,ODS,N
1087,20 D After Expiry,B,5,N,1,2019-05-08T00:28:25.000+0000,2019-05-08T00:28:25.000+0000,1,ODS,ODS,N
1089,Net 27th Inv Bus W,B,27,N,1,2019-12-31T23:13:45.000+0000,2019-12-31T23:13:45.000+0000,1,ODS,ODS,N
1090,Net 27 Cal Del W,C,27,N,1,2020-02-10T23:48:02.000+0000,2020-02-10T23:48:02.000+0000,1,ODS,ODS,N
1092,Net 4 Bus Trd Dte W,B,4,N,1,2020-05-11T23:09:53.000+0000,2020-05-11T23:09:53.000+0000,1,ODS,ODS,N
1086,Net 1 Cal 2 Del Mo W,C,31,N,1,2019-02-08T23:59:53.000+0000,2019-10-30T04:34:53.000+0000,1,ODS,ODS,N
1088,Net 75 Cal W,C,75,N,1,2019-09-18T00:11:01.000+0000,2020-06-13T01:06:57.000+0000,1,ODS,ODS,N
1091,Net 28 Fin Cal Del W,C,28,N,1,2020-02-19T23:18:49.000+0000,2020-02-19T23:18:49.000+0000,1,ODS,ODS,N
1093,Net 39 Cal BOL,C,39,N,1,2021-10-19T23:39:54.000+0000,2021-10-19T23:39:54.000+0000,1,ODS,ODS,N
1094,JCC 05/05/2022,C,null,N,1,2021-10-28T01:06:41.000+0000,2021-10-28T01:06:41.000+0000,1,ODS,ODS,N
1095,JCC 11/05/2022,C,null,N,1,2021-10-28T01:06:41.000+0000,2021-10-28T01:06:41.000+0000,1,ODS,ODS,N
1096,JCC 05/05/2023,C,null,N,1,2021-10-28T01:06:41.000+0000,2021-10-28T01:06:41.000+0000,1,ODS,ODS,N
1097,JCC 11/05/2023,C,null,N,1,2021-10-28T01:06:41.000+0000,2021-10-28T01:06:41.000+0000,1,ODS,ODS,N
1098,JCC 05/05/2024,C,null,N,1,2021-10-28T01:06:41.000+0000,2021-10-28T01:06:41.000+0000,1,ODS,ODS,N
1099,JCC 11/05/2024,C,null,N,1,2021-10-28T01:06:41.000+0000,2021-10-28T01:06:41.000+0000,1,ODS,ODS,N
1100,JCC 05/05/2025,C,null,N,1,2021-10-28T01:06:41.000+0000,2021-10-28T01:06:41.000+0000,1,ODS,ODS,N
