Source_System,source_table,source_attr_name,source_attr_value,target_table,target_attr_name,target_attr_value,active_flag
ALL,cdm_transaction,Counterparty_ID,57788,cdm_transaction,Monitor_Exposure_Flag,N,Y
ALL,cdm_transaction,Counterparty_ID,62470,cdm_transaction,Monitor_Exposure_Flag,N,Y
ALL,cdm_transaction,Counterparty_ID,62473,cdm_transaction,Monitor_Exposure_Flag,N,Y
ALL,cdm_transaction,Counterparty_ID,61649,cdm_transaction,Monitor_Exposure_Flag,N,Y
ALL,cdm_transaction,Counterparty_ID,51875,cdm_transaction,Monitor_Exposure_Flag,N,Y
ALL,cdm_transaction,Counterparty_ID,51880,cdm_transaction,Monitor_Exposure_Flag,N,Y
ALL,cdm_transaction,Counterparty_ID,76597,cdm_transaction,Monitor_Exposure_Flag,N,Y
ALL,cdm_transaction,Counterparty_ID,62470,cdm_transaction,Monitor_Exposure_Flag,N,Y
ALL,cdm_transaction,Counterparty_ID,91043,cdm_transaction,Monitor_Exposure_Flag,N,Y
ALL,cdm_transaction,Counterparty_ID,68911,cdm_transaction,Monitor_Exposure_Flag,N,Y
ALL,cdm_transaction,Counterparty_ID,62476,cdm_transaction,Monitor_Exposure_Flag,N,Y
ALL,cdm_transaction,Counterparty_ID,62478,cdm_transaction,Monitor_Exposure_Flag,N,Y
ALL,cdm_transaction,Counterparty_ID,62468,cdm_transaction,Monitor_Exposure_Flag,N,Y
ALL,cdm_transaction,Counterparty_ID,78566,cdm_transaction,Monitor_Exposure_Flag,N,Y
ALL,cdm_transaction,Counterparty_ID,53662,cdm_transaction,Monitor_Exposure_Flag,N,Y
ALL,cdm_transaction,Counterparty_ID,62472,cdm_transaction,Monitor_Exposure_Flag,N,Y
ALL,cdm_transaction,Counterparty_ID,62467,cdm_transaction,Monitor_Exposure_Flag,N,Y
ALL,cdm_transaction,Counterparty_ID,80841,cdm_transaction,Monitor_Exposure_Flag,N,Y
ALL,cdm_transaction,Counterparty_ID,62430,cdm_transaction,Monitor_Exposure_Flag,N,Y
ALL,cdm_transaction,Counterparty_ID,75876,cdm_transaction,Monitor_Exposure_Flag,N,Y
ALL,cdm_transaction,Counterparty_ID,18754,cdm_transaction,Monitor_Exposure_Flag,N,Y
ALL,cdm_transaction,Counterparty_ID,18396,cdm_transaction,Monitor_Exposure_Flag,N,Y
ALL,cdm_transaction,Portfolio_Chain_Code,LV,cdm_valuation,MI_Discounted_MTM,0,Y
ALL,cdm_transaction,Counterparty_ID,18396,cdm_transaction,Monitor_Exposure_Flag,N,Y
ALL,cdm_transaction,Portfolio_Chain_Code,CR,cdm_valuation,MI_Discounted_MTM,0,Y
ALL,cdm_transaction,Portfolio_Chain_Code,4W,cdm_valuation,MI_Discounted_MTM,0,Y
ALL,cdm_transaction,Portfolio_Chain_Code,S2,cdm_valuation,MI_Discounted_MTM,0,Y
ALL,cdm_transaction,Portfolio_Chain_Code,JC,cdm_valuation,MI_Discounted_MTM,0,Y
ALL,cdm_transaction,Counterparty_ID,4329,cdm_transaction,Monitor_Exposure_Flag,N,Y
ALL,cdm_transaction,Portfolio_Chain_Code,U8,cdm_valuation,MI_Discounted_MTM,0,Y
GPTI-ENDUR,cdm_transaction,Portfolio_Chain_Code,GEP_ECM_SOUTHAFRICA,cdm_valuation,MI_Discounted_MTM,0,Y
GPTI-ENDUR,cdm_transaction,Portfolio_Chain_Code,GEP_EU_PRIMARY_UKGG,cdm_valuation,MI_Discounted_MTM,0,Y
GPTA-ENDUR,cdm_valuation_cost,Charge_Type_Name,Transport Non Marginable,cdm_valuation_cost,Charge_Amount,0,Y
ALL,cdm_transaction,House_Trade_Indicator,Y,cdm_transaction,Monitor_Exposure_Flag,N,Y
ALL,cdm_transaction,Portfolio_Chain_Code,S1,cdm_valuation,MI_Discounted_MTM,0,Y
ALL,cdm_transaction,Portfolio_Chain_Code,JD,cdm_valuation,MI_Discounted_MTM,0,Y
ALL,cdm_transaction,Portfolio_Chain_Code,S4,cdm_valuation,MI_Discounted_MTM,0,Y
ALL,cdm_transaction,Portfolio_Chain_Code,S8,cdm_valuation,MI_Discounted_MTM,0,Y
ALL,cdm_transaction,Portfolio_Chain_Code,3W,cdm_valuation,MI_Discounted_MTM,0,Y
ALL,cdm_transaction,Portfolio_Chain_Code,S9,cdm_valuation,MI_Discounted_MTM,0,Y
ALL,cdm_transaction,Portfolio_Chain_Code,5R,cdm_valuation,MI_Discounted_MTM,0,Y
ALL,cdm_transaction,Portfolio_Chain_Code,7C,cdm_valuation,MI_Discounted_MTM,0,Y
ALL,cdm_transaction,Portfolio_Chain_Code,U7,cdm_valuation,MI_Discounted_MTM,0,Y
ALL,cdm_transaction,Portfolio_Chain_Code,S3,cdm_valuation,MI_Discounted_MTM,0,Y
GPTI-ENDUR,cdm_transaction,Portfolio_Chain_Code,GEP_UK_GASREC,cdm_valuation,MI_Discounted_MTM,0,Y
GPTI-ENDUR,cdm_transaction,Portfolio_Chain_Code,GEP_EU_PRIMARY_UERGHG,cdm_valuation,MI_Discounted_MTM,0,Y
GPTI-ENDUR,cdm_transaction,Portfolio_Chain_Code,GEP_EU_TRADING_GGG,cdm_valuation,MI_Discounted_MTM,0,Y
GPTI-ENDUR,cdm_transaction,Portfolio_Chain_Code,GEP_ECM_GLOBALVOLUNTARY,cdm_valuation,MI_Discounted_MTM,0,Y
ALL,cdm_transaction,Portfolio_Chain_Code,U6,cdm_valuation,MI_Discounted_MTM,0,Y
GPTI-ENDUR,cdm_transaction,Portfolio_Chain_Code,GEP_ECM_COLOMBIA,cdm_valuation,MI_Discounted_MTM,0,Y
ALL,cdm_transaction,Counterparty_ID,66748,cdm_transaction,Monitor_Exposure_Flag,N,Y
ALL,cdm_transaction,Counterparty_ID,62475,cdm_transaction,Monitor_Exposure_Flag,N,Y
GPTI-ENDUR,cdm_transaction,Portfolio_Chain_Code,GEP_EU_PRIMARY_POS,cdm_valuation,MI_Discounted_MTM,0,Y
ALL,cdm_transaction,Counterparty_ID,62474,cdm_transaction,Monitor_Exposure_Flag,N,Y
ALL,cdm_transaction,Counterparty_ID,74832,cdm_transaction,Monitor_Exposure_Flag,N,Y
GPTI-ENDUR,cdm_transaction,Portfolio_Chain_Code,GEP_EU_SECONDARY_dRTFC,cdm_valuation,MI_Discounted_MTM,0,Y
ALL,cdm_transaction,Counterparty_ID,62471,cdm_transaction,Monitor_Exposure_Flag,N,Y
ALL,cdm_transaction,Counterparty_ID,64012,cdm_transaction,Monitor_Exposure_Flag,N,Y
ALL,cdm_transaction,Counterparty_ID,62462,cdm_transaction,Monitor_Exposure_Flag,N,Y
ALL,cdm_transaction,Counterparty_ID,62477,cdm_transaction,Monitor_Exposure_Flag,N,Y
ALL,cdm_transaction,Portfolio_Chain_Code,RS,cdm_valuation,MI_Discounted_MTM,0,Y
ALL,cdm_transaction,Portfolio_Chain_Code,2W,cdm_valuation,MI_Discounted_MTM,0,Y
ALL,cdm_transaction,Portfolio_Chain_Code,PA,cdm_valuation,MI_Discounted_MTM,0,Y
ALL,cdm_transaction,Portfolio_Chain_Code,KV,cdm_valuation,MI_Discounted_MTM,0,Y
ALL,cdm_transaction,Portfolio_Chain_Code,U5,cdm_valuation,MI_Discounted_MTM,0,Y
ALL,cdm_transaction,Portfolio_Chain_Code,U9,cdm_valuation,MI_Discounted_MTM,0,Y
GPTA-EPSILON,cdm_transaction,Portfolio_Chain_Code,E-Term APO,cdm_transaction,Monitor_Exposure_Flag,N,Y
GPTI-ENDUR,cdm_transaction,Portfolio_Chain_Code,GEP_EU_SPEC_GGG,cdm_valuation,MI_Discounted_MTM,0,Y
GPTI-ENDUR,cdm_transaction,Portfolio_Chain_Code,GEP_EU_SPEC_UKGG,cdm_valuation,MI_Discounted_MTM,0,Y
GPTI-ENDUR,cdm_transaction,Portfolio_Chain_Code,GEP_EU_PRIMARY_VER,cdm_valuation,MI_Discounted_MTM,0,Y
GPTI-ENDUR,cdm_transaction,Portfolio_Chain_Code,GEP_EU_SECONDARY_VER,cdm_valuation,MI_Discounted_MTM,0,Y
GPTI-ENDUR,cdm_transaction,Portfolio_Chain_Code,GEP_EU_SECONDARY_GGG,cdm_valuation,MI_Discounted_MTM,0,Y
GPTI-ENDUR,cdm_transaction,Portfolio_Chain_Code,GEP_EU_SECONDARY_POS,cdm_valuation,MI_Discounted_MTM,0,Y
GPTI-ENDUR,cdm_transaction,Portfolio_Chain_Code,GEP_EU_PRIMARY_GGG,cdm_valuation,MI_Discounted_MTM,0,Y
GPTI-ENDUR,cdm_transaction,Portfolio_Chain_Code,GEP_EU_SECONDARY_UKGG,cdm_valuation,MI_Discounted_MTM,0,Y
GPTI-ENDUR,cdm_transaction,Portfolio_Chain_Code,GEP_UK_GASREC_ILLIQUID,cdm_valuation,MI_Discounted_MTM,0,Y
GPTI-ENDUR,cdm_transaction,Portfolio_Chain_Code,GEP_EU_SECONDARY_GHGQUOTA,cdm_valuation,MI_Discounted_MTM,0,Y
ALL,cdm_transaction,House_Trade_Indicator,YES,cdm_transaction,Monitor_Exposure_Flag,N,Y
ALL,cdm_transaction,Portfolio_Chain_Code,2M,cdm_valuation,MI_Discounted_MTM,0,Y
