Rule_Ref,Rule_Name,GPTA_EPSILON,GPTA_SRA,GPTA_ENDUR,GPTI_ENDUR,GPTI_TITAN,RPT_ODS
0,DealsExclusion,N,N,Y,N,N,Y
30,MTM Calc,N,N,N,N,N,N
40,PaymentTerm,N,N,Y,N,N,N
50,ARAP Calc,N,N,Y,N,N,Y
60,OptionPremium,N,N,Y,N,N,Y
70,CostProvision,N,N,Y,N,N,N
80,CreditGrouping,N,N,Y,N,N,N
90,OilCostProvision,N,N,N,N,N,Y
140,MTMOutsideMaturityWindow,N,N,Y,N,N,Y
100,SplitProvisional,N,N,N,N,N,N
110,SpotNetting,N,N,N,N,N,Y
10,MergeJavaOutPut,N,N,N,N,N,Y
120,StructuredPrepays,N,N,Y,N,N,N
20,FinancialTransportMode,N,N,Y,N,N,Y
130,GasCalendarSpreadOptions,N,N,Y,N,N,Y
45,IntraMonthMtmPhys,N,N,Y,N,N,Y
