Lookup_Type_Cd,Lookup_Cd,Include
MTM Calc,HR,Y
ARAP Calc,NGLPHYS,Y
ARAP Calc,ANSRS,Y
ARAP Calc,AOOMC,Y
ARAP Calc,ARGSD,Y
ARAP Calc,ARGSU,Y
ARAP Calc,ARPRS,Y
ARAP Calc,NG-B-SWAP,Y
ARAP Calc,ASBSR,Y
ARAP Calc,ASMW,Y
ARAP Calc,ASREG,Y
ARAP Calc,BAL,Y
ARAP Calc,CAPOR,Y
ARAP Calc,CGPHY,Y
ARAP Calc,DPLOY,Y
ARAP Calc,ELOAD,Y
ARAP Calc,FFEE,Y
ARAP Calc,HRP,Y
ARAP Calc,IMBAL,Y
ARAP Calc,OOME,Y
ARAP Calc,PCAP,Y
ARAP Calc,PFEE,Y
ARAP Calc,PFWD,Y
ARAP Calc,PSWAP,Y
ARAP Calc,PTRN,Y
ARAP Calc,PWR/I,Y
ARAP Calc,NG-TRANS,Y
ARAP Calc,NG-TRANS-EQTY,Y
ARAP Calc,NG-IMB,Y
ARAP Calc,NG-PHYS,Y
ARAP Calc,NG-PHYS-CPS,Y
ARAP Calc,NG-PHYS-EQTY,Y
ARAP Calc,NG-PURCH-CREDIT,Y
ARAP Calc,NG-SALES-CREDIT,Y
ARAP Calc,NG-PHYS-BIO,Y
ARAP Calc,NG-FEE,Y
