valuation_date_key,crv_id,crv_valuation_id,trade_txn_key,credit_entity_cpty_id,credit_entity_bple_id,premium_start_dt,premium_end_dt,mtm_start_dt,mtm_end_dt,settlement_start_dt,settlement_end_dt,error_flag,msg_txt,create_dtm,last_updt_dtm,create_user_id,update_user_id,delete_flag
20220913,7d3cfa46-a9c3-4822-b202-e599413863ec,houseengine_13092022,A200014562_22_TT57S_1,12843,1732,null,null,2020-12-01T00:00:00.000+0000,2022-10-15T00:00:00.000+0000,2022-10-16T00:00:00.000+0000,2022-11-14T00:00:00.000+0000,N,"All:
	DealType: StandardPhysicalDeal
	RatingMaturity: AlternateCase
MtmStart:
	Using tradeDoneDate: 2020-12-01
MtmEnd:
	Using settledStart - 1: 2022-10-15
SettleStart:
	Delivery term:FOB
	TransferIndicator: LOADING
	Using DeliveryPeriodStartDt
	TitleTransferStart: 2022-10-01
	titleTransferIndicator: LOADING
	Using: delivery period end date
	titleTransferEndDate: 2022-10-31
	SettlementStartDate: mid of titleTransferStart, titleTransferEnd or titleTransferStart if end before start: 2022-10-16
SettleEnd:
	Fixed payment
	settlementEndDate: 2022-11-14",2022-09-14T08:23:34.698+0000,null,houseEngineCall,houseEngineCall,N
20220913,794706c8-e8a8-4f4a-9720-31ec657e0f67,houseengine_13092022,A200014562_21_TN97V_1,12843,1732,null,null,2020-12-01T00:00:00.000+0000,2022-09-21T00:00:00.000+0000,2022-09-22T00:00:00.000+0000,2022-10-11T00:00:00.000+0000,N,"All:
	DealType: StandardPhysicalDeal
	RatingMaturity: AlternateCase
MtmStart:
	Using tradeDoneDate: 2020-12-01
MtmEnd:
	Using settledStart - 1: 2022-09-21
SettleStart:
	Delivery term:FOB
	TransferIndicator: LOADING
	Using DeliveryPeriodStartDt
	TitleTransferStart: 2022-09-01
	Shifting Start as before Engine Date: 2022-09-14
	titleTransferIndicator: LOADING
	Using: delivery period end date
	titleTransferEndDate: 2022-09-30
	SettlementStartDate: mid of titleTransferStart, titleTransferEnd or titleTransferStart if end before start: 2022-09-22
SettleEnd:
	Fixed payment
	settlementEndDate: 2022-10-11",2022-09-14T08:23:34.699+0000,null,houseEngineCall,houseEngineCall,N
20220913,a520ec08-36d9-43ec-bbd6-1005575c76f3,houseengine_13092022,A200014562_20_TI24R_1,12843,1732,null,null,2020-12-01T00:00:00.000+0000,2022-08-12T00:00:00.000+0000,2022-08-13T00:00:00.000+0000,2022-09-12T00:00:00.000+0000,Y,Deal not included - SettleEndDate before ValuationDate,2022-09-14T08:23:34.699+0000,null,houseEngineCall,houseEngineCall,Y
20220913,6732f410-04e0-4556-84cd-3fb27c125c04,houseengine_13092022,A200014562_23_TY85J_1,12843,1732,null,null,2020-12-01T00:00:00.000+0000,2022-11-15T00:00:00.000+0000,2022-11-16T00:00:00.000+0000,2022-12-15T00:00:00.000+0000,N,"All:
	DealType: StandardPhysicalDeal
	RatingMaturity: AlternateCase
MtmStart:
	Using tradeDoneDate: 2020-12-01
MtmEnd:
	Using settledStart - 1: 2022-11-15
SettleStart:
	Delivery term:FOB
	TransferIndicator: LOADING
	Using DeliveryPeriodStartDt
	TitleTransferStart: 2022-11-01
	titleTransferIndicator: LOADING
	Using: delivery period end date
	titleTransferEndDate: 2022-11-30
	SettlementStartDate: mid of titleTransferStart, titleTransferEnd or titleTransferStart if end before start: 2022-11-16
SettleEnd:
	Fixed payment
	settlementEndDate: 2022-12-15",2022-09-14T08:23:34.699+0000,null,houseEngineCall,houseEngineCall,N
20220913,616a1ccc-50e6-4d67-bb34-df25bddccd94,houseengine_13092022,A210003878_2_SU25J_7,74967,1732,null,null,2021-03-30T00:00:00.000+0000,2022-09-13T00:00:00.000+0000,2022-09-14T00:00:00.000+0000,2022-12-05T00:00:00.000+0000,N,"All:
	DealType: StandardPhysicalDeal
	RatingMaturity: AlternateCase
MtmStart:
	Using tradeDoneDate: 2021-03-30
MtmEnd:
	Using settledStart - 1: 2022-09-13
SettleStart:
	Delivery term:FOB
	TransferIndicator: LOADING
	Using LoadStartDt
	TitleTransferStart: 2022-08-01
	Shifting Start as before Engine Date: 2022-09-14
	titleTransferIndicator: LOADING
	Using: load end date
	titleTransferEndDate: 2022-08-31
	SettlementStartDate: mid of titleTransferStart, titleTransferEnd or titleTransferStart if end before start: 2022-09-14
SettleEnd:
	Fixed payment
	settlementEndDate: 2022-12-05",2022-09-14T08:23:32.375+0000,null,houseEngineCall,houseEngineCall,N
20220913,c12a5ab7-6dbf-477f-b190-3a78c3c1ac54,houseengine_13092022,A210003300_2_TR53W_5,74967,1732,null,null,2021-03-18T00:00:00.000+0000,2022-09-13T00:00:00.000+0000,2022-09-14T00:00:00.000+0000,2022-10-11T00:00:00.000+0000,N,"All:
	DealType: StandardPhysicalDeal
	RatingMaturity: AlternateCase
MtmStart:
	Using tradeDoneDate: 2021-03-18
MtmEnd:
	Using settledStart - 1: 2022-09-13
SettleStart:
	Delivery term:FOB
	TransferIndicator: LOADING
	Using LoadStartDt
	TitleTransferStart: 2022-01-01
	Shifting Start as before Engine Date: 2022-09-14
	titleTransferIndicator: LOADING
	Using: load end date
	titleTransferEndDate: 2022-01-31
	SettlementStartDate: mid of titleTransferStart, titleTransferEnd or titleTransferStart if end before start: 2022-09-14
SettleEnd:
	Fixed payment
	settlementEndDate: 2022-10-11",2022-09-14T08:23:32.375+0000,null,houseEngineCall,houseEngineCall,N
20220913,abd7fccc-9698-487a-aad8-470a17f3e57b,houseengine_13092022,A170008198_66_TN97V_3,14161,1732,null,null,2017-08-14T00:00:00.000+0000,2022-09-21T00:00:00.000+0000,2022-09-22T00:00:00.000+0000,2022-10-11T00:00:00.000+0000,N,"All:
	DealType: StandardPhysicalDeal
	RatingMaturity: AlternateCase
MtmStart:
	Using tradeDoneDate: 2017-08-14
MtmEnd:
	Using settledStart - 1: 2022-09-21
SettleStart:
	Delivery term:FOB
	TransferIndicator: LOADING
	Using DeliveryPeriodStartDt
	TitleTransferStart: 2022-09-01
	Shifting Start as before Engine Date: 2022-09-14
	titleTransferIndicator: LOADING
	Using: delivery period end date
	titleTransferEndDate: 2022-09-30
	SettlementStartDate: mid of titleTransferStart, titleTransferEnd or titleTransferStart if end before start: 2022-09-22
SettleEnd:
	Fixed payment
	settlementEndDate: 2022-10-11",2022-09-14T08:25:37.675+0000,null,houseEngineCall,houseEngineCall,N
20220913,670671a9-a04b-4327-85ae-00a56722143e,houseengine_13092022,A170008198_66_TT16K_2,14161,1732,null,null,2017-08-14T00:00:00.000+0000,2022-09-21T00:00:00.000+0000,2022-09-22T00:00:00.000+0000,2022-10-17T00:00:00.000+0000,N,"All:
	DealType: StandardPhysicalDeal
	RatingMaturity: AlternateCase
MtmStart:
	Using tradeDoneDate: 2017-08-14
MtmEnd:
	Using settledStart - 1: 2022-09-21
SettleStart:
	Delivery term:FOB
	TransferIndicator: LOADING
	Using DeliveryPeriodStartDt
	TitleTransferStart: 2022-09-01
	Shifting Start as before Engine Date: 2022-09-14
	titleTransferIndicator: LOADING
	Using: delivery period end date
	titleTransferEndDate: 2022-09-30
	SettlementStartDate: mid of titleTransferStart, titleTransferEnd or titleTransferStart if end before start: 2022-09-22
SettleEnd:
	Fixed payment
	settlementEndDate: 2022-10-17",2022-09-14T08:25:37.675+0000,null,houseEngineCall,houseEngineCall,N
20220913,74b2de51-e98e-4f64-91ed-2cf9498b678a,houseengine_13092022,A170008198_65_TI24R_3,14161,1732,null,null,2017-08-14T00:00:00.000+0000,2022-08-12T00:00:00.000+0000,2022-08-13T00:00:00.000+0000,2022-09-12T00:00:00.000+0000,Y,Deal not included - SettleEndDate before ValuationDate,2022-09-14T08:25:37.675+0000,null,houseEngineCall,houseEngineCall,Y
20220913,378f94e2-e83b-4dd6-912c-efb8880bce9e,houseengine_13092022,A170008198_68_TY85K_1,14161,1732,null,null,2017-08-14T00:00:00.000+0000,2022-11-15T00:00:00.000+0000,2022-11-16T00:00:00.000+0000,2022-12-15T00:00:00.000+0000,N,"All:
	DealType: StandardPhysicalDeal
	RatingMaturity: AlternateCase
MtmStart:
	Using tradeDoneDate: 2017-08-14
MtmEnd:
	Using settledStart - 1: 2022-11-15
SettleStart:
	Delivery term:FOB
	TransferIndicator: LOADING
	Using DeliveryPeriodStartDt
	TitleTransferStart: 2022-11-01
	titleTransferIndicator: LOADING
	Using: delivery period end date
	titleTransferEndDate: 2022-11-30
	SettlementStartDate: mid of titleTransferStart, titleTransferEnd or titleTransferStart if end before start: 2022-11-16
SettleEnd:
	Fixed payment
	settlementEndDate: 2022-12-15",2022-09-14T08:25:37.675+0000,null,houseEngineCall,houseEngineCall,N
20220913,62e73add-18f8-464b-ada1-f3c9156d8407,houseengine_13092022,A170008198_65_TM86M_2,14161,1732,null,null,2017-08-14T00:00:00.000+0000,2022-08-09T00:00:00.000+0000,2022-08-10T00:00:00.000+0000,2022-09-09T00:00:00.000+0000,Y,Deal not included - SettleEndDate before ValuationDate,2022-09-14T08:25:37.676+0000,null,houseEngineCall,houseEngineCall,Y
20220913,3fcc68d4-a074-4bb9-98b7-0fc9ef8dd7f8,houseengine_13092022,A170008198_65_TI24S_1,14161,1732,null,null,2017-08-14T00:00:00.000+0000,2022-08-09T00:00:00.000+0000,2022-08-10T00:00:00.000+0000,2022-09-09T00:00:00.000+0000,Y,Deal not included - SettleEndDate before ValuationDate,2022-09-14T08:25:37.676+0000,null,houseEngineCall,houseEngineCall,Y
20220913,60058fe9-f35e-406d-8abd-c5eb788dbda1,houseengine_13092022,A170008198_67_TT57T_1,14161,1732,null,null,2017-08-14T00:00:00.000+0000,2022-10-15T00:00:00.000+0000,2022-10-16T00:00:00.000+0000,2022-11-14T00:00:00.000+0000,N,"All:
	DealType: StandardPhysicalDeal
	RatingMaturity: AlternateCase
MtmStart:
	Using tradeDoneDate: 2017-08-14
MtmEnd:
	Using settledStart - 1: 2022-10-15
SettleStart:
	Delivery term:FOB
	TransferIndicator: LOADING
	Using DeliveryPeriodStartDt
	TitleTransferStart: 2022-10-01
	titleTransferIndicator: LOADING
	Using: delivery period end date
	titleTransferEndDate: 2022-10-31
	SettlementStartDate: mid of titleTransferStart, titleTransferEnd or titleTransferStart if end before start: 2022-10-16
SettleEnd:
	Fixed payment
	settlementEndDate: 2022-11-14",2022-09-14T08:25:37.676+0000,null,houseEngineCall,houseEngineCall,N
20220913,59553e45-392a-45fd-8af5-0d60e58775a8,houseengine_13092022,A170008198_66_TN97T_1,14161,1732,null,null,2017-08-14T00:00:00.000+0000,2022-09-03T00:00:00.000+0000,2022-09-04T00:00:00.000+0000,2022-10-04T00:00:00.000+0000,N,"All:
	DealType: StandardPhysicalDeal
	RatingMaturity: AlternateCase
MtmStart:
	Using tradeDoneDate: 2017-08-14
MtmEnd:
	Using settledStart - 1: 2022-09-03
SettleStart:
	Delivery term:FOB
	TransferIndicator: Actualized
	TitleTransferStart: 2022-09-04
	titleTransferIndicator: ACTUALIZED
	2022-09-04
	Using: title transfer end date
	titleTransferEndDate: 2022-09-04
	SettlementStartDate: mid of titleTransferStart, titleTransferEnd or titleTransferStart if end before start: 2022-09-04
SettleEnd:
	Fixed payment
	settlementEndDate: 2022-10-04",2022-09-14T08:25:37.676+0000,null,houseEngineCall,houseEngineCall,N
20220913,091a691b-f23b-4895-a663-181ae745d080,houseengine_13092022,A210011123_11_TY45X_3,1025,1732,null,null,2021-07-30T00:00:00.000+0000,2022-10-15T00:00:00.000+0000,2022-10-16T00:00:00.000+0000,2022-11-04T00:00:00.000+0000,N,"All:
	DealType: StandardPhysicalDeal
	RatingMaturity: AlternateCase
MtmStart:
	Using tradeDoneDate: 2021-07-30
MtmEnd:
	Using settledStart - 1: 2022-10-15
SettleStart:
	Delivery term:FOB
	TransferIndicator: LOADING
	Using LoadStartDt
	TitleTransferStart: 2022-10-01
	titleTransferIndicator: LOADING
	Using: load end date
	titleTransferEndDate: 2022-10-31
	SettlementStartDate: mid of titleTransferStart, titleTransferEnd or titleTransferStart if end before start: 2022-10-16
SettleEnd:
	Fixed payment
	settlementEndDate: 2022-11-04",2022-09-14T08:27:21.044+0000,null,houseEngineCall,houseEngineCall,N
20220913,12425e1a-1d22-4faf-8e91-dc4b8d0d7399,houseengine_13092022,A190011959_37_0,79928,1732,null,null,2019-10-15T00:00:00.000+0000,2022-09-13T00:00:00.000+0000,2022-09-14T00:00:00.000+0000,2022-09-19T00:00:00.000+0000,N,"All:
	DealType: StandardPhysicalDeal
	RatingMaturity: AlternateCase
MtmStart:
	Using tradeDoneDate: 2019-10-15
MtmEnd:
	Using settledStart - 1: 2022-09-13
SettleStart:
	Delivery term:*NOT MAPPED
	TransferIndicator: DISCHARGE
	Using DeliveryPeriodStartDt
	TitleTransferStart: 2022-08-29
	titleTransferIndicator: DISCHARGE
	Using: delivery period end date
	titleTransferEndDate: 2022-09-29
	SettlementStartDate: mid of titleTransferStart, titleTransferEnd or titleTransferStart if end before start: 2022-09-14
SettleEnd:
	Fixed payment
	settlementEndDate: 2022-09-19",2022-09-14T08:23:41.709+0000,null,houseEngineCall,houseEngineCall,N
20220913,2aaf124a-404d-44bc-a0f3-3ded18dca661,houseengine_13092022,A210050412_8_0,1370,1732,null,null,2021-10-20T00:00:00.000+0000,2022-08-15T00:00:00.000+0000,2022-08-16T00:00:00.000+0000,2022-09-09T00:00:00.000+0000,Y,Deal not included - SettleEndDate before ValuationDate,2022-09-14T08:22:10.800+0000,null,houseEngineCall,houseEngineCall,Y
20220913,68c1d8a0-926c-4df9-8a0b-72fe8765d1ab,houseengine_13092022,A210050412_7_TL20W_2,1370,1732,null,null,2021-10-20T00:00:00.000+0000,2022-08-19T00:00:00.000+0000,2022-08-20T00:00:00.000+0000,2022-09-14T00:00:00.000+0000,N,"All:
	DealType: StandardPhysicalDeal
	RatingMaturity: AlternateCase
MtmStart:
	Using tradeDoneDate: 2021-10-20
MtmEnd:
	Using settledStart - 1: 2022-08-19
SettleStart:
	Delivery term:CIFD
	TransferIndicator: Actualized
	TitleTransferStart: 2022-08-20
	titleTransferIndicator: ACTUALIZED
	2022-08-20
	Using: title transfer end date
	titleTransferEndDate: 2022-08-20
	SettlementStartDate: mid of titleTransferStart, titleTransferEnd or titleTransferStart if end before start: 2022-08-20
SettleEnd:
	Fixed payment
	settlementEndDate: 2022-09-14",2022-09-14T08:22:10.800+0000,null,houseEngineCall,houseEngineCall,N
20220913,488d6fe2-8ea3-4001-b039-8ca8c0b05803,houseengine_13092022,A210050412_7_TL20W_1,1370,1732,null,null,2021-10-20T00:00:00.000+0000,2022-08-19T00:00:00.000+0000,2022-08-20T00:00:00.000+0000,2022-09-14T00:00:00.000+0000,N,"All:
	DealType: StandardPhysicalDeal
	RatingMaturity: AlternateCase
MtmStart:
	Using tradeDoneDate: 2021-10-20
MtmEnd:
	Using settledStart - 1: 2022-08-19
SettleStart:
	Delivery term:CIFD
	TransferIndicator: Actualized
	TitleTransferStart: 2022-08-20
	titleTransferIndicator: ACTUALIZED
	2022-08-20
	Using: title transfer end date
	titleTransferEndDate: 2022-08-20
	SettlementStartDate: mid of titleTransferStart, titleTransferEnd or titleTransferStart if end before start: 2022-08-20
SettleEnd:
	Fixed payment
	settlementEndDate: 2022-09-14",2022-09-14T08:22:10.800+0000,null,houseEngineCall,houseEngineCall,N
20220913,683e8d97-dd2d-4c38-af73-134beaf577a3,houseengine_13092022,A210050412_8_TW59Q_2,1370,1732,null,null,2021-10-20T00:00:00.000+0000,2022-09-13T00:00:00.000+0000,2022-09-14T00:00:00.000+0000,2022-10-20T00:00:00.000+0000,N,"All:
	DealType: StandardPhysicalDeal
	RatingMaturity: AlternateCase
MtmStart:
	Using tradeDoneDate: 2021-10-20
MtmEnd:
	Using settledStart - 1: 2022-09-13
SettleStart:
	Delivery term:CIFD
	TransferIndicator: LOADING
	Using DeliveryPeriodStartDt
	TitleTransferStart: 2022-08-01
	Shifting Start as before Engine Date: 2022-09-14
	titleTransferIndicator: LOADING
	Using: delivery period end date
	titleTransferEndDate: 2022-08-31
	SettlementStartDate: mid of titleTransferStart, titleTransferEnd or titleTransferStart if end before start: 2022-09-14
SettleEnd:
	Fixed payment
	settlementEndDate: 2022-10-20",2022-09-14T08:22:10.800+0000,null,houseEngineCall,houseEngineCall,N
20220913,10684d12-a99e-4646-bd8d-6c2782458df8,houseengine_13092022,A210050412_8_TT59M_3,1370,1732,null,null,2021-10-20T00:00:00.000+0000,2022-09-12T00:00:00.000+0000,2022-09-13T00:00:00.000+0000,2022-10-07T00:00:00.000+0000,N,"All:
	DealType: StandardPhysicalDeal
	RatingMaturity: AlternateCase
MtmStart:
	Using tradeDoneDate: 2021-10-20
MtmEnd:
	Using settledStart - 1: 2022-09-12
SettleStart:
	Delivery term:CIFD
	TransferIndicator: Actualized
	TitleTransferStart: 2022-09-13
	titleTransferIndicator: ACTUALIZED
	2022-09-13
	Using: title transfer end date
	titleTransferEndDate: 2022-09-13
	SettlementStartDate: mid of titleTransferStart, titleTransferEnd or titleTransferStart if end before start: 2022-09-13
SettleEnd:
	Fixed payment
	settlementEndDate: 2022-10-07",2022-09-14T08:22:10.800+0000,null,houseEngineCall,houseEngineCall,N
20220913,923c8f8f-540f-4f29-b5ad-114499807772,houseengine_13092022,A210050412_8_TT59M_2,1370,1732,null,null,2021-10-20T00:00:00.000+0000,2022-09-12T00:00:00.000+0000,2022-09-13T00:00:00.000+0000,2022-10-07T00:00:00.000+0000,N,"All:
	DealType: StandardPhysicalDeal
	RatingMaturity: AlternateCase
MtmStart:
	Using tradeDoneDate: 2021-10-20
MtmEnd:
	Using settledStart - 1: 2022-09-12
SettleStart:
	Delivery term:CIFD
	TransferIndicator: Actualized
	TitleTransferStart: 2022-09-13
	titleTransferIndicator: ACTUALIZED
	2022-09-13
	Using: title transfer end date
	titleTransferEndDate: 2022-09-13
	SettlementStartDate: mid of titleTransferStart, titleTransferEnd or titleTransferStart if end before start: 2022-09-13
SettleEnd:
	Fixed payment
	settlementEndDate: 2022-10-07",2022-09-14T08:22:10.800+0000,null,houseEngineCall,houseEngineCall,N
20220913,2c59d2cb-cf5e-4172-b0b4-003425a2322e,houseengine_13092022,A210050412_7_TL21A_1,1370,1732,null,null,2021-10-20T00:00:00.000+0000,2022-08-22T00:00:00.000+0000,2022-08-23T00:00:00.000+0000,2022-09-16T00:00:00.000+0000,N,"All:
	DealType: StandardPhysicalDeal
	RatingMaturity: AlternateCase
MtmStart:
	Using tradeDoneDate: 2021-10-20
MtmEnd:
	Using settledStart - 1: 2022-08-22
SettleStart:
	Delivery term:CIFD
	TransferIndicator: Actualized
	TitleTransferStart: 2022-08-23
	titleTransferIndicator: ACTUALIZED
	2022-08-23
	Using: title transfer end date
	titleTransferEndDate: 2022-08-23
	SettlementStartDate: mid of titleTransferStart, titleTransferEnd or titleTransferStart if end before start: 2022-08-23
SettleEnd:
	Fixed payment
	settlementEndDate: 2022-09-16",2022-09-14T08:22:10.800+0000,null,houseEngineCall,houseEngineCall,N
20220913,1279a3a8-94ba-41ff-ae1d-95cada8fc5f5,houseengine_13092022,A210050412_12_0,1370,1732,null,null,2021-10-20T00:00:00.000+0000,2022-12-15T00:00:00.000+0000,2022-12-16T00:00:00.000+0000,2023-01-10T00:00:00.000+0000,N,"All:
	DealType: StandardPhysicalDeal
	RatingMaturity: AlternateCase
MtmStart:
	Using tradeDoneDate: 2021-10-20
MtmEnd:
	Using settledStart - 1: 2022-12-15
SettleStart:
	Delivery term:*NOT MAPPED
	TransferIndicator: DISCHARGE
	Using DeliveryPeriodStartDt
	TitleTransferStart: 2022-12-01
	titleTransferIndicator: DISCHARGE
	Using: delivery period end date
	titleTransferEndDate: 2022-12-31
	SettlementStartDate: mid of titleTransferStart, titleTransferEnd or titleTransferStart if end before start: 2022-12-16
SettleEnd:
	Fixed payment
	settlementEndDate: 2023-01-10",2022-09-14T08:22:10.800+0000,null,houseEngineCall,houseEngineCall,N
20220913,789cdfb7-e43c-4ac7-8e09-b7fe3161aadd,houseengine_13092022,A210050412_11_0,1370,1732,null,null,2021-10-20T00:00:00.000+0000,2022-11-15T00:00:00.000+0000,2022-11-16T00:00:00.000+0000,2022-12-09T00:00:00.000+0000,N,"All:
	DealType: StandardPhysicalDeal
	RatingMaturity: AlternateCase
MtmStart:
	Using tradeDoneDate: 2021-10-20
MtmEnd:
	Using settledStart - 1: 2022-11-15
SettleStart:
	Delivery term:*NOT MAPPED
	TransferIndicator: DISCHARGE
	Using DeliveryPeriodStartDt
	TitleTransferStart: 2022-11-01
	titleTransferIndicator: DISCHARGE
	Using: delivery period end date
	titleTransferEndDate: 2022-11-30
	SettlementStartDate: mid of titleTransferStart, titleTransferEnd or titleTransferStart if end before start: 2022-11-16
SettleEnd:
	Fixed payment
	settlementEndDate: 2022-12-09",2022-09-14T08:22:10.801+0000,null,houseEngineCall,houseEngineCall,N
20220913,0fe289a2-8bfb-42f0-8d89-636739e12578,houseengine_13092022,A210050412_10_0,1370,1732,null,null,2021-10-20T00:00:00.000+0000,2022-10-15T00:00:00.000+0000,2022-10-16T00:00:00.000+0000,2022-11-10T00:00:00.000+0000,N,"All:
	DealType: StandardPhysicalDeal
	RatingMaturity: AlternateCase
MtmStart:
	Using tradeDoneDate: 2021-10-20
MtmEnd:
	Using settledStart - 1: 2022-10-15
SettleStart:
	Delivery term:*NOT MAPPED
	TransferIndicator: DISCHARGE
	Using DeliveryPeriodStartDt
	TitleTransferStart: 2022-10-01
	titleTransferIndicator: DISCHARGE
	Using: delivery period end date
	titleTransferEndDate: 2022-10-31
	SettlementStartDate: mid of titleTransferStart, titleTransferEnd or titleTransferStart if end before start: 2022-10-16
SettleEnd:
	Fixed payment
	settlementEndDate: 2022-11-10",2022-09-14T08:22:10.801+0000,null,houseEngineCall,houseEngineCall,N
20220913,8066cadc-5011-4185-8b78-42bfce786d1b,houseengine_13092022,A210050412_8_TV79V_2,1370,1732,null,null,2021-10-20T00:00:00.000+0000,2022-09-13T00:00:00.000+0000,2022-09-14T00:00:00.000+0000,2022-10-17T00:00:00.000+0000,N,"All:
	DealType: StandardPhysicalDeal
	RatingMaturity: AlternateCase
MtmStart:
	Using tradeDoneDate: 2021-10-20
MtmEnd:
	Using settledStart - 1: 2022-09-13
SettleStart:
	Delivery term:CIFD
	TransferIndicator: LOADING
	Using DeliveryPeriodStartDt
	TitleTransferStart: 2022-08-01
	Shifting Start as before Engine Date: 2022-09-14
	titleTransferIndicator: LOADING
	Using: delivery period end date
	titleTransferEndDate: 2022-08-31
	SettlementStartDate: mid of titleTransferStart, titleTransferEnd or titleTransferStart if end before start: 2022-09-14
SettleEnd:
	Fixed payment
	settlementEndDate: 2022-10-17",2022-09-14T08:22:10.801+0000,null,houseEngineCall,houseEngineCall,N
20220913,9dcd1547-f6ce-4b13-8e3b-9c3b0e79b81b,houseengine_13092022,A210050412_8_TQ28F_1,1370,1732,null,null,2021-10-20T00:00:00.000+0000,2022-09-13T00:00:00.000+0000,2022-09-14T00:00:00.000+0000,2022-10-25T00:00:00.000+0000,N,"All:
	DealType: StandardPhysicalDeal
	RatingMaturity: AlternateCase
MtmStart:
	Using tradeDoneDate: 2021-10-20
MtmEnd:
	Using settledStart - 1: 2022-09-13
SettleStart:
	Delivery term:CIFD
	TransferIndicator: LOADING
	Using DeliveryPeriodStartDt
	TitleTransferStart: 2022-08-01
	Shifting Start as before Engine Date: 2022-09-14
	titleTransferIndicator: LOADING
	Using: delivery period end date
	titleTransferEndDate: 2022-08-31
	SettlementStartDate: mid of titleTransferStart, titleTransferEnd or titleTransferStart if end before start: 2022-09-14
SettleEnd:
	Fixed payment
	settlementEndDate: 2022-10-25",2022-09-14T08:22:10.801+0000,null,houseEngineCall,houseEngineCall,N
20220913,22a2e65c-ba02-4c49-900c-65649365ee5b,houseengine_13092022,A210050412_8_TV79V_4,1370,1732,null,null,2021-10-20T00:00:00.000+0000,2022-09-13T00:00:00.000+0000,2022-09-14T00:00:00.000+0000,2022-10-17T00:00:00.000+0000,N,"All:
	DealType: StandardPhysicalDeal
	RatingMaturity: AlternateCase
MtmStart:
	Using tradeDoneDate: 2021-10-20
MtmEnd:
	Using settledStart - 1: 2022-09-13
SettleStart:
	Delivery term:CIFD
	TransferIndicator: LOADING
	Using DeliveryPeriodStartDt
	TitleTransferStart: 2022-08-01
	Shifting Start as before Engine Date: 2022-09-14
	titleTransferIndicator: LOADING
	Using: delivery period end date
	titleTransferEndDate: 2022-08-31
	SettlementStartDate: mid of titleTransferStart, titleTransferEnd or titleTransferStart if end before start: 2022-09-14
SettleEnd:
	Fixed payment
	settlementEndDate: 2022-10-17",2022-09-14T08:22:10.801+0000,null,houseEngineCall,houseEngineCall,N
20220913,126acee3-c597-4c04-a793-56f727a53cf9,houseengine_13092022,A210050412_8_TQ28F_3,1370,1732,null,null,2021-10-20T00:00:00.000+0000,2022-09-13T00:00:00.000+0000,2022-09-14T00:00:00.000+0000,2022-10-25T00:00:00.000+0000,N,"All:
	DealType: StandardPhysicalDeal
	RatingMaturity: AlternateCase
MtmStart:
	Using tradeDoneDate: 2021-10-20
MtmEnd:
	Using settledStart - 1: 2022-09-13
SettleStart:
	Delivery term:CIFD
	TransferIndicator: LOADING
	Using DeliveryPeriodStartDt
	TitleTransferStart: 2022-08-01
	Shifting Start as before Engine Date: 2022-09-14
	titleTransferIndicator: LOADING
	Using: delivery period end date
	titleTransferEndDate: 2022-08-31
	SettlementStartDate: mid of titleTransferStart, titleTransferEnd or titleTransferStart if end before start: 2022-09-14
SettleEnd:
	Fixed payment
	settlementEndDate: 2022-10-25",2022-09-14T08:22:10.801+0000,null,houseEngineCall,houseEngineCall,N
20220913,7b698228-512c-4675-b61d-e5b849318391,houseengine_13092022,A190014971_25_TY14H_1,69395,1732,null,null,2019-12-13T00:00:00.000+0000,2022-09-30T00:00:00.000+0000,2022-10-01T00:00:00.000+0000,2022-10-19T00:00:00.000+0000,N,"All:
	DealType: StandardPhysicalDeal
	RatingMaturity: AlternateCase
MtmStart:
	Using tradeDoneDate: 2019-12-13
MtmEnd:
	Using settledStart - 1: 2022-09-30
SettleStart:
	Delivery term:FOB
	TransferIndicator: LOADING
	Using LoadStartDt
	TitleTransferStart: 2022-09-16
	titleTransferIndicator: LOADING
	Using: load end date
	titleTransferEndDate: 2022-10-15
	SettlementStartDate: mid of titleTransferStart, titleTransferEnd or titleTransferStart if end before start: 2022-10-01
SettleEnd:
	Fixed payment
	settlementEndDate: 2022-10-19",2022-09-14T08:23:22.849+0000,null,houseEngineCall,houseEngineCall,N
20220913,506fd86d-9266-4468-95e2-695244b15397,houseengine_13092022,A190003698_26_0,79442,1732,null,null,2019-04-08T00:00:00.000+0000,2023-04-15T00:00:00.000+0000,2023-04-16T00:00:00.000+0000,2023-05-12T00:00:00.000+0000,N,"All:
	DealType: StandardPhysicalDeal
	RatingMaturity: AlternateCase
MtmStart:
	Using tradeDoneDate: 2019-04-08
MtmEnd:
	Using settledStart - 1: 2023-04-15
SettleStart:
	Delivery term:*NOT MAPPED
	TransferIndicator: DISCHARGE
	Using DeliveryPeriodStartDt
	TitleTransferStart: 2023-04-01
	titleTransferIndicator: DISCHARGE
	Using: delivery period end date
	titleTransferEndDate: 2023-04-30
	SettlementStartDate: mid of titleTransferStart, titleTransferEnd or titleTransferStart if end before start: 2023-04-16
SettleEnd:
	Fixed payment
	settlementEndDate: 2023-05-12",2022-09-14T08:27:44.070+0000,null,houseEngineCall,houseEngineCall,N
