setl_type_cd,setl_type_desc,date_term_cd,create_dtm,last_updt_dtm,status_cd,create_user_id,update_user_id,delete_flag
BASIS,Financial Gas Basis,51,2010-02-06T14:10:49.000+0000,2010-02-06T14:10:49.000+0000,1,banss2,banss2,N
COAL_FIN_CURRENT_MONTH,Financial COAL with Current Month Price Settlement,50,2010-02-06T14:10:49.000+0000,2010-02-06T14:10:49.000+0000,1,wolfax,wolfax,N
COAL_PHYS_CURRENT_MONTH,Physical COAL with Current Month Price Settlement,10,2010-02-06T14:10:49.000+0000,2010-02-06T14:10:49.000+0000,1,wolfax,wolfax,N
CRUDE_FIN_CURRENT_MONTH,Financial CRUDE with Current Month Price Settlemen,70,2010-02-06T14:10:49.000+0000,2010-02-06T14:10:49.000+0000,1,banss2,nguyj2,N
CRUDE_FIN_DAILY,Financial CRUDE with Daily Price Settlement,70,2010-02-06T14:10:49.000+0000,2010-02-06T14:10:49.000+0000,1,nguyj2,nguyj2,N
CRUDE_FIN_PREVIOUS_MONTH,Financial CRUDE with Previous Month Price Settleme,50,2010-02-06T14:10:49.000+0000,2010-02-06T14:10:49.000+0000,1,nguyj2,nguyj2,N
CRUDE_PHYS_CURRENT_MONTH,Physical Crude with Current Month Price Settlement,45,2010-02-06T14:10:49.000+0000,2010-02-06T14:10:49.000+0000,1,nguyj2,nguyj2,N
CRUDE_PHYS_DAILY,Physical Crude with Daily Price Settlement,45,2010-02-06T14:10:49.000+0000,2010-02-06T14:10:49.000+0000,1,nguyj2,nguyj2,N
CRUDE_PHYS_PREVIOUS_MONTH,Physical Crude with Previous Month Price Settlemen,45,2010-02-06T14:10:49.000+0000,2010-02-06T14:10:49.000+0000,1,nguyj2,nguyj2,N
EMS_FIN_CURRENT_MONTH,Financial Emission with Current Month Price Settle,1,2010-02-06T14:10:49.000+0000,2010-02-06T14:10:49.000+0000,1,nguyj2,nguyj2,N
EMS_FIN_DAILY,Financial Emission with Daily Price Settlement,1,2010-02-06T14:10:49.000+0000,2010-02-06T14:10:49.000+0000,1,nguyj2,nguyj2,N
EMS_FIN_PREVIOUS_MONTH,Financial Emission with Previous Month Price Settl,1,2010-02-06T14:10:49.000+0000,2010-02-06T14:10:49.000+0000,1,nguyj2,nguyj2,N
EMS_PHYS_CURRENT_MONTH,Physical Emission with Current Month Price Settlem,1,2010-02-06T14:10:49.000+0000,2010-02-06T14:10:49.000+0000,1,nguyj2,nguyj2,N
EMS_PHYS_DAILY,Physical Emission with Daily Price Settlement,1,2010-02-06T14:10:49.000+0000,2010-02-06T14:10:49.000+0000,1,nguyj2,nguyj2,N
EMS_PHYS_PREVIOUS_MONTH,Physical Emission with Previous Month Price Settle,1,2010-02-06T14:10:49.000+0000,2010-02-06T14:10:49.000+0000,1,nguyj2,nguyj2,N
FUTURE,Financial Gas Future,48,2010-02-06T14:10:49.000+0000,2010-02-06T14:10:49.000+0000,1,banss2,banss2,N
GAS_DAILY,Financial Swing Swap,70,2010-02-06T14:10:49.000+0000,2010-02-06T14:10:49.000+0000,1,nguyj2,nguyj2,N
GAS_PHYS,Physical Gas,25,2010-02-06T14:10:49.000+0000,2010-02-06T14:10:49.000+0000,1,banss2,nguyj2,N
GAS_PHYS_CURRENT_MONTH,Physical Gas,25,2010-02-06T14:10:49.000+0000,2010-02-06T14:10:49.000+0000,1,wolfax,wolfax,N
GAS_PHYS_DAILY,Physical Daily Gas,68,2010-02-06T14:10:49.000+0000,2010-02-06T14:10:49.000+0000,1,wolfax,wolfax,N
NGL_FIN_CURRENT_MONTH,Financial NGL with Current Month Price Settlement,70,2010-02-06T14:10:49.000+0000,2010-02-06T14:10:49.000+0000,1,banss2,nguyj2,N
NGL_FIN_DAILY,Financial NGL with Daily Price Settlement,70,2010-02-06T14:10:49.000+0000,2010-02-06T14:10:49.000+0000,1,banss2,nguyj2,N
NGL_FIN_PREVIOUS_MONTH,Financial NGL with Previous Month Price Settlement,50,2010-02-06T14:10:49.000+0000,2010-02-06T14:10:49.000+0000,1,banss2,nguyj2,N
NGL_PHYS_CURRENT_MONTH,Physical NGL with Current Month Price Settlement,45,2010-02-06T14:10:49.000+0000,2010-02-06T14:10:49.000+0000,1,banss2,nguyj2,N
NGL_PHYS_DAILY,Physical NGL with Daily Price Settlement,45,2010-02-06T14:10:49.000+0000,2010-02-06T14:10:49.000+0000,3,banss4,nguyj4,N
NGL_PHYS_PREVIOUS_MONTH,Physical NGL with Previous Month Price Settlement,45,2010-02-06T14:10:49.000+0000,2010-02-06T14:10:49.000+0000,2,banss3,nguyj3,N
NYMEX,Financial Gas NYMEX,48,2010-02-06T14:10:49.000+0000,2010-02-06T14:10:49.000+0000,1,banss2,banss2,N
PENULTIMATE,Financial Gas Penultimate,47,2010-02-06T14:10:49.000+0000,2010-02-06T14:10:49.000+0000,1,banss2,banss2,N
POWER_FIN_CURRENT_MONTH,Financial Power with Current Month Price Settlemen,75,2010-02-06T14:10:49.000+0000,2010-02-06T14:10:49.000+0000,1,banss2,nguyj2,N
POWER_FIN_DAILY,Financial Power with Daily Price Settlement,75,2010-02-06T14:10:49.000+0000,2010-02-06T14:10:49.000+0000,1,banss2,nguyj2,N
POWER_FIN_PREVIOUS_MONTH,Financial Power with Previous Month Price Settleme,55,2010-02-06T14:10:49.000+0000,2010-02-06T14:10:49.000+0000,1,banss2,nguyj2,N
POWER_PHYS_CURRENT_MONTH,Physical Power with Current Month Price Settlement,20,2010-02-06T14:10:49.000+0000,2010-02-06T14:10:49.000+0000,1,banss2,nguyj2,N
POWER_PHYS_DAILY,Physical Power with Daily Price Settlement,20,2010-02-06T14:10:49.000+0000,2010-02-06T14:10:49.000+0000,1,banss2,nguyj2,N
POWER_PHYS_PREVIOUS_MONTH,Physical Power with Previous Month Price Settlemen,20,2010-02-06T14:10:49.000+0000,2010-02-06T14:10:49.000+0000,1,banss2,nguyj2,N
GAS_ASIAN_OPTION,Financial Gas Asian Option,70,2010-02-06T14:10:49.000+0000,2010-02-06T14:10:49.000+0000,1,nguyj2,nguyj2,N
GAS_FIN_CURRENT_MONTH,Financial Gas Current Month,70,2010-02-06T14:10:49.000+0000,2010-02-06T14:10:49.000+0000,1,wolfax,wolfax,N
GAS_FIN_DAILY,Financial Gas Daily,68,2010-02-06T14:10:49.000+0000,2010-02-06T14:10:49.000+0000,1,wolfax,wolfax,N
GAS_FIN_PREVIOUS_MONTH,Financial Gas Previous Month,48,2010-02-06T14:10:49.000+0000,2010-02-06T14:10:49.000+0000,1,wolfax,wolfax,N
HO_FIN_CURRENT_MONTH,Financial Heating Oil with Current Month Price Set,70,2010-02-06T14:10:49.000+0000,2010-02-06T14:10:49.000+0000,1,nguyj2,nguyj2,N
HO_FIN_DAILY,Financial Heating Oil with Daily Price Settlement,70,2010-02-06T14:10:49.000+0000,2010-02-06T14:10:49.000+0000,1,nguyj2,nguyj2,N
HO_FIN_PREVIOUS_MONTH,Financial Heating Oil with Previous Month Price Se,50,2010-02-06T14:10:49.000+0000,2010-02-06T14:10:49.000+0000,1,nguyj2,nguyj2,N
RFPRD_FIN_PREVIOUS_MONTH,Financial Refined Product with Previous Month Pric,50,2011-08-20T12:26:16.000+0000,2011-08-20T12:26:16.000+0000,1,guptrg,guptrg,N
RFPRD_FIN_CURRENT_MONTH,Financial Refined Product with Current Month Price,70,2011-08-20T12:26:16.000+0000,2011-08-20T12:26:16.000+0000,1,guptrg,guptrg,N
RFPRD_FIN_DAILY,Financial Refined Product with Daily Price Settl,70,2011-08-20T12:26:16.000+0000,2011-08-20T12:26:16.000+0000,1,guptrg,guptrg,N
RFPRD_PHYS_PREVIOUS_MONTH,Physical Refined Product with Previous Month Price,50,2011-08-20T12:26:16.000+0000,2011-08-20T12:26:16.000+0000,1,guptrg,guptrg,N
RFPRD_PHYS_DAILY,Physical Refined Product with Daily Price Settl,70,2011-08-20T12:26:16.000+0000,2011-08-20T12:26:16.000+0000,1,guptrg,guptrg,N
RFPRD_PHYS_CURRENT_MONTH,Physical Refined Product with Current Month Price ,70,2011-08-20T12:26:16.000+0000,2011-08-20T12:26:16.000+0000,1,guptrg,guptrg,N
FINANCIAL_FIN_PREVIOUS_MONTH,Financial Financial with Previous Month Price Sett,-1,2011-08-20T12:26:16.000+0000,2011-08-20T12:26:16.000+0000,1,guptrg,guptrg,N
FINANCIAL_FIN_CURRENT_MONTH,Financial Financial with Current Month Price Settl,-1,2011-08-20T12:26:16.000+0000,2011-08-20T12:26:16.000+0000,1,guptrg,guptrg,N
OTHERS_FIN_PREVIOUS_MONTH,Financial Others with Previous Month Price Settlem,-1,2011-08-20T12:26:16.000+0000,2011-08-20T12:26:16.000+0000,1,guptrg,guptrg,N
OTHERS_FIN_CURRENT_MONTH,Financial Others with Current Month Price Settleme,-1,2011-08-20T12:26:16.000+0000,2011-08-20T12:26:16.000+0000,1,guptrg,guptrg,N
OTHERS_PHYS_PREVIOUS_MONTH,Physical Others with Previous Month Price Settleme,-1,2011-08-20T12:26:16.000+0000,2011-08-20T12:26:16.000+0000,1,guptrg,guptrg,N
OTHERS_PHYS_CURRENT_MONTH,Physical Others with Current Month Price Settlemen,-1,2011-08-20T12:26:16.000+0000,2011-08-20T12:26:16.000+0000,1,guptrg,guptrg,N
-1FOM,Beginning of current month,137,2016-11-05T22:32:04.000+0000,2016-11-05T22:32:04.000+0000,1,liy002,liy002,N
1LOM,End of current month,168,2016-11-05T22:32:04.000+0000,2016-11-05T22:32:04.000+0000,1,liy002,liy002,N
3LOM,2 months forward last day,169,2016-11-05T22:32:04.000+0000,2016-11-05T22:32:04.000+0000,1,liy002,liy002,N
GAS_PHYS_PREVIOUS_MONTH,Physical Gas,25,2013-03-15T16:47:38.000+0000,2013-03-15T16:47:38.000+0000,1,tatibv,tatibv,N
1D>CRE,1 business day next month,66,2016-09-02T16:42:59.000+0000,2016-09-02T16:42:59.000+0000,1,liy002,liy002,N
1FOM,Beginning of next month,1,2016-09-02T16:42:59.000+0000,2016-09-02T16:42:59.000+0000,1,liy002,liy002,N
20C>1EOM,20 calendar days after the first end of month,20,2016-09-02T16:42:59.000+0000,2016-09-02T16:42:59.000+0000,1,liy002,liy002,N
25C>1EOM,25 calendar days after the first end of month,25,2016-09-02T16:42:59.000+0000,2016-09-02T16:42:59.000+0000,1,liy002,liy002,N
2D,2 business days,47,2016-09-02T16:42:59.000+0000,2016-09-02T16:42:59.000+0000,1,liy002,liy002,N
2FOM,2 months forward first day,106,2016-09-02T16:42:59.000+0000,2016-09-02T16:42:59.000+0000,1,liy002,liy002,N
2LOM,End of next month,32,2016-09-02T16:42:59.000+0000,2016-09-02T16:42:59.000+0000,1,liy002,liy002,N
5D,5 business days,50,2016-09-02T16:42:59.000+0000,2016-09-02T16:42:59.000+0000,1,liy002,liy002,N
5D>1EOM,5 business days after the first end of month,70,2016-09-02T16:42:59.000+0000,2016-09-02T16:42:59.000+0000,1,liy002,liy002,N
5D>1LOM,5 good business dys aftr 1 last of mnth frm tdy,70,2016-09-02T16:42:59.000+0000,2016-09-02T16:42:59.000+0000,1,liy002,liy002,N
5D>2LOM,5 good business dys aftr 2 last of mnths frm tdy,90,2016-09-02T16:42:59.000+0000,2016-09-02T16:42:59.000+0000,1,liy002,liy002,N
5D>CRE,5 business days next month,70,2016-09-02T16:42:59.000+0000,2016-09-02T16:42:59.000+0000,1,liy002,liy002,N
5D>FCPDRE,5 business days next month,70,2016-09-02T16:42:59.000+0000,2016-09-02T16:42:59.000+0000,1,liy002,liy002,N
5D>FPCRE,5 business days next month,70,2016-09-02T16:42:59.000+0000,2016-09-02T16:42:59.000+0000,1,liy002,liy002,N
COAL_FIN_MULTI_MONTH,Financial Coal with Multi Month Price Settlement,50,2016-09-02T16:42:59.000+0000,2016-09-02T16:42:59.000+0000,1,tatibv,tatibv,N
CRUDE_FIN_MULTI_MONTH,Financial Crude with Multi Month Price Settlement,70,2016-09-02T16:42:59.000+0000,2016-09-02T16:42:59.000+0000,1,tatibv,tatibv,N
ENDUR_DEFAULT,5 business days next month,70,2016-09-02T16:42:59.000+0000,2016-09-02T16:42:59.000+0000,1,liy002,liy002,N
FINANCIAL_FIN_MULTI_MONTH,Financial Financial with Multi Month Price Settlem,-1,2016-09-02T16:42:59.000+0000,2016-09-02T16:42:59.000+0000,1,tatibv,tatibv,N
GAS_FIN_MULTI_MONTH,Financial Gas with Multi Month Price Settlement,70,2016-09-02T16:42:59.000+0000,2016-09-02T16:42:59.000+0000,1,tatibv,tatibv,N
NGL_FIN_MULTI_MONTH,Financial NGL with Multi Month Price Settlement,70,2016-09-02T16:42:59.000+0000,2016-09-02T16:42:59.000+0000,1,tatibv,tatibv,N
OTHERS_FIN_MULTI_MONTH,Financial Others with Multi Month Price Settlement,-1,2016-09-02T16:42:59.000+0000,2016-09-02T16:42:59.000+0000,1,tatibv,tatibv,N
RFPRD_FIN_MULTI_MONTH,Financial Refined Product with Multi Month Price S,70,2016-09-02T16:42:59.000+0000,2016-09-02T16:42:59.000+0000,1,tatibv,tatibv,N
25CD>2EOM,25 calendar days after the second end of month,130,2019-05-26T16:33:22.000+0000,2019-05-26T16:33:22.000+0000,1,tatibv,tatibv,N
1C>1EOM,1 calendar day after first end of month,1,2019-05-26T16:33:22.000+0000,2019-05-26T16:33:22.000+0000,1,tatibv,tatibv,N
1D>2EOM,1 business day after second end of month,86,2019-05-26T16:33:22.000+0000,2019-05-26T16:33:22.000+0000,1,tatibv,tatibv,N
10C>1EOM,10 calendar days after first end of month,10,2019-05-26T16:33:22.000+0000,2019-05-26T16:33:22.000+0000,1,tatibv,tatibv,N
27C>1EOM,27 calendar days after first end of month,27,2019-05-26T16:33:22.000+0000,2019-05-26T16:33:22.000+0000,1,tatibv,tatibv,N
4CD>2EOM,4 calendar days after the second end of month,109,2019-05-26T16:33:22.000+0000,2019-05-26T16:33:22.000+0000,1,tatibv,tatibv,N
19C>1EOM,19 calendar days after the first end of month,19,2019-05-26T16:33:22.000+0000,2019-05-26T16:33:22.000+0000,1,tatibv,tatibv,N
30C>1EOM,30 calendar days after the first end of month,30,2019-05-26T16:33:22.000+0000,2019-05-26T16:33:22.000+0000,1,tatibv,tatibv,N
2EOM,second end of month,30,2019-05-26T16:33:22.000+0000,2019-05-26T16:33:22.000+0000,1,tatibv,tatibv,N
22C>1EOM,22 calendar days after the first end of month,22,2019-05-26T16:33:22.000+0000,2019-05-26T16:33:22.000+0000,1,tatibv,tatibv,N
15C>1EOM,15 calendar days after the first end of month,15,2019-05-26T16:33:22.000+0000,2019-05-26T16:33:22.000+0000,1,tatibv,tatibv,N
21C>1EOM,21 calendar days after the first end of month,21,2019-05-26T16:33:22.000+0000,2019-05-26T16:33:22.000+0000,1,tatibv,tatibv,N
5CD>2EOM,5 calendar days after the second end of month,110,2019-05-26T16:33:22.000+0000,2019-05-26T16:33:22.000+0000,1,tatibv,tatibv,N
25,25th calendar day of current month,161,2019-05-26T16:33:22.000+0000,2019-05-26T16:33:22.000+0000,1,tatibv,tatibv,N
24C>1EOM,24 calendar days after the first end of month,24,2019-05-26T16:33:22.000+0000,2019-05-26T16:33:22.000+0000,1,tatibv,tatibv,N
10CD>2EOM,10 calendar days after the second end of month,115,2019-05-26T16:33:22.000+0000,2019-05-26T16:33:22.000+0000,1,tatibv,tatibv,N
3EOM,third end of month,135,2019-05-26T16:33:22.000+0000,2019-05-26T16:33:22.000+0000,1,tatibv,tatibv,N
29C>1EOM,29 calendar days after the first end of month,29,2020-09-04T13:24:39.000+0000,2020-09-04T13:24:39.000+0000,1,tatibv,tatibv,N
60C>1EOM,30 calendar days after the second end of month,135,2020-09-17T12:26:46.000+0000,2020-09-17T12:26:46.000+0000,1,laa4xk,laa4xk,N
12C>1EOM,12 calendar days after the first end of month,12,2020-09-17T12:26:46.000+0000,2020-09-17T12:26:46.000+0000,1,laa4xk,laa4xk,N
31C>1EOM,31 calendar days after the first end of month,31,2020-09-17T12:26:46.000+0000,2020-09-17T12:26:46.000+0000,1,laa4xk,laa4xk,N
14C>1EOM,14 calendar days after the first end of month,14,2020-09-17T12:26:46.000+0000,2020-09-17T12:26:46.000+0000,1,laa4xk,laa4xk,N
85C>1EOM,31 calendar days after the second end of month,136,2020-09-17T12:26:46.000+0000,2020-09-17T12:26:46.000+0000,1,laa4xk,laa4xk,N
