Trade_Tick_ID,Business_Day,Trade_Version,Source_System_Name,Trade_Id,Leg_Number,Shipment_Reference,Parcel_Number,Trade_Status_Name,Trade_Quantity,Tick_Quantity,Tick_Quantity_UOM,Tick_Delivery_Status,Trade_Group_Name,Trade_Date,Trade_Start_Date,Trade_End_Date,Period,Period_Start_Date,Period_End_Date,Product_Code,Product_Name,Source_System_Trade_Type_Name,Source_System_Trade_Type_Code,Source_System_Trade_Subtype_Name,Source_System_Trade_Subtype_Code,Trade_Type,Counterparty_ID,Legal_Entity_ID,Agreement_Type_Code,Agreement_Ref,Contract_Number,Region_Execution,BP_Trader_Name,Counterparty_Trader_Name,Put_Call_Indicator,Physical_Financial_Indicator,Is_Cargo_Trade,Spot_Term_Indicator,Complex_Pricing_Indicator,Buy_Sell_Indicator,Triggered_Price_Indicator,Settlement_Terms_Code,Option_Premium_Settlement_Terms_Code,Option_Premium_Deferred_Indicator,INCO_Terms_Code,Payment_Security_Code,Discharge_Location_Name,Load_Location_Name,Valuation_Location_Name,Commodity_Group_Name,Commodity_Grade_Name,Portfolio_Chain_Code,Portfolio_Chain_Number,Sub_Team_Book_Code,Bench_Team_BU_Code,Pricing_Calendar_Code,Expiry_Calendar_Code,Transport_Mode_Name,Operator_Name,Trade_Event_Code,Load_Start_Date,Load_End_Date,Title_Transfer_Date,Bill_Of_Lading_Date,NOR_Load_Date,Discharge_Start_Date,Discharge_End_Date,Completion_Of_Discharge_Date,Trade_Group_Purpose,Daughter_Vessel_Name,External_Shipment_Ref,OWB_Batch_Seq_Num,House_Trade_Indicator,Shipment_Type_Name,Monitor_Exposure_Flag,Trade_Group_Category_Name,Trade_Group_Id,Master_Transport_Contract_Ref,NOR_For_Discharge_Date,Bookout_Date,Source_System_Commodity_Code,Agreement_Id,Premium_Trade_Event_Code,Trade_Series_Definition_Code,Spread_Months_Count,Pricing_Model_Name,Pipeline_Name,Record_load_DTM
14060140_1034_20220601_20220630_NATURAL-GAS,2022-09-13,17493952,GPTA-ENDUR,14060140,1034,null,null,ACTIVE,7750.000000000000000000,0E-18,MMBTU,null,,2019-07-24,2019-08-01,2022-10-31,202206,2022-06-01,2022-06-30,null,null,Commodity Physical,COMM-PHYS,Natural Gas Equty deals,NG-PHYS-EQTY,GPTA-ENDUR_COMM-PHYS_NG-PHYS-EQTY,80929,1689,null,null,GPTA-ENDUR_27208,No Office Required,Ryan Sablatura,SitomerGabrielle,null,PHYSICAL,null,null,NO,BUY,NA,25cd>1eom,25cd>1eom,NO,null,null,null,null,Cottingham EQ,GPTA-ENDUR_COMM-PHYS_NG-PHYS-EQTY_PHYSICAL,null,GOM TX - BPEC,null,SEGT,BP Energy Company,NYC,null,PIPELINE,null,null,null,null,null,null,null,null,null,null,,null,null,null,NO,null,Yes,,null,null,null,null,null,27208,null,null,null,Discounting,TransactionGPTAEndur,2022-09-14T04:33:47.007+0000
14060140_1037_20220901_20220930_NATURAL-GAS,2022-09-13,17493952,GPTA-ENDUR,14060140,1037,null,null,ACTIVE,7750.000000000000000000,0E-18,MMBTU,null,,2019-07-24,2019-08-01,2022-10-31,202209,2022-09-01,2022-09-30,null,null,Commodity Physical,COMM-PHYS,Natural Gas Equty deals,NG-PHYS-EQTY,GPTA-ENDUR_COMM-PHYS_NG-PHYS-EQTY,80929,1689,null,null,GPTA-ENDUR_27208,No Office Required,Ryan Sablatura,SitomerGabrielle,null,PHYSICAL,null,null,NO,BUY,NA,25cd>1eom,25cd>1eom,NO,null,null,null,null,Cottingham EQ,GPTA-ENDUR_COMM-PHYS_NG-PHYS-EQTY_PHYSICAL,null,GOM TX - BPEC,null,SEGT,BP Energy Company,NYC,null,PIPELINE,null,null,null,null,null,null,null,null,null,null,,null,null,null,NO,null,Yes,,null,null,null,null,null,27208,null,null,null,Discounting,TransactionGPTAEndur,2022-09-14T04:33:47.007+0000
14060140_1036_20220801_20220831_NATURAL-GAS,2022-09-13,17493952,GPTA-ENDUR,14060140,1036,null,null,ACTIVE,7750.000000000000000000,0E-18,MMBTU,null,,2019-07-24,2019-08-01,2022-10-31,202208,2022-08-01,2022-08-31,null,null,Commodity Physical,COMM-PHYS,Natural Gas Equty deals,NG-PHYS-EQTY,GPTA-ENDUR_COMM-PHYS_NG-PHYS-EQTY,80929,1689,null,null,GPTA-ENDUR_27208,No Office Required,Ryan Sablatura,SitomerGabrielle,null,PHYSICAL,null,null,NO,BUY,NA,25cd>1eom,25cd>1eom,NO,null,null,null,null,Cottingham EQ,GPTA-ENDUR_COMM-PHYS_NG-PHYS-EQTY_PHYSICAL,null,GOM TX - BPEC,null,SEGT,BP Energy Company,NYC,null,PIPELINE,null,null,null,null,null,null,null,null,null,null,,null,null,null,NO,null,Yes,,null,null,null,null,null,27208,null,null,null,Discounting,TransactionGPTAEndur,2022-09-14T04:33:47.007+0000
14060140_1035_20220701_20220731_NATURAL-GAS,2022-09-13,17493952,GPTA-ENDUR,14060140,1035,null,null,ACTIVE,7750.000000000000000000,0E-18,MMBTU,null,,2019-07-24,2019-08-01,2022-10-31,202207,2022-07-01,2022-07-31,null,null,Commodity Physical,COMM-PHYS,Natural Gas Equty deals,NG-PHYS-EQTY,GPTA-ENDUR_COMM-PHYS_NG-PHYS-EQTY,80929,1689,null,null,GPTA-ENDUR_27208,No Office Required,Ryan Sablatura,SitomerGabrielle,null,PHYSICAL,null,null,NO,BUY,NA,25cd>1eom,25cd>1eom,NO,null,null,null,null,Cottingham EQ,GPTA-ENDUR_COMM-PHYS_NG-PHYS-EQTY_PHYSICAL,null,GOM TX - BPEC,null,SEGT,BP Energy Company,NYC,null,PIPELINE,null,null,null,null,null,null,null,null,null,null,,null,null,null,NO,null,Yes,,null,null,null,null,null,27208,null,null,null,Discounting,TransactionGPTAEndur,2022-09-14T04:33:47.007+0000
14060175_1036_20220801_20220831_NATURAL-GAS,2022-09-13,16896121,GPTA-ENDUR,14060175,1036,null,null,ACTIVE,210800.000000000000000000,0E-18,MMBTU,null,,2019-07-24,2019-08-01,2022-10-31,202208,2022-08-01,2022-08-31,null,null,Commodity Physical,COMM-PHYS,Natural Gas Equty deals,NG-PHYS-EQTY,GPTA-ENDUR_COMM-PHYS_NG-PHYS-EQTY,80929,1689,null,null,GPTA-ENDUR_27208,No Office Required,Ryan Sablatura,SitomerGabrielle,null,PHYSICAL,null,null,NO,BUY,NA,25cd>1eom,25cd>1eom,NO,null,null,null,null,SPRINGRIDGE EQ,GPTA-ENDUR_COMM-PHYS_NG-PHYS-EQTY_PHYSICAL,null,GOM TX - BPEC,null,SEGT,BP Energy Company,NYC,null,PIPELINE,null,null,null,null,null,null,null,null,null,null,,null,null,null,NO,null,Yes,,null,null,null,null,null,27208,null,null,null,Discounting,TransactionGPTAEndur,2022-09-14T04:33:47.007+0000
14060175_1034_20220601_20220630_NATURAL-GAS,2022-09-13,16896121,GPTA-ENDUR,14060175,1034,null,null,ACTIVE,210800.000000000000000000,0E-18,MMBTU,null,,2019-07-24,2019-08-01,2022-10-31,202206,2022-06-01,2022-06-30,null,null,Commodity Physical,COMM-PHYS,Natural Gas Equty deals,NG-PHYS-EQTY,GPTA-ENDUR_COMM-PHYS_NG-PHYS-EQTY,80929,1689,null,null,GPTA-ENDUR_27208,No Office Required,Ryan Sablatura,SitomerGabrielle,null,PHYSICAL,null,null,NO,BUY,NA,25cd>1eom,25cd>1eom,NO,null,null,null,null,SPRINGRIDGE EQ,GPTA-ENDUR_COMM-PHYS_NG-PHYS-EQTY_PHYSICAL,null,GOM TX - BPEC,null,SEGT,BP Energy Company,NYC,null,PIPELINE,null,null,null,null,null,null,null,null,null,null,,null,null,null,NO,null,Yes,,null,null,null,null,null,27208,null,null,null,Discounting,TransactionGPTAEndur,2022-09-14T04:33:47.007+0000
14060175_1035_20220701_20220731_NATURAL-GAS,2022-09-13,16896121,GPTA-ENDUR,14060175,1035,null,null,ACTIVE,210800.000000000000000000,0E-18,MMBTU,null,,2019-07-24,2019-08-01,2022-10-31,202207,2022-07-01,2022-07-31,null,null,Commodity Physical,COMM-PHYS,Natural Gas Equty deals,NG-PHYS-EQTY,GPTA-ENDUR_COMM-PHYS_NG-PHYS-EQTY,80929,1689,null,null,GPTA-ENDUR_27208,No Office Required,Ryan Sablatura,SitomerGabrielle,null,PHYSICAL,null,null,NO,BUY,NA,25cd>1eom,25cd>1eom,NO,null,null,null,null,SPRINGRIDGE EQ,GPTA-ENDUR_COMM-PHYS_NG-PHYS-EQTY_PHYSICAL,null,GOM TX - BPEC,null,SEGT,BP Energy Company,NYC,null,PIPELINE,null,null,null,null,null,null,null,null,null,null,,null,null,null,NO,null,Yes,,null,null,null,null,null,27208,null,null,null,Discounting,TransactionGPTAEndur,2022-09-14T04:33:47.007+0000
14057809_1035_20220701_20220731_NATURAL-GAS,2022-09-13,16896827,GPTA-ENDUR,14057809,1035,null,null,ACTIVE,18400.000000000000000000,0E-18,MMBTU,null,,2019-07-23,2019-08-01,2022-10-31,202207,2022-07-01,2022-07-31,null,null,Commodity Physical,COMM-PHYS,Natural Gas Equty deals,NG-PHYS-EQTY,GPTA-ENDUR_COMM-PHYS_NG-PHYS-EQTY,80929,1689,null,null,GPTA-ENDUR_27208,No Office Required,Dwight Helms,SachenSpencer,null,PHYSICAL,null,null,NO,BUY,NA,25cd>1eom,25cd>1eom,NO,null,null,null,null,COPANO LANIK MIGURA EQ,GPTA-ENDUR_COMM-PHYS_NG-PHYS-EQTY_PHYSICAL,null,GOM South Texas,null,SEGT,BP Energy Company,NYC,null,PIPELINE,null,null,null,null,null,null,null,null,null,null,,null,null,null,NO,null,Yes,,null,null,null,null,null,27208,null,null,null,Discounting,TransactionGPTAEndur,2022-09-14T04:33:47.007+0000
14057809_1037_20220901_20220930_NATURAL-GAS,2022-09-13,16896827,GPTA-ENDUR,14057809,1037,null,null,ACTIVE,18400.000000000000000000,0E-18,MMBTU,null,,2019-07-23,2019-08-01,2022-10-31,202209,2022-09-01,2022-09-30,null,null,Commodity Physical,COMM-PHYS,Natural Gas Equty deals,NG-PHYS-EQTY,GPTA-ENDUR_COMM-PHYS_NG-PHYS-EQTY,80929,1689,null,null,GPTA-ENDUR_27208,No Office Required,Dwight Helms,SachenSpencer,null,PHYSICAL,null,null,NO,BUY,NA,25cd>1eom,25cd>1eom,NO,null,null,null,null,COPANO LANIK MIGURA EQ,GPTA-ENDUR_COMM-PHYS_NG-PHYS-EQTY_PHYSICAL,null,GOM South Texas,null,SEGT,BP Energy Company,NYC,null,PIPELINE,null,null,null,null,null,null,null,null,null,null,,null,null,null,NO,null,Yes,,null,null,null,null,null,27208,null,null,null,Discounting,TransactionGPTAEndur,2022-09-14T04:33:47.007+0000
14057809_1036_20220801_20220831_NATURAL-GAS,2022-09-13,16896827,GPTA-ENDUR,14057809,1036,null,null,ACTIVE,18400.000000000000000000,0E-18,MMBTU,null,,2019-07-23,2019-08-01,2022-10-31,202208,2022-08-01,2022-08-31,null,null,Commodity Physical,COMM-PHYS,Natural Gas Equty deals,NG-PHYS-EQTY,GPTA-ENDUR_COMM-PHYS_NG-PHYS-EQTY,80929,1689,null,null,GPTA-ENDUR_27208,No Office Required,Dwight Helms,SachenSpencer,null,PHYSICAL,null,null,NO,BUY,NA,25cd>1eom,25cd>1eom,NO,null,null,null,null,COPANO LANIK MIGURA EQ,GPTA-ENDUR_COMM-PHYS_NG-PHYS-EQTY_PHYSICAL,null,GOM South Texas,null,SEGT,BP Energy Company,NYC,null,PIPELINE,null,null,null,null,null,null,null,null,null,null,,null,null,null,NO,null,Yes,,null,null,null,null,null,27208,null,null,null,Discounting,TransactionGPTAEndur,2022-09-14T04:33:47.007+0000
14057809_1034_20220601_20220630_NATURAL-GAS,2022-09-13,16896827,GPTA-ENDUR,14057809,1034,null,null,ACTIVE,18400.000000000000000000,0E-18,MMBTU,null,,2019-07-23,2019-08-01,2022-10-31,202206,2022-06-01,2022-06-30,null,null,Commodity Physical,COMM-PHYS,Natural Gas Equty deals,NG-PHYS-EQTY,GPTA-ENDUR_COMM-PHYS_NG-PHYS-EQTY,80929,1689,null,null,GPTA-ENDUR_27208,No Office Required,Dwight Helms,SachenSpencer,null,PHYSICAL,null,null,NO,BUY,NA,25cd>1eom,25cd>1eom,NO,null,null,null,null,COPANO LANIK MIGURA EQ,GPTA-ENDUR_COMM-PHYS_NG-PHYS-EQTY_PHYSICAL,null,GOM South Texas,null,SEGT,BP Energy Company,NYC,null,PIPELINE,null,null,null,null,null,null,null,null,null,null,,null,null,null,NO,null,Yes,,null,null,null,null,null,27208,null,null,null,Discounting,TransactionGPTAEndur,2022-09-14T04:33:47.007+0000
14057535_1034_20220601_20220630_NATURAL-GAS,2022-09-13,16896873,GPTA-ENDUR,14057535,1034,null,null,ACTIVE,325500.000000000000000000,0E-18,MMBTU,null,,2019-07-23,2019-08-01,2022-10-31,202206,2022-06-01,2022-06-30,null,null,Commodity Physical,COMM-PHYS,Natural Gas Equty deals,NG-PHYS-EQTY,GPTA-ENDUR_COMM-PHYS_NG-PHYS-EQTY,80929,1689,null,null,GPTA-ENDUR_27208,No Office Required,Ryan Sablatura,SachenSpencer,null,PHYSICAL,null,null,NO,BUY,NA,25cd>1eom,25cd>1eom,NO,null,null,null,null,WHISKEY BAY EQ,GPTA-ENDUR_COMM-PHYS_NG-PHYS-EQTY_PHYSICAL,null,GOM TX - BPEC,null,SEGT,BP Energy Company,NYC,null,PIPELINE,null,null,null,null,null,null,null,null,null,null,,null,null,null,NO,null,Yes,,null,null,null,null,null,27208,null,null,null,Discounting,TransactionGPTAEndur,2022-09-14T04:33:47.007+0000
14056230_1036_20220801_20220831_NATURAL-GAS,2022-09-13,15977075,GPTA-ENDUR,14056230,1036,null,null,ACTIVE,3680000.000000000000000000,0E-18,MMBTU,null,,2019-07-23,2019-08-01,2022-10-31,202208,2022-08-01,2022-08-31,null,null,Commodity Physical,COMM-PHYS,Natural Gas Equty deals,NG-PHYS-EQTY,GPTA-ENDUR_COMM-PHYS_NG-PHYS-EQTY,80929,1689,null,null,GPTA-ENDUR_27208,No Office Required,Dwight Helms,SachenSpencer,null,PHYSICAL,null,null,NO,BUY,NA,25cd>1eom,25cd>1eom,NO,null,null,null,null,JACKSON HAWKVILLE EQ,GPTA-ENDUR_COMM-PHYS_NG-PHYS-EQTY_PHYSICAL,null,GOM South Texas,null,SEGT,BP Energy Company,NYC,null,PIPELINE,null,null,null,null,null,null,null,null,null,null,,null,null,null,NO,null,Yes,,null,null,null,null,null,27208,null,null,null,Discounting,TransactionGPTAEndur,2022-09-14T04:33:47.007+0000
14059207_1036_20220801_20220831_NATURAL-GAS,2022-09-13,17493847,GPTA-ENDUR,14059207,1036,null,null,ACTIVE,7256883.000000000000000000,0E-18,MMBTU,null,,2019-07-23,2019-08-01,2022-10-31,202208,2022-08-01,2022-08-31,null,null,Commodity Physical,COMM-PHYS,Natural Gas Equty deals,NG-PHYS-EQTY,GPTA-ENDUR_COMM-PHYS_NG-PHYS-EQTY,80929,1689,null,null,GPTA-ENDUR_27208,No Office Required,Ryan Sablatura,SitomerGabrielle,null,PHYSICAL,null,null,NO,BUY,NA,25cd>1eom,25cd>1eom,NO,null,null,null,null,Redhawk Plantation EQ,GPTA-ENDUR_COMM-PHYS_NG-PHYS-EQTY_PHYSICAL,null,MOB GSPL - BPEC,null,SEGT,BP Energy Company,NYC,null,PIPELINE,null,null,null,null,null,null,null,null,null,null,,null,null,null,NO,null,Yes,,null,null,null,null,null,27208,null,null,null,Discounting,TransactionGPTAEndur,2022-09-14T04:33:47.007+0000
14056230_1034_20220601_20220630_NATURAL-GAS,2022-09-13,15977075,GPTA-ENDUR,14056230,1034,null,null,ACTIVE,3680000.000000000000000000,0E-18,MMBTU,null,,2019-07-23,2019-08-01,2022-10-31,202206,2022-06-01,2022-06-30,null,null,Commodity Physical,COMM-PHYS,Natural Gas Equty deals,NG-PHYS-EQTY,GPTA-ENDUR_COMM-PHYS_NG-PHYS-EQTY,80929,1689,null,null,GPTA-ENDUR_27208,No Office Required,Dwight Helms,SachenSpencer,null,PHYSICAL,null,null,NO,BUY,NA,25cd>1eom,25cd>1eom,NO,null,null,null,null,JACKSON HAWKVILLE EQ,GPTA-ENDUR_COMM-PHYS_NG-PHYS-EQTY_PHYSICAL,null,GOM South Texas,null,SEGT,BP Energy Company,NYC,null,PIPELINE,null,null,null,null,null,null,null,null,null,null,,null,null,null,NO,null,Yes,,null,null,null,null,null,27208,null,null,null,Discounting,TransactionGPTAEndur,2022-09-14T04:33:47.007+0000
14059207_1034_20220601_20220630_NATURAL-GAS,2022-09-13,17493847,GPTA-ENDUR,14059207,1034,null,null,ACTIVE,7256883.000000000000000000,0E-18,MMBTU,null,,2019-07-23,2019-08-01,2022-10-31,202206,2022-06-01,2022-06-30,null,null,Commodity Physical,COMM-PHYS,Natural Gas Equty deals,NG-PHYS-EQTY,GPTA-ENDUR_COMM-PHYS_NG-PHYS-EQTY,80929,1689,null,null,GPTA-ENDUR_27208,No Office Required,Ryan Sablatura,SitomerGabrielle,null,PHYSICAL,null,null,NO,BUY,NA,25cd>1eom,25cd>1eom,NO,null,null,null,null,Redhawk Plantation EQ,GPTA-ENDUR_COMM-PHYS_NG-PHYS-EQTY_PHYSICAL,null,MOB GSPL - BPEC,null,SEGT,BP Energy Company,NYC,null,PIPELINE,null,null,null,null,null,null,null,null,null,null,,null,null,null,NO,null,Yes,,null,null,null,null,null,27208,null,null,null,Discounting,TransactionGPTAEndur,2022-09-14T04:33:47.007+0000
14056230_1037_20220901_20220930_NATURAL-GAS,2022-09-13,15977075,GPTA-ENDUR,14056230,1037,null,null,ACTIVE,3680000.000000000000000000,0E-18,MMBTU,null,,2019-07-23,2019-08-01,2022-10-31,202209,2022-09-01,2022-09-30,null,null,Commodity Physical,COMM-PHYS,Natural Gas Equty deals,NG-PHYS-EQTY,GPTA-ENDUR_COMM-PHYS_NG-PHYS-EQTY,80929,1689,null,null,GPTA-ENDUR_27208,No Office Required,Dwight Helms,SachenSpencer,null,PHYSICAL,null,null,NO,BUY,NA,25cd>1eom,25cd>1eom,NO,null,null,null,null,JACKSON HAWKVILLE EQ,GPTA-ENDUR_COMM-PHYS_NG-PHYS-EQTY_PHYSICAL,null,GOM South Texas,null,SEGT,BP Energy Company,NYC,null,PIPELINE,null,null,null,null,null,null,null,null,null,null,,null,null,null,NO,null,Yes,,null,null,null,null,null,27208,null,null,null,Discounting,TransactionGPTAEndur,2022-09-14T04:33:47.007+0000
14059207_1037_20220901_20220930_NATURAL-GAS,2022-09-13,17493847,GPTA-ENDUR,14059207,1037,null,null,ACTIVE,7256883.000000000000000000,0E-18,MMBTU,null,,2019-07-23,2019-08-01,2022-10-31,202209,2022-09-01,2022-09-30,null,null,Commodity Physical,COMM-PHYS,Natural Gas Equty deals,NG-PHYS-EQTY,GPTA-ENDUR_COMM-PHYS_NG-PHYS-EQTY,80929,1689,null,null,GPTA-ENDUR_27208,No Office Required,Ryan Sablatura,SitomerGabrielle,null,PHYSICAL,null,null,NO,BUY,NA,25cd>1eom,25cd>1eom,NO,null,null,null,null,Redhawk Plantation EQ,GPTA-ENDUR_COMM-PHYS_NG-PHYS-EQTY_PHYSICAL,null,MOB GSPL - BPEC,null,SEGT,BP Energy Company,NYC,null,PIPELINE,null,null,null,null,null,null,null,null,null,null,,null,null,null,NO,null,Yes,,null,null,null,null,null,27208,null,null,null,Discounting,TransactionGPTAEndur,2022-09-14T04:33:47.007+0000
14056230_1035_20220701_20220731_NATURAL-GAS,2022-09-13,15977075,GPTA-ENDUR,14056230,1035,null,null,ACTIVE,3680000.000000000000000000,0E-18,MMBTU,null,,2019-07-23,2019-08-01,2022-10-31,202207,2022-07-01,2022-07-31,null,null,Commodity Physical,COMM-PHYS,Natural Gas Equty deals,NG-PHYS-EQTY,GPTA-ENDUR_COMM-PHYS_NG-PHYS-EQTY,80929,1689,null,null,GPTA-ENDUR_27208,No Office Required,Dwight Helms,SachenSpencer,null,PHYSICAL,null,null,NO,BUY,NA,25cd>1eom,25cd>1eom,NO,null,null,null,null,JACKSON HAWKVILLE EQ,GPTA-ENDUR_COMM-PHYS_NG-PHYS-EQTY_PHYSICAL,null,GOM South Texas,null,SEGT,BP Energy Company,NYC,null,PIPELINE,null,null,null,null,null,null,null,null,null,null,,null,null,null,NO,null,Yes,,null,null,null,null,null,27208,null,null,null,Discounting,TransactionGPTAEndur,2022-09-14T04:33:47.007+0000
14059207_1035_20220701_20220731_NATURAL-GAS,2022-09-13,17493847,GPTA-ENDUR,14059207,1035,null,null,ACTIVE,7256883.000000000000000000,0E-18,MMBTU,null,,2019-07-23,2019-08-01,2022-10-31,202207,2022-07-01,2022-07-31,null,null,Commodity Physical,COMM-PHYS,Natural Gas Equty deals,NG-PHYS-EQTY,GPTA-ENDUR_COMM-PHYS_NG-PHYS-EQTY,80929,1689,null,null,GPTA-ENDUR_27208,No Office Required,Ryan Sablatura,SitomerGabrielle,null,PHYSICAL,null,null,NO,BUY,NA,25cd>1eom,25cd>1eom,NO,null,null,null,null,Redhawk Plantation EQ,GPTA-ENDUR_COMM-PHYS_NG-PHYS-EQTY_PHYSICAL,null,MOB GSPL - BPEC,null,SEGT,BP Energy Company,NYC,null,PIPELINE,null,null,null,null,null,null,null,null,null,null,,null,null,null,NO,null,Yes,,null,null,null,null,null,27208,null,null,null,Discounting,TransactionGPTAEndur,2022-09-14T04:33:47.007+0000
14060133_1035_20220701_20220731_NATURAL-GAS,2022-09-13,17493956,GPTA-ENDUR,14060133,1035,null,null,ACTIVE,77500.000000000000000000,0E-18,MMBTU,null,,2019-07-24,2019-08-01,2022-10-31,202207,2022-07-01,2022-07-31,null,null,Commodity Physical,COMM-PHYS,Natural Gas Equty deals,NG-PHYS-EQTY,GPTA-ENDUR_COMM-PHYS_NG-PHYS-EQTY,80929,1689,null,null,GPTA-ENDUR_27208,No Office Required,Ryan Sablatura,SitomerGabrielle,null,PHYSICAL,null,null,NO,BUY,NA,25cd>1eom,25cd>1eom,NO,null,null,null,null,Logansport EQ,GPTA-ENDUR_COMM-PHYS_NG-PHYS-EQTY_PHYSICAL,null,MOB GSPL - BPEC,null,SEGT,BP Energy Company,NYC,null,PIPELINE,null,null,null,null,null,null,null,null,null,null,,null,null,null,NO,null,Yes,,null,null,null,null,null,27208,null,null,null,Discounting,TransactionGPTAEndur,2022-09-14T04:33:47.007+0000
14049252_1036_20220801_20220831_NATURAL-GAS,2022-09-13,15977065,GPTA-ENDUR,14049252,1036,null,null,ACTIVE,4140000.000000000000000000,0E-18,MMBTU,null,,2019-07-19,2019-08-01,2022-10-31,202208,2022-08-01,2022-08-31,null,null,Commodity Physical,COMM-PHYS,Natural Gas Equty deals,NG-PHYS-EQTY,GPTA-ENDUR_COMM-PHYS_NG-PHYS-EQTY,80929,1689,null,null,GPTA-ENDUR_27208,No Office Required,Dwight Helms,SachenSpencer,null,PHYSICAL,null,null,NO,BUY,NA,25cd>1eom,25cd>1eom,NO,null,null,null,null,JACKSON BLACKHAWK EQ,GPTA-ENDUR_COMM-PHYS_NG-PHYS-EQTY_PHYSICAL,null,GOM South Texas,null,SEGT,BP Energy Company,NYC,null,PIPELINE,null,null,null,null,null,null,null,null,null,null,,null,null,null,NO,null,Yes,,null,null,null,null,null,27208,null,null,null,Discounting,TransactionGPTAEndur,2022-09-14T04:33:47.007+0000
14060133_1037_20220901_20220930_NATURAL-GAS,2022-09-13,17493956,GPTA-ENDUR,14060133,1037,null,null,ACTIVE,77500.000000000000000000,0E-18,MMBTU,null,,2019-07-24,2019-08-01,2022-10-31,202209,2022-09-01,2022-09-30,null,null,Commodity Physical,COMM-PHYS,Natural Gas Equty deals,NG-PHYS-EQTY,GPTA-ENDUR_COMM-PHYS_NG-PHYS-EQTY,80929,1689,null,null,GPTA-ENDUR_27208,No Office Required,Ryan Sablatura,SitomerGabrielle,null,PHYSICAL,null,null,NO,BUY,NA,25cd>1eom,25cd>1eom,NO,null,null,null,null,Logansport EQ,GPTA-ENDUR_COMM-PHYS_NG-PHYS-EQTY_PHYSICAL,null,MOB GSPL - BPEC,null,SEGT,BP Energy Company,NYC,null,PIPELINE,null,null,null,null,null,null,null,null,null,null,,null,null,null,NO,null,Yes,,null,null,null,null,null,27208,null,null,null,Discounting,TransactionGPTAEndur,2022-09-14T04:33:47.007+0000
14057617_1035_20220701_20220731_NATURAL-GAS,2022-09-13,16938501,GPTA-ENDUR,14057617,1035,null,null,ACTIVE,2760000.000000000000000000,0E-18,MMBTU,null,,2019-07-23,2019-08-01,2022-10-31,202207,2022-07-01,2022-07-31,null,null,Commodity Physical,COMM-PHYS,Natural Gas Equty deals,NG-PHYS-EQTY,GPTA-ENDUR_COMM-PHYS_NG-PHYS-EQTY,80929,1689,null,null,GPTA-ENDUR_27208,No Office Required,Dwight Helms,SachenSpencer,null,PHYSICAL,null,null,NO,BUY,NA,25cd>1eom,25cd>1eom,NO,null,null,null,null,COPANO HAWKVILLE EQ,GPTA-ENDUR_COMM-PHYS_NG-PHYS-EQTY_PHYSICAL,null,GOM South Texas,null,SEGT,BP Energy Company,NYC,null,PIPELINE,null,null,null,null,null,null,null,null,null,null,,null,null,null,NO,null,Yes,,null,null,null,null,null,27208,null,null,null,Discounting,TransactionGPTAEndur,2022-09-14T04:33:47.007+0000
14057617_1037_20220901_20220930_NATURAL-GAS,2022-09-13,16938501,GPTA-ENDUR,14057617,1037,null,null,ACTIVE,2760000.000000000000000000,0E-18,MMBTU,null,,2019-07-23,2019-08-01,2022-10-31,202209,2022-09-01,2022-09-30,null,null,Commodity Physical,COMM-PHYS,Natural Gas Equty deals,NG-PHYS-EQTY,GPTA-ENDUR_COMM-PHYS_NG-PHYS-EQTY,80929,1689,null,null,GPTA-ENDUR_27208,No Office Required,Dwight Helms,SachenSpencer,null,PHYSICAL,null,null,NO,BUY,NA,25cd>1eom,25cd>1eom,NO,null,null,null,null,COPANO HAWKVILLE EQ,GPTA-ENDUR_COMM-PHYS_NG-PHYS-EQTY_PHYSICAL,null,GOM South Texas,null,SEGT,BP Energy Company,NYC,null,PIPELINE,null,null,null,null,null,null,null,null,null,null,,null,null,null,NO,null,Yes,,null,null,null,null,null,27208,null,null,null,Discounting,TransactionGPTAEndur,2022-09-14T04:33:47.007+0000
14060133_1034_20220601_20220630_NATURAL-GAS,2022-09-13,17493956,GPTA-ENDUR,14060133,1034,null,null,ACTIVE,77500.000000000000000000,0E-18,MMBTU,null,,2019-07-24,2019-08-01,2022-10-31,202206,2022-06-01,2022-06-30,null,null,Commodity Physical,COMM-PHYS,Natural Gas Equty deals,NG-PHYS-EQTY,GPTA-ENDUR_COMM-PHYS_NG-PHYS-EQTY,80929,1689,null,null,GPTA-ENDUR_27208,No Office Required,Ryan Sablatura,SitomerGabrielle,null,PHYSICAL,null,null,NO,BUY,NA,25cd>1eom,25cd>1eom,NO,null,null,null,null,Logansport EQ,GPTA-ENDUR_COMM-PHYS_NG-PHYS-EQTY_PHYSICAL,null,MOB GSPL - BPEC,null,SEGT,BP Energy Company,NYC,null,PIPELINE,null,null,null,null,null,null,null,null,null,null,,null,null,null,NO,null,Yes,,null,null,null,null,null,27208,null,null,null,Discounting,TransactionGPTAEndur,2022-09-14T04:33:47.007+0000
14049252_1035_20220701_20220731_NATURAL-GAS,2022-09-13,15977065,GPTA-ENDUR,14049252,1035,null,null,ACTIVE,4140000.000000000000000000,0E-18,MMBTU,null,,2019-07-19,2019-08-01,2022-10-31,202207,2022-07-01,2022-07-31,null,null,Commodity Physical,COMM-PHYS,Natural Gas Equty deals,NG-PHYS-EQTY,GPTA-ENDUR_COMM-PHYS_NG-PHYS-EQTY,80929,1689,null,null,GPTA-ENDUR_27208,No Office Required,Dwight Helms,SachenSpencer,null,PHYSICAL,null,null,NO,BUY,NA,25cd>1eom,25cd>1eom,NO,null,null,null,null,JACKSON BLACKHAWK EQ,GPTA-ENDUR_COMM-PHYS_NG-PHYS-EQTY_PHYSICAL,null,GOM South Texas,null,SEGT,BP Energy Company,NYC,null,PIPELINE,null,null,null,null,null,null,null,null,null,null,,null,null,null,NO,null,Yes,,null,null,null,null,null,27208,null,null,null,Discounting,TransactionGPTAEndur,2022-09-14T04:33:47.007+0000
14060133_1036_20220801_20220831_NATURAL-GAS,2022-09-13,17493956,GPTA-ENDUR,14060133,1036,null,null,ACTIVE,77500.000000000000000000,0E-18,MMBTU,null,,2019-07-24,2019-08-01,2022-10-31,202208,2022-08-01,2022-08-31,null,null,Commodity Physical,COMM-PHYS,Natural Gas Equty deals,NG-PHYS-EQTY,GPTA-ENDUR_COMM-PHYS_NG-PHYS-EQTY,80929,1689,null,null,GPTA-ENDUR_27208,No Office Required,Ryan Sablatura,SitomerGabrielle,null,PHYSICAL,null,null,NO,BUY,NA,25cd>1eom,25cd>1eom,NO,null,null,null,null,Logansport EQ,GPTA-ENDUR_COMM-PHYS_NG-PHYS-EQTY_PHYSICAL,null,MOB GSPL - BPEC,null,SEGT,BP Energy Company,NYC,null,PIPELINE,null,null,null,null,null,null,null,null,null,null,,null,null,null,NO,null,Yes,,null,null,null,null,null,27208,null,null,null,Discounting,TransactionGPTAEndur,2022-09-14T04:33:47.007+0000
14057700_1035_20220701_20220731_NATURAL-GAS,2022-09-13,17544371,GPTA-ENDUR,14057700,1035,null,null,ACTIVE,92.000000000000000000,0E-18,MMBTU,null,,2019-07-23,2019-08-01,2022-10-31,202207,2022-07-01,2022-07-31,null,null,Commodity Physical,COMM-PHYS,Natural Gas Equty deals,NG-PHYS-EQTY,GPTA-ENDUR_COMM-PHYS_NG-PHYS-EQTY,80929,1689,null,null,GPTA-ENDUR_27208,No Office Required,Dwight Helms,SachenSpencer,null,PHYSICAL,null,null,NO,BUY,NA,25cd>1eom,25cd>1eom,NO,null,null,null,null,STOREY WHITE KITCHEN EQ,GPTA-ENDUR_COMM-PHYS_NG-PHYS-EQTY_PHYSICAL,null,GOM South Texas,null,SEGT,BP Energy Company,NYC,null,PIPELINE,null,null,null,null,null,null,null,null,null,null,,null,null,null,NO,null,Yes,,null,null,null,null,null,27208,null,null,null,Discounting,TransactionGPTAEndur,2022-09-14T04:33:47.007+0000
14057617_1036_20220801_20220831_NATURAL-GAS,2022-09-13,16938501,GPTA-ENDUR,14057617,1036,null,null,ACTIVE,2760000.000000000000000000,0E-18,MMBTU,null,,2019-07-23,2019-08-01,2022-10-31,202208,2022-08-01,2022-08-31,null,null,Commodity Physical,COMM-PHYS,Natural Gas Equty deals,NG-PHYS-EQTY,GPTA-ENDUR_COMM-PHYS_NG-PHYS-EQTY,80929,1689,null,null,GPTA-ENDUR_27208,No Office Required,Dwight Helms,SachenSpencer,null,PHYSICAL,null,null,NO,BUY,NA,25cd>1eom,25cd>1eom,NO,null,null,null,null,COPANO HAWKVILLE EQ,GPTA-ENDUR_COMM-PHYS_NG-PHYS-EQTY_PHYSICAL,null,GOM South Texas,null,SEGT,BP Energy Company,NYC,null,PIPELINE,null,null,null,null,null,null,null,null,null,null,,null,null,null,NO,null,Yes,,null,null,null,null,null,27208,null,null,null,Discounting,TransactionGPTAEndur,2022-09-14T04:33:47.007+0000
14057700_1037_20220901_20220930_NATURAL-GAS,2022-09-13,17544371,GPTA-ENDUR,14057700,1037,null,null,ACTIVE,92.000000000000000000,0E-18,MMBTU,null,,2019-07-23,2019-08-01,2022-10-31,202209,2022-09-01,2022-09-30,null,null,Commodity Physical,COMM-PHYS,Natural Gas Equty deals,NG-PHYS-EQTY,GPTA-ENDUR_COMM-PHYS_NG-PHYS-EQTY,80929,1689,null,null,GPTA-ENDUR_27208,No Office Required,Dwight Helms,SachenSpencer,null,PHYSICAL,null,null,NO,BUY,NA,25cd>1eom,25cd>1eom,NO,null,null,null,null,STOREY WHITE KITCHEN EQ,GPTA-ENDUR_COMM-PHYS_NG-PHYS-EQTY_PHYSICAL,null,GOM South Texas,null,SEGT,BP Energy Company,NYC,null,PIPELINE,null,null,null,null,null,null,null,null,null,null,,null,null,null,NO,null,Yes,,null,null,null,null,null,27208,null,null,null,Discounting,TransactionGPTAEndur,2022-09-14T04:33:47.007+0000
14057617_1034_20220601_20220630_NATURAL-GAS,2022-09-13,16938501,GPTA-ENDUR,14057617,1034,null,null,ACTIVE,2760000.000000000000000000,0E-18,MMBTU,null,,2019-07-23,2019-08-01,2022-10-31,202206,2022-06-01,2022-06-30,null,null,Commodity Physical,COMM-PHYS,Natural Gas Equty deals,NG-PHYS-EQTY,GPTA-ENDUR_COMM-PHYS_NG-PHYS-EQTY,80929,1689,null,null,GPTA-ENDUR_27208,No Office Required,Dwight Helms,SachenSpencer,null,PHYSICAL,null,null,NO,BUY,NA,25cd>1eom,25cd>1eom,NO,null,null,null,null,COPANO HAWKVILLE EQ,GPTA-ENDUR_COMM-PHYS_NG-PHYS-EQTY_PHYSICAL,null,GOM South Texas,null,SEGT,BP Energy Company,NYC,null,PIPELINE,null,null,null,null,null,null,null,null,null,null,,null,null,null,NO,null,Yes,,null,null,null,null,null,27208,null,null,null,Discounting,TransactionGPTAEndur,2022-09-14T04:33:47.007+0000
14057700_1034_20220601_20220630_NATURAL-GAS,2022-09-13,17544371,GPTA-ENDUR,14057700,1034,null,null,ACTIVE,92.000000000000000000,0E-18,MMBTU,null,,2019-07-23,2019-08-01,2022-10-31,202206,2022-06-01,2022-06-30,null,null,Commodity Physical,COMM-PHYS,Natural Gas Equty deals,NG-PHYS-EQTY,GPTA-ENDUR_COMM-PHYS_NG-PHYS-EQTY,80929,1689,null,null,GPTA-ENDUR_27208,No Office Required,Dwight Helms,SachenSpencer,null,PHYSICAL,null,null,NO,BUY,NA,25cd>1eom,25cd>1eom,NO,null,null,null,null,STOREY WHITE KITCHEN EQ,GPTA-ENDUR_COMM-PHYS_NG-PHYS-EQTY_PHYSICAL,null,GOM South Texas,null,SEGT,BP Energy Company,NYC,null,PIPELINE,null,null,null,null,null,null,null,null,null,null,,null,null,null,NO,null,Yes,,null,null,null,null,null,27208,null,null,null,Discounting,TransactionGPTAEndur,2022-09-14T04:33:47.007+0000
14049252_1034_20220601_20220630_NATURAL-GAS,2022-09-13,15977065,GPTA-ENDUR,14049252,1034,null,null,ACTIVE,4140000.000000000000000000,0E-18,MMBTU,null,,2019-07-19,2019-08-01,2022-10-31,202206,2022-06-01,2022-06-30,null,null,Commodity Physical,COMM-PHYS,Natural Gas Equty deals,NG-PHYS-EQTY,GPTA-ENDUR_COMM-PHYS_NG-PHYS-EQTY,80929,1689,null,null,GPTA-ENDUR_27208,No Office Required,Dwight Helms,SachenSpencer,null,PHYSICAL,null,null,NO,BUY,NA,25cd>1eom,25cd>1eom,NO,null,null,null,null,JACKSON BLACKHAWK EQ,GPTA-ENDUR_COMM-PHYS_NG-PHYS-EQTY_PHYSICAL,null,GOM South Texas,null,SEGT,BP Energy Company,NYC,null,PIPELINE,null,null,null,null,null,null,null,null,null,null,,null,null,null,NO,null,Yes,,null,null,null,null,null,27208,null,null,null,Discounting,TransactionGPTAEndur,2022-09-14T04:33:47.007+0000
14057700_1036_20220801_20220831_NATURAL-GAS,2022-09-13,17544371,GPTA-ENDUR,14057700,1036,null,null,ACTIVE,92.000000000000000000,0E-18,MMBTU,null,,2019-07-23,2019-08-01,2022-10-31,202208,2022-08-01,2022-08-31,null,null,Commodity Physical,COMM-PHYS,Natural Gas Equty deals,NG-PHYS-EQTY,GPTA-ENDUR_COMM-PHYS_NG-PHYS-EQTY,80929,1689,null,null,GPTA-ENDUR_27208,No Office Required,Dwight Helms,SachenSpencer,null,PHYSICAL,null,null,NO,BUY,NA,25cd>1eom,25cd>1eom,NO,null,null,null,null,STOREY WHITE KITCHEN EQ,GPTA-ENDUR_COMM-PHYS_NG-PHYS-EQTY_PHYSICAL,null,GOM South Texas,null,SEGT,BP Energy Company,NYC,null,PIPELINE,null,null,null,null,null,null,null,null,null,null,,null,null,null,NO,null,Yes,,null,null,null,null,null,27208,null,null,null,Discounting,TransactionGPTAEndur,2022-09-14T04:33:47.007+0000
14059526_1034_20220601_20220630_NATURAL-GAS,2022-09-13,17494021,GPTA-ENDUR,14059526,1034,null,null,ACTIVE,1469028.000000000000000000,0E-18,MMBTU,null,,2019-07-23,2019-08-01,2022-10-31,202206,2022-06-01,2022-06-30,null,null,Commodity Physical,COMM-PHYS,Natural Gas Equty deals,NG-PHYS-EQTY,GPTA-ENDUR_COMM-PHYS_NG-PHYS-EQTY,80929,1689,null,null,GPTA-ENDUR_27208,No Office Required,Ryan Sablatura,SitomerGabrielle,null,PHYSICAL,null,null,NO,BUY,NA,25cd>1eom,25cd>1eom,NO,null,null,null,null,Redhawk Elm Grove EQ,GPTA-ENDUR_COMM-PHYS_NG-PHYS-EQTY_PHYSICAL,null,GOM TX - BPEC,null,SEGT,BP Energy Company,NYC,null,PIPELINE,null,null,null,null,null,null,null,null,null,null,,null,null,null,NO,null,Yes,,null,null,null,null,null,27208,null,null,null,Discounting,TransactionGPTAEndur,2022-09-14T04:33:47.007+0000
14059526_1035_20220701_20220731_NATURAL-GAS,2022-09-13,17494021,GPTA-ENDUR,14059526,1035,null,null,ACTIVE,1469028.000000000000000000,0E-18,MMBTU,null,,2019-07-23,2019-08-01,2022-10-31,202207,2022-07-01,2022-07-31,null,null,Commodity Physical,COMM-PHYS,Natural Gas Equty deals,NG-PHYS-EQTY,GPTA-ENDUR_COMM-PHYS_NG-PHYS-EQTY,80929,1689,null,null,GPTA-ENDUR_27208,No Office Required,Ryan Sablatura,SitomerGabrielle,null,PHYSICAL,null,null,NO,BUY,NA,25cd>1eom,25cd>1eom,NO,null,null,null,null,Redhawk Elm Grove EQ,GPTA-ENDUR_COMM-PHYS_NG-PHYS-EQTY_PHYSICAL,null,GOM TX - BPEC,null,SEGT,BP Energy Company,NYC,null,PIPELINE,null,null,null,null,null,null,null,null,null,null,,null,null,null,NO,null,Yes,,null,null,null,null,null,27208,null,null,null,Discounting,TransactionGPTAEndur,2022-09-14T04:33:47.007+0000
14059526_1036_20220801_20220831_NATURAL-GAS,2022-09-13,17494021,GPTA-ENDUR,14059526,1036,null,null,ACTIVE,1469028.000000000000000000,0E-18,MMBTU,null,,2019-07-23,2019-08-01,2022-10-31,202208,2022-08-01,2022-08-31,null,null,Commodity Physical,COMM-PHYS,Natural Gas Equty deals,NG-PHYS-EQTY,GPTA-ENDUR_COMM-PHYS_NG-PHYS-EQTY,80929,1689,null,null,GPTA-ENDUR_27208,No Office Required,Ryan Sablatura,SitomerGabrielle,null,PHYSICAL,null,null,NO,BUY,NA,25cd>1eom,25cd>1eom,NO,null,null,null,null,Redhawk Elm Grove EQ,GPTA-ENDUR_COMM-PHYS_NG-PHYS-EQTY_PHYSICAL,null,GOM TX - BPEC,null,SEGT,BP Energy Company,NYC,null,PIPELINE,null,null,null,null,null,null,null,null,null,null,,null,null,null,NO,null,Yes,,null,null,null,null,null,27208,null,null,null,Discounting,TransactionGPTAEndur,2022-09-14T04:33:47.007+0000
14059526_1037_20220901_20220930_NATURAL-GAS,2022-09-13,17494021,GPTA-ENDUR,14059526,1037,null,null,ACTIVE,1469028.000000000000000000,0E-18,MMBTU,null,,2019-07-23,2019-08-01,2022-10-31,202209,2022-09-01,2022-09-30,null,null,Commodity Physical,COMM-PHYS,Natural Gas Equty deals,NG-PHYS-EQTY,GPTA-ENDUR_COMM-PHYS_NG-PHYS-EQTY,80929,1689,null,null,GPTA-ENDUR_27208,No Office Required,Ryan Sablatura,SitomerGabrielle,null,PHYSICAL,null,null,NO,BUY,NA,25cd>1eom,25cd>1eom,NO,null,null,null,null,Redhawk Elm Grove EQ,GPTA-ENDUR_COMM-PHYS_NG-PHYS-EQTY_PHYSICAL,null,GOM TX - BPEC,null,SEGT,BP Energy Company,NYC,null,PIPELINE,null,null,null,null,null,null,null,null,null,null,,null,null,null,NO,null,Yes,,null,null,null,null,null,27208,null,null,null,Discounting,TransactionGPTAEndur,2022-09-14T04:33:47.007+0000
14060154_1037_20220901_20220930_NATURAL-GAS,2022-09-13,17493953,GPTA-ENDUR,14060154,1037,null,null,ACTIVE,136400.000000000000000000,0E-18,MMBTU,null,,2019-07-24,2019-08-01,2022-10-31,202209,2022-09-01,2022-09-30,null,null,Commodity Physical,COMM-PHYS,Natural Gas Equty deals,NG-PHYS-EQTY,GPTA-ENDUR_COMM-PHYS_NG-PHYS-EQTY,80929,1689,null,null,GPTA-ENDUR_27208,No Office Required,Ryan Sablatura,SitomerGabrielle,null,PHYSICAL,null,null,NO,BUY,NA,25cd>1eom,25cd>1eom,NO,null,null,null,null,Greenwood EQ,GPTA-ENDUR_COMM-PHYS_NG-PHYS-EQTY_PHYSICAL,null,GOM TX - BPEC,null,SEGT,BP Energy Company,NYC,null,PIPELINE,null,null,null,null,null,null,null,null,null,null,,null,null,null,NO,null,Yes,,null,null,null,null,null,27208,null,null,null,Discounting,TransactionGPTAEndur,2022-09-14T04:33:47.007+0000
14060154_1034_20220601_20220630_NATURAL-GAS,2022-09-13,17493953,GPTA-ENDUR,14060154,1034,null,null,ACTIVE,136400.000000000000000000,0E-18,MMBTU,null,,2019-07-24,2019-08-01,2022-10-31,202206,2022-06-01,2022-06-30,null,null,Commodity Physical,COMM-PHYS,Natural Gas Equty deals,NG-PHYS-EQTY,GPTA-ENDUR_COMM-PHYS_NG-PHYS-EQTY,80929,1689,null,null,GPTA-ENDUR_27208,No Office Required,Ryan Sablatura,SitomerGabrielle,null,PHYSICAL,null,null,NO,BUY,NA,25cd>1eom,25cd>1eom,NO,null,null,null,null,Greenwood EQ,GPTA-ENDUR_COMM-PHYS_NG-PHYS-EQTY_PHYSICAL,null,GOM TX - BPEC,null,SEGT,BP Energy Company,NYC,null,PIPELINE,null,null,null,null,null,null,null,null,null,null,,null,null,null,NO,null,Yes,,null,null,null,null,null,27208,null,null,null,Discounting,TransactionGPTAEndur,2022-09-14T04:33:47.007+0000
14060154_1035_20220701_20220731_NATURAL-GAS,2022-09-13,17493953,GPTA-ENDUR,14060154,1035,null,null,ACTIVE,136400.000000000000000000,0E-18,MMBTU,null,,2019-07-24,2019-08-01,2022-10-31,202207,2022-07-01,2022-07-31,null,null,Commodity Physical,COMM-PHYS,Natural Gas Equty deals,NG-PHYS-EQTY,GPTA-ENDUR_COMM-PHYS_NG-PHYS-EQTY,80929,1689,null,null,GPTA-ENDUR_27208,No Office Required,Ryan Sablatura,SitomerGabrielle,null,PHYSICAL,null,null,NO,BUY,NA,25cd>1eom,25cd>1eom,NO,null,null,null,null,Greenwood EQ,GPTA-ENDUR_COMM-PHYS_NG-PHYS-EQTY_PHYSICAL,null,GOM TX - BPEC,null,SEGT,BP Energy Company,NYC,null,PIPELINE,null,null,null,null,null,null,null,null,null,null,,null,null,null,NO,null,Yes,,null,null,null,null,null,27208,null,null,null,Discounting,TransactionGPTAEndur,2022-09-14T04:33:47.007+0000
14060154_1036_20220801_20220831_NATURAL-GAS,2022-09-13,17493953,GPTA-ENDUR,14060154,1036,null,null,ACTIVE,136400.000000000000000000,0E-18,MMBTU,null,,2019-07-24,2019-08-01,2022-10-31,202208,2022-08-01,2022-08-31,null,null,Commodity Physical,COMM-PHYS,Natural Gas Equty deals,NG-PHYS-EQTY,GPTA-ENDUR_COMM-PHYS_NG-PHYS-EQTY,80929,1689,null,null,GPTA-ENDUR_27208,No Office Required,Ryan Sablatura,SitomerGabrielle,null,PHYSICAL,null,null,NO,BUY,NA,25cd>1eom,25cd>1eom,NO,null,null,null,null,Greenwood EQ,GPTA-ENDUR_COMM-PHYS_NG-PHYS-EQTY_PHYSICAL,null,GOM TX - BPEC,null,SEGT,BP Energy Company,NYC,null,PIPELINE,null,null,null,null,null,null,null,null,null,null,,null,null,null,NO,null,Yes,,null,null,null,null,null,27208,null,null,null,Discounting,TransactionGPTAEndur,2022-09-14T04:33:47.007+0000
A190011959_37_0,2022-09-13,64,RPT-ODS,A190011959,37,null,0,COMPLETE,2000.000000000000000000,2000.000000000000000000,MT,null,,2019-10-15,2019-11-15,2022-09-29,202208,2022-08-29,2022-09-29,null,null,PHYSICAL,PHYSICAL,STANDARD PHYSICAL DEAL,STANDARD PHYSICAL DEAL,RPT-ODS_PHYSICAL_STANDARD PHYSICAL DEAL,79928,1732,Unknown,1011000750535989,RPT-ODS_A190011959,SINGAPORE,Ross Turvey,vinesh,null,PHYSICAL,null,TERM,NO,BUY,null,5-C-A-BL-null-null-S-null-null,null-null-null-null-null,null,null,OC,null,null,null,Unknown,Unknown_LGG,K8,8881,EH DIST,GOFO,NEW YORK,null,null,null,BL,null,null,null,null,null,null,null,null,,null,null,null,NO,null,Y,null,null,null,null,null,Unknown_LGG,1011000750535989,null,null,null,null,TransactionRPTODS,2022-09-14T12:47:37.158+0000
A210050412_8_TT59M_2,2022-09-13,3,RPT-ODS,A210050412,8,TT59M,2,COMPLETE,-862140.693000000000000000,-30065.509000000000000000,MT,ACTUALISED,,2021-10-20,2022-01-01,2022-12-31,202208,2022-08-01,2022-08-31,null,null,PHYSICAL,PHYSICAL,STANDARD PHYSICAL DEAL,STANDARD PHYSICAL DEAL,RPT-ODS_PHYSICAL_STANDARD PHYSICAL DEAL,1370,1732,Unknown,1011000000374791,RPT-ODS_A210050412,SINGAPORE,Jeff D'Souza,Jassim Al Sarray,null,PHYSICAL,null,TERM,NO,SELL,null,25-C-A-TTD-null-null-S-null-null,null-null-null-null-null,null,CIFD,LC,KHOR AL ZUBA,MAILIAO,null,Unknown,Unknown_LGG,EZ,0001,EH GAS,GGAS,NEW YORK,null,null,fljqjl,TTD,null,null,2022-09-13,2022-07-31,2022-09-13,null,2022-09-13,2022-09-13,,null,null,null,NO,WATER,Y,null,null,null,2022-09-13,null,Unknown_LGG,1011000000374791,null,null,null,null,TransactionRPTODS,2022-09-14T12:47:37.158+0000
A210050412_8_TQ28F_3,2022-09-13,3,RPT-ODS,A210050412,8,TQ28F,3,COMPLETE,-862140.693000000000000000,-4728.663000000000000000,MT,PLANNED,,2021-10-20,2022-01-01,2022-12-31,202208,2022-08-01,2022-08-31,null,null,PHYSICAL,PHYSICAL,STANDARD PHYSICAL DEAL,STANDARD PHYSICAL DEAL,RPT-ODS_PHYSICAL_STANDARD PHYSICAL DEAL,1370,1732,Unknown,1011000000374791,RPT-ODS_A210050412,SINGAPORE,Jeff D'Souza,Jassim Al Sarray,null,PHYSICAL,null,TERM,NO,SELL,null,25-C-A-TTD-null-null-S-null-null,null-null-null-null-null,null,CIFD,LC,KHOR AL ZUBA,JEBEL ALI,null,Unknown,Unknown_LGG,EZ,0001,EH GAS,GGAS,NEW YORK,null,null,fljqjl,TTD,null,null,2022-09-30,2022-08-17,2022-09-30,null,2022-09-30,2022-09-30,,null,null,null,NO,null,Y,null,null,null,2022-09-30,null,Unknown_LGG,1011000000374791,null,null,null,null,TransactionRPTODS,2022-09-14T12:47:37.158+0000
A170008198_66_TT16K_2,2022-09-13,84,RPT-ODS,A170008198,66,TT16K,2,COMPLETE,2037837.000000000000000000,99000.000000000000000000,BBL,PLANNED,,2017-08-14,2017-10-01,2022-11-30,202209,2022-09-01,2022-09-30,null,null,PHYSICAL,PHYSICAL,STANDARD PHYSICAL DEAL,STANDARD PHYSICAL DEAL,RPT-ODS_PHYSICAL_STANDARD PHYSICAL DEAL,14161,1732,Unknown,1011000427812310,RPT-ODS_A170008198,SINGAPORE,Ruchir Chandak,dhi,null,PHYSICAL,null,null,NO,BUY,null,30-C-A-BL-null-null-P-null-null,null-null-null-null-null,null,FOB,OC,null,FAHAL,null,Unknown,Unknown_LGG,MY,0008,MEDIUM SOUR,GCRUDE,NEW YORK,null,null,seve1m,BL,null,null,2022-09-17,2022-09-17,2022-09-17,null,2022-09-17,2022-09-17,,null,null,null,NO,null,Y,null,null,null,2022-09-17,null,Unknown_LGG,1011000427812310,null,null,null,null,TransactionRPTODS,2022-09-14T12:47:37.158+0000
A210050412_12_0,2022-09-13,2,RPT-ODS,A210050412,12,null,0,COMPLETE,-862140.693000000000000000,-155925.000000000000000000,MT,null,,2021-10-20,2022-01-01,2022-12-31,202212,2022-12-01,2022-12-31,null,null,PHYSICAL,PHYSICAL,STANDARD PHYSICAL DEAL,STANDARD PHYSICAL DEAL,RPT-ODS_PHYSICAL_STANDARD PHYSICAL DEAL,1370,1732,Unknown,1011000000374791,RPT-ODS_A210050412,SINGAPORE,Jeff D'Souza,Jassim Al Sarray,null,PHYSICAL,null,null,NO,SELL,null,25-C-A-TTD-null-null-S-null-null,null-null-null-null-null,null,null,LC,null,null,null,Unknown,Unknown_LGG,EZ,0001,EH GAS,GGAS,NEW YORK,null,null,null,TTD,null,null,null,null,null,null,null,null,,null,null,null,NO,null,Y,null,null,null,null,null,Unknown_LGG,1011000000374791,null,null,null,null,TransactionRPTODS,2022-09-14T12:47:37.158+0000
A210050412_11_0,2022-09-13,2,RPT-ODS,A210050412,11,null,0,COMPLETE,-862140.693000000000000000,-155925.000000000000000000,MT,null,,2021-10-20,2022-01-01,2022-12-31,202211,2022-11-01,2022-11-30,null,null,PHYSICAL,PHYSICAL,STANDARD PHYSICAL DEAL,STANDARD PHYSICAL DEAL,RPT-ODS_PHYSICAL_STANDARD PHYSICAL DEAL,1370,1732,Unknown,1011000000374791,RPT-ODS_A210050412,SINGAPORE,Jeff D'Souza,Jassim Al Sarray,null,PHYSICAL,null,null,NO,SELL,null,25-C-A-TTD-null-null-S-null-null,null-null-null-null-null,null,null,LC,null,null,null,Unknown,Unknown_LGG,EZ,0001,EH GAS,GGAS,NEW YORK,null,null,null,TTD,null,null,null,null,null,null,null,null,,null,null,null,NO,null,Y,null,null,null,null,null,Unknown_LGG,1011000000374791,null,null,null,null,TransactionRPTODS,2022-09-14T12:47:37.158+0000
A210050412_8_TW59Q_2,2022-09-13,3,RPT-ODS,A210050412,8,TW59Q,2,COMPLETE,-862140.693000000000000000,-39000.000000000000000000,MT,PLANNED,,2021-10-20,2022-01-01,2022-12-31,202208,2022-08-01,2022-08-31,null,null,PHYSICAL,PHYSICAL,STANDARD PHYSICAL DEAL,STANDARD PHYSICAL DEAL,RPT-ODS_PHYSICAL_STANDARD PHYSICAL DEAL,1370,1732,Unknown,1011000000374791,RPT-ODS_A210050412,SINGAPORE,Jeff D'Souza,Jassim Al Sarray,null,PHYSICAL,null,TERM,NO,SELL,null,25-C-A-TTD-null-null-S-null-null,null-null-null-null-null,null,CIFD,LC,KHOR AL ZUBA,null,null,Unknown,Unknown_LGG,EZ,0001,EH GAS,GGAS,NEW YORK,null,null,fljqjl,TTD,null,null,2022-09-25,2022-09-14,2022-09-25,null,2022-09-25,2022-09-25,,null,null,null,NO,null,Y,null,null,null,2022-09-25,null,Unknown_LGG,1011000000374791,null,null,null,null,TransactionRPTODS,2022-09-14T12:47:37.158+0000
A170008198_65_TI24S_1,2022-09-13,84,RPT-ODS,A170008198,65,TI24S,1,COMPLETE,2037837.000000000000000000,50000.000000000000000000,BBL,ACTUALISED,,2017-08-14,2017-10-01,2022-11-30,202208,2022-08-01,2022-08-31,null,null,PHYSICAL,PHYSICAL,STANDARD PHYSICAL DEAL,STANDARD PHYSICAL DEAL,RPT-ODS_PHYSICAL_STANDARD PHYSICAL DEAL,14161,1732,Unknown,1011000427812310,RPT-ODS_A170008198,SINGAPORE,Ruchir Chandak,dhi,null,PHYSICAL,null,null,NO,BUY,null,30-C-A-BL-null-null-P-null-null,null-null-null-null-null,null,FOB,OC,CHINA,FAHAL,null,Unknown,Unknown_LGG,MY,0008,MEDIUM SOUR,GCRUDE,NEW YORK,null,null,seve1m,BL,null,null,2022-08-10,2022-08-10,2022-08-10,null,2022-08-10,2022-08-10,,null,null,null,NO,null,Y,null,null,null,2022-08-10,null,Unknown_LGG,1011000427812310,null,null,null,null,TransactionRPTODS,2022-09-14T12:47:37.158+0000
A210050412_8_TV79V_4,2022-09-13,3,RPT-ODS,A210050412,8,TV79V,4,COMPLETE,-862140.693000000000000000,-3432.085000000000000000,MT,PLANNED,,2021-10-20,2022-01-01,2022-12-31,202208,2022-08-01,2022-08-31,null,null,PHYSICAL,PHYSICAL,STANDARD PHYSICAL DEAL,STANDARD PHYSICAL DEAL,RPT-ODS_PHYSICAL_STANDARD PHYSICAL DEAL,1370,1732,Unknown,1011000000374791,RPT-ODS_A210050412,SINGAPORE,Jeff D'Souza,Jassim Al Sarray,null,PHYSICAL,null,TERM,NO,SELL,null,25-C-A-TTD-null-null-S-null-null,null-null-null-null-null,null,CIFD,LC,KHOR AL ZUBA,JEBEL ALI,null,Unknown,Unknown_LGG,EZ,0001,EH GAS,GGAS,NEW YORK,null,null,fljqjl,TTD,null,null,2022-09-21,2022-09-01,2022-09-21,null,2022-09-21,2022-09-21,,null,null,null,NO,null,Y,null,null,null,2022-09-21,null,Unknown_LGG,1011000000374791,null,null,null,null,TransactionRPTODS,2022-09-14T12:47:37.158+0000
A190014971_25_TY14H_1,2022-09-13,54,RPT-ODS,A190014971,25,TY14H,1,COMPLETE,3000.000000000000000000,3000.000000000000000000,MT,PLANNED,,2019-12-13,2020-04-15,2022-10-15,202209,2022-09-16,2022-10-15,null,null,PHYSICAL,PHYSICAL,STANDARD PHYSICAL DEAL,STANDARD PHYSICAL DEAL,RPT-ODS_PHYSICAL_STANDARD PHYSICAL DEAL,69395,1732,Unknown,1011000681624783,RPT-ODS_A190014971,SINGAPORE,Dave Alden,unknown,null,PHYSICAL,null,SPOT,NO,BUY,null,null-null-null-null-null-null-S-null-31-Aug-2022,null-null-null-null-null,null,FOB,PREPAY,ROTTERDAM,JINGTANG GAN,null,Unknown,Unknown_LGG,K8,8888,EH DIST,GOFO,NEW YORK,null,null,chw3vi,null,2022-09-16,2022-10-15,2022-10-15,2022-10-15,2022-10-15,null,2022-10-15,2022-10-15,,null,null,null,NO,null,Y,null,null,null,2022-10-15,null,Unknown_LGG,1011000681624783,null,null,null,null,TransactionRPTODS,2022-09-14T12:47:37.158+0000
A190003698_26_0,2022-09-13,68,RPT-ODS,A190003698,26,null,0,COMPLETE,323897.453000000000000000,65000.000000000000000000,MT,null,,2019-04-08,2019-06-01,2023-04-30,202304,2023-04-01,2023-04-30,null,null,PHYSICAL,PHYSICAL,STANDARD PHYSICAL DEAL,STANDARD PHYSICAL DEAL,RPT-ODS_PHYSICAL_STANDARD PHYSICAL DEAL,79442,1732,Unknown,1011000747438102,RPT-ODS_A190003698,SINGAPORE,Brian Taylor,Flamingo,null,PHYSICAL,null,null,YES,BUY,null,29-C-F-BL-null-null-P-null-null,null-null-null-null-null,null,null,OC,null,null,null,Unknown,Unknown_LGG,SL,3407,EH DIST,GOFO,NEW YORK,null,null,null,BL,null,null,null,null,null,null,null,null,,null,null,null,NO,null,Y,null,null,null,null,null,Unknown_LGG,1011000747438102,null,null,null,null,TransactionRPTODS,2022-09-14T12:47:37.158+0000
A210003878_2_SU25J_7,2022-09-13,18,RPT-ODS,A210003878,2,SU25J,7,COMPLETE,5000.000000000000000000,5000.000000000000000000,MT,PLANNED,,2021-03-30,2022-08-01,2022-08-31,202208,2022-08-01,2022-08-31,null,null,PHYSICAL,PHYSICAL,STANDARD PHYSICAL DEAL,STANDARD PHYSICAL DEAL,RPT-ODS_PHYSICAL_STANDARD PHYSICAL DEAL,74967,1732,Unknown,1011000740759181,RPT-ODS_A210003878,SINGAPORE,Ross Turvey,Chan Cecilia S.S.,null,PHYSICAL,null,SPOT,NO,BUY,null,10-C-A-BL-null-null-S-null-null,null-null-null-null-null,null,FOB,OC,null,ZHANGJIAGANG,null,Unknown,Unknown_LGG,BU,0020,EH DIST,GOFO,NEW YORK,null,null,chw3vi,BL,2022-08-01,2022-08-31,2022-09-30,2022-09-30,2022-09-30,null,2022-09-30,2022-09-30,,null,null,null,NO,null,Y,null,null,null,2022-09-30,null,Unknown_LGG,1011000740759181,null,null,null,null,TransactionRPTODS,2022-09-14T12:47:37.158+0000
A210003300_2_TR53W_5,2022-09-13,14,RPT-ODS,A210003300,2,TR53W,5,COMPLETE,870.000000000000000000,870.000000000000000000,MT,PLANNED,,2021-03-18,2022-01-01,2022-01-31,202201,2022-01-01,2022-01-31,null,null,PHYSICAL,PHYSICAL,STANDARD PHYSICAL DEAL,STANDARD PHYSICAL DEAL,RPT-ODS_PHYSICAL_STANDARD PHYSICAL DEAL,74967,1732,Unknown,1011000740759181,RPT-ODS_A210003300,SINGAPORE,Ross Turvey,Cecilia Chan,null,PHYSICAL,null,SPOT,NO,BUY,null,10-C-A-BL-null-null-S-null-null,null-null-null-null-null,null,FOB,OC,null,ZHANGJIAGANG,null,Unknown,Unknown_LGG,BU,0020,EH DIST,GOFO,NEW YORK,null,null,chw3vi,BL,2022-01-01,2022-01-31,2022-09-30,2022-09-30,2022-09-30,null,2022-09-30,2022-09-30,,null,null,null,NO,null,Y,null,null,null,2022-09-30,null,Unknown_LGG,1011000740759181,null,null,null,null,TransactionRPTODS,2022-09-14T12:47:37.158+0000
A200014562_22_TT57S_1,2022-09-13,18,RPT-ODS,A200014562,22,TT57S,1,COMPLETE,1439271.000000000000000000,365000.000000000000000000,BBL,PLANNED,,2020-12-01,2021-01-01,2022-11-30,202210,2022-10-01,2022-10-31,null,null,PHYSICAL,PHYSICAL,STANDARD PHYSICAL DEAL,STANDARD PHYSICAL DEAL,RPT-ODS_PHYSICAL_STANDARD PHYSICAL DEAL,12843,1732,Unknown,1010003023000223,RPT-ODS_A200014562,SINGAPORE,Ruchir Chandak,Ali,null,PHYSICAL,null,null,NO,BUY,null,30-C-A-BL-null-null-P-null-null,null-null-null-null-null,null,FOB,LC,null,FAHAL,null,Unknown,Unknown_LGG,MY,0008,MEDIUM SOUR,GCRUDE,NEW YORK,null,null,seve1m,BL,null,null,2022-10-15,2022-10-15,2022-10-15,null,2022-10-15,2022-10-15,,null,null,null,NO,null,Y,null,null,null,2022-10-15,null,Unknown_LGG,1010003023000223,null,null,null,null,TransactionRPTODS,2022-09-14T12:47:37.158+0000
A210050412_8_TV79V_2,2022-09-13,3,RPT-ODS,A210050412,8,TV79V,2,COMPLETE,-862140.693000000000000000,-36625.241000000000000000,MT,PLANNED,,2021-10-20,2022-01-01,2022-12-31,202208,2022-08-01,2022-08-31,null,null,PHYSICAL,PHYSICAL,STANDARD PHYSICAL DEAL,STANDARD PHYSICAL DEAL,RPT-ODS_PHYSICAL_STANDARD PHYSICAL DEAL,1370,1732,Unknown,1011000000374791,RPT-ODS_A210050412,SINGAPORE,Jeff D'Souza,Jassim Al Sarray,null,PHYSICAL,null,TERM,NO,SELL,null,25-C-A-TTD-null-null-S-null-null,null-null-null-null-null,null,CIFD,LC,KHOR AL ZUBA,NEWMANGALORE,null,Unknown,Unknown_LGG,EZ,0001,EH GAS,GGAS,NEW YORK,null,null,fljqjl,TTD,null,null,2022-09-21,2022-08-22,2022-09-21,null,2022-09-21,2022-09-21,,null,null,null,NO,null,Y,null,null,null,2022-09-21,null,Unknown_LGG,1011000000374791,null,null,null,null,TransactionRPTODS,2022-09-14T12:47:37.158+0000
A210050412_7_TL20W_2,2022-09-13,3,RPT-ODS,A210050412,7,TL20W,2,COMPLETE,-862140.693000000000000000,-5171.213000000000000000,MT,ACTUALISED,,2021-10-20,2022-01-01,2022-12-31,202207,2022-07-01,2022-07-31,null,null,PHYSICAL,PHYSICAL,STANDARD PHYSICAL DEAL,STANDARD PHYSICAL DEAL,RPT-ODS_PHYSICAL_STANDARD PHYSICAL DEAL,1370,1732,Unknown,1011000000374791,RPT-ODS_A210050412,SINGAPORE,Jeff D'Souza,Jassim Al Sarray,null,PHYSICAL,null,TERM,NO,SELL,null,25-C-A-TTD-null-null-S-null-null,null-null-null-null-null,null,CIFD,LC,KHOR AL ZUBA,LANGSAT,null,Unknown,Unknown_LGG,EZ,0001,EH GAS,GGAS,NEW YORK,null,null,fljqjl,TTD,null,null,2022-08-20,2022-07-05,2022-08-20,null,2022-08-20,2022-08-20,,null,null,null,NO,WATER,Y,null,null,null,2022-08-20,null,Unknown_LGG,1011000000374791,null,null,null,null,TransactionRPTODS,2022-09-14T12:47:37.158+0000
A170008198_66_TN97T_1,2022-09-13,86,RPT-ODS,A170008198,66,TN97T,1,COMPLETE,2037837.000000000000000000,368004.000000000000000000,BBL,ACTUALISED,,2017-08-14,2017-10-01,2022-11-30,202209,2022-09-01,2022-09-30,null,null,PHYSICAL,PHYSICAL,STANDARD PHYSICAL DEAL,STANDARD PHYSICAL DEAL,RPT-ODS_PHYSICAL_STANDARD PHYSICAL DEAL,14161,1732,Unknown,1011000427812310,RPT-ODS_A170008198,SINGAPORE,Ruchir Chandak,dhi,null,PHYSICAL,null,TERM,NO,BUY,null,30-C-A-BL-null-null-P-null-null,null-null-null-null-null,null,FOB,OC,CHINA,FAHAL,null,Unknown,Unknown_LGG,MY,0008,MEDIUM SOUR,GCRUDE,NEW YORK,null,null,seve1m,BL,null,null,2022-09-04,2022-09-04,2022-09-04,null,2022-09-04,2022-09-04,,null,null,null,NO,WATER,Y,null,null,null,2022-09-04,null,Unknown_LGG,1011000427812310,null,null,null,null,TransactionRPTODS,2022-09-14T12:47:37.158+0000
A210050412_7_TL20W_1,2022-09-13,3,RPT-ODS,A210050412,7,TL20W,1,COMPLETE,-862140.693000000000000000,-33694.011000000000000000,MT,ACTUALISED,,2021-10-20,2022-01-01,2022-12-31,202207,2022-07-01,2022-07-31,null,null,PHYSICAL,PHYSICAL,STANDARD PHYSICAL DEAL,STANDARD PHYSICAL DEAL,RPT-ODS_PHYSICAL_STANDARD PHYSICAL DEAL,1370,1732,Unknown,1011000000374791,RPT-ODS_A210050412,SINGAPORE,Jeff D'Souza,Jassim Al Sarray,null,PHYSICAL,null,TERM,NO,SELL,null,25-C-A-TTD-null-null-S-null-null,null-null-null-null-null,null,CIFD,LC,KHOR AL ZUBA,QINGDAO,null,Unknown,Unknown_LGG,EZ,0001,EH GAS,GGAS,NEW YORK,null,null,fljqjl,TTD,null,null,2022-08-20,2022-06-19,2022-08-20,null,2022-08-20,2022-08-20,,null,null,null,NO,WATER,Y,null,null,null,2022-08-20,null,Unknown_LGG,1011000000374791,null,null,null,null,TransactionRPTODS,2022-09-14T12:47:37.158+0000
A210011123_11_TY45X_3,2022-09-13,9,RPT-ODS,A210011123,11,TY45X,3,COMPLETE,-44000.000000000000000000,-22000.000000000000000000,MT,PLANNED,,2021-07-30,2022-01-01,2022-10-31,202210,2022-10-01,2022-10-31,null,null,PHYSICAL,PHYSICAL,STANDARD PHYSICAL DEAL,STANDARD PHYSICAL DEAL,RPT-ODS_PHYSICAL_STANDARD PHYSICAL DEAL,1025,1732,Unknown,1011000033426099,RPT-ODS_A210011123,SINGAPORE,Yoong Khong Lim,Ravi Mehrotra,null,PHYSICAL,null,SPOT,NO,SELL,null,30-C-A-BL-null-null-S-null-null,null-null-null-null-null,null,FOB,OC,INDIA,RUWAIS,null,Unknown,Unknown_LGG,EV,0001,EH LPG,GLPG,NEW YORK,null,null,husa2v,BL,2022-10-01,2022-10-31,2022-10-06,2022-10-06,2022-10-06,null,2022-10-06,2022-10-06,,null,null,null,NO,null,Y,null,null,null,2022-10-06,null,Unknown_LGG,1011000033426099,null,null,null,null,TransactionRPTODS,2022-09-14T12:47:37.158+0000
A210050412_10_0,2022-09-13,2,RPT-ODS,A210050412,10,null,0,COMPLETE,-862140.693000000000000000,-155925.000000000000000000,MT,null,,2021-10-20,2022-01-01,2022-12-31,202210,2022-10-01,2022-10-31,null,null,PHYSICAL,PHYSICAL,STANDARD PHYSICAL DEAL,STANDARD PHYSICAL DEAL,RPT-ODS_PHYSICAL_STANDARD PHYSICAL DEAL,1370,1732,Unknown,1011000000374791,RPT-ODS_A210050412,SINGAPORE,Jeff D'Souza,Jassim Al Sarray,null,PHYSICAL,null,null,NO,SELL,null,25-C-A-TTD-null-null-S-null-null,null-null-null-null-null,null,null,LC,null,null,null,Unknown,Unknown_LGG,EZ,0001,EH GAS,GGAS,NEW YORK,null,null,null,TTD,null,null,null,null,null,null,null,null,,null,null,null,NO,null,Y,null,null,null,null,null,Unknown_LGG,1011000000374791,null,null,null,null,TransactionRPTODS,2022-09-14T12:47:37.158+0000
A200014562_21_TN97V_1,2022-09-13,18,RPT-ODS,A200014562,21,TN97V,1,COMPLETE,1439271.000000000000000000,350000.000000000000000000,BBL,PLANNED,,2020-12-01,2021-01-01,2022-11-30,202209,2022-09-01,2022-09-30,null,null,PHYSICAL,PHYSICAL,STANDARD PHYSICAL DEAL,STANDARD PHYSICAL DEAL,RPT-ODS_PHYSICAL_STANDARD PHYSICAL DEAL,12843,1732,Unknown,1010003023000223,RPT-ODS_A200014562,SINGAPORE,Ruchir Chandak,Ali,null,PHYSICAL,null,null,NO,BUY,null,30-C-A-BL-null-null-P-null-null,null-null-null-null-null,null,FOB,LC,null,FAHAL,null,Unknown,Unknown_LGG,MY,0008,MEDIUM SOUR,GCRUDE,NEW YORK,null,null,seve1m,BL,null,null,2022-09-11,2022-09-11,2022-09-11,null,2022-09-11,2022-09-11,,null,null,null,NO,null,Y,null,null,null,2022-09-11,null,Unknown_LGG,1010003023000223,null,null,null,null,TransactionRPTODS,2022-09-14T12:47:37.158+0000
A210050412_8_0,2022-09-13,3,RPT-ODS,A210050412,8,null,0,COMPLETE,-862140.693000000000000000,0E-18,MT,null,,2021-10-20,2022-01-01,2022-12-31,202208,2022-08-01,2022-08-31,null,null,PHYSICAL,PHYSICAL,STANDARD PHYSICAL DEAL,STANDARD PHYSICAL DEAL,RPT-ODS_PHYSICAL_STANDARD PHYSICAL DEAL,1370,1732,Unknown,1011000000374791,RPT-ODS_A210050412,SINGAPORE,Jeff D'Souza,Jassim Al Sarray,null,PHYSICAL,null,TERM,NO,SELL,null,25-C-A-TTD-null-null-S-null-null,null-null-null-null-null,null,null,LC,null,null,null,Unknown,Unknown_LGG,EZ,0001,EH GAS,GGAS,NEW YORK,null,null,null,TTD,null,null,null,null,null,null,null,null,,null,null,null,NO,null,Y,null,null,null,null,null,Unknown_LGG,1011000000374791,null,null,null,null,TransactionRPTODS,2022-09-14T12:47:37.158+0000
A170008198_68_TY85K_1,2022-09-13,86,RPT-ODS,A170008198,68,TY85K,1,COMPLETE,2037837.000000000000000000,149000.000000000000000000,BBL,PLANNED,,2017-08-14,2017-10-01,2022-11-30,202211,2022-11-01,2022-11-30,null,null,PHYSICAL,PHYSICAL,STANDARD PHYSICAL DEAL,STANDARD PHYSICAL DEAL,RPT-ODS_PHYSICAL_STANDARD PHYSICAL DEAL,14161,1732,Unknown,1011000427812310,RPT-ODS_A170008198,SINGAPORE,Ruchir Chandak,dhi,null,PHYSICAL,null,TERM,NO,BUY,null,30-C-A-BL-null-null-P-null-null,null-null-null-null-null,null,FOB,OC,null,FAHAL,null,Unknown,Unknown_LGG,MY,0008,MEDIUM SOUR,GCRUDE,NEW YORK,null,null,seve1m,BL,null,null,2022-11-15,2022-11-15,2022-11-15,null,2022-11-15,2022-11-15,,null,null,null,NO,null,Y,null,null,null,2022-11-15,null,Unknown_LGG,1011000427812310,null,null,null,null,TransactionRPTODS,2022-09-14T12:47:37.158+0000
A200014562_23_TY85J_1,2022-09-13,19,RPT-ODS,A200014562,23,TY85J,1,COMPLETE,1439271.000000000000000000,360000.000000000000000000,BBL,PLANNED,,2020-12-01,2021-01-01,2022-11-30,202211,2022-11-01,2022-11-30,null,null,PHYSICAL,PHYSICAL,STANDARD PHYSICAL DEAL,STANDARD PHYSICAL DEAL,RPT-ODS_PHYSICAL_STANDARD PHYSICAL DEAL,12843,1732,Unknown,1010003023000223,RPT-ODS_A200014562,SINGAPORE,Ruchir Chandak,Ali,null,PHYSICAL,null,TERM,NO,BUY,null,30-C-A-BL-null-null-P-null-null,null-null-null-null-null,null,FOB,LC,null,FAHAL,null,Unknown,Unknown_LGG,MY,0008,MEDIUM SOUR,GCRUDE,NEW YORK,null,null,seve1m,BL,null,null,2022-11-15,2022-11-15,2022-11-15,null,2022-11-15,2022-11-15,,null,null,null,NO,null,Y,null,null,null,2022-11-15,null,Unknown_LGG,1010003023000223,null,null,null,null,TransactionRPTODS,2022-09-14T12:47:37.158+0000
A170008198_67_TT57T_1,2022-09-13,84,RPT-ODS,A170008198,67,TT57T,1,COMPLETE,2037837.000000000000000000,637000.000000000000000000,BBL,PLANNED,,2017-08-14,2017-10-01,2022-11-30,202210,2022-10-01,2022-10-31,null,null,PHYSICAL,PHYSICAL,STANDARD PHYSICAL DEAL,STANDARD PHYSICAL DEAL,RPT-ODS_PHYSICAL_STANDARD PHYSICAL DEAL,14161,1732,Unknown,1011000427812310,RPT-ODS_A170008198,SINGAPORE,Ruchir Chandak,dhi,null,PHYSICAL,null,null,NO,BUY,null,30-C-A-BL-null-null-P-null-null,null-null-null-null-null,null,FOB,OC,null,FAHAL,null,Unknown,Unknown_LGG,MY,0008,MEDIUM SOUR,GCRUDE,NEW YORK,null,null,seve1m,BL,null,null,2022-10-15,2022-10-15,2022-10-15,null,2022-10-15,2022-10-15,,null,null,null,NO,null,Y,null,null,null,2022-10-15,null,Unknown_LGG,1011000427812310,null,null,null,null,TransactionRPTODS,2022-09-14T12:47:37.158+0000
A210050412_7_TL21A_1,2022-09-13,3,RPT-ODS,A210050412,7,TL21A,1,COMPLETE,-862140.693000000000000000,-37269.166000000000000000,MT,ACTUALISED,,2021-10-20,2022-01-01,2022-12-31,202207,2022-07-01,2022-07-31,null,null,PHYSICAL,PHYSICAL,STANDARD PHYSICAL DEAL,STANDARD PHYSICAL DEAL,RPT-ODS_PHYSICAL_STANDARD PHYSICAL DEAL,1370,1732,Unknown,1011000000374791,RPT-ODS_A210050412,SINGAPORE,Jeff D'Souza,Jassim Al Sarray,null,PHYSICAL,null,TERM,NO,SELL,null,25-C-A-TTD-null-null-S-null-null,null-null-null-null-null,null,CIFD,LC,KHOR AL ZUBA,JEBEL ALI,null,Unknown,Unknown_LGG,EZ,0001,EH GAS,GGAS,NEW YORK,null,null,fljqjl,TTD,null,null,2022-08-23,2022-07-24,2022-08-23,null,2022-08-23,2022-08-23,,null,null,null,NO,WATER,Y,null,null,null,2022-08-23,null,Unknown_LGG,1011000000374791,null,null,null,null,TransactionRPTODS,2022-09-14T12:47:37.158+0000
A170008198_65_TI24R_3,2022-09-13,84,RPT-ODS,A170008198,65,TI24R,3,COMPLETE,2037837.000000000000000000,84830.000000000000000000,BBL,ACTUALISED,,2017-08-14,2017-10-01,2022-11-30,202208,2022-08-01,2022-08-31,null,null,PHYSICAL,PHYSICAL,STANDARD PHYSICAL DEAL,STANDARD PHYSICAL DEAL,RPT-ODS_PHYSICAL_STANDARD PHYSICAL DEAL,14161,1732,Unknown,1011000427812310,RPT-ODS_A170008198,SINGAPORE,Ruchir Chandak,dhi,null,PHYSICAL,null,null,NO,BUY,null,30-C-A-BL-null-null-P-null-null,null-null-null-null-null,null,FOB,OC,CHINA,FAHAL,null,Unknown,Unknown_LGG,MY,0008,MEDIUM SOUR,GCRUDE,NEW YORK,null,null,seve1m,BL,null,null,2022-08-13,2022-08-13,2022-08-13,null,2022-08-13,2022-08-13,,null,null,null,NO,null,Y,null,null,null,2022-08-13,null,Unknown_LGG,1011000427812310,null,null,null,null,TransactionRPTODS,2022-09-14T12:47:37.158+0000
A210050412_8_TQ28F_1,2022-09-13,3,RPT-ODS,A210050412,8,TQ28F,1,COMPLETE,-862140.693000000000000000,-36624.873000000000000000,MT,PLANNED,,2021-10-20,2022-01-01,2022-12-31,202208,2022-08-01,2022-08-31,null,null,PHYSICAL,PHYSICAL,STANDARD PHYSICAL DEAL,STANDARD PHYSICAL DEAL,RPT-ODS_PHYSICAL_STANDARD PHYSICAL DEAL,1370,1732,Unknown,1011000000374791,RPT-ODS_A210050412,SINGAPORE,Jeff D'Souza,Jassim Al Sarray,null,PHYSICAL,null,TERM,NO,SELL,null,25-C-A-TTD-null-null-S-null-null,null-null-null-null-null,null,CIFD,LC,KHOR AL ZUBA,NEWMANGALORE,null,Unknown,Unknown_LGG,EZ,0001,EH GAS,GGAS,NEW YORK,null,null,fljqjl,TTD,null,null,2022-09-30,2022-07-24,2022-09-30,null,2022-09-30,2022-09-30,,null,null,null,NO,null,Y,null,null,null,2022-09-30,null,Unknown_LGG,1011000000374791,null,null,null,null,TransactionRPTODS,2022-09-14T12:47:37.158+0000
A170008198_65_TM86M_2,2022-09-13,84,RPT-ODS,A170008198,65,TM86M,2,COMPLETE,2037837.000000000000000000,500003.000000000000000000,BBL,ACTUALISED,,2017-08-14,2017-10-01,2022-11-30,202208,2022-08-01,2022-08-31,null,null,PHYSICAL,PHYSICAL,STANDARD PHYSICAL DEAL,STANDARD PHYSICAL DEAL,RPT-ODS_PHYSICAL_STANDARD PHYSICAL DEAL,14161,1732,Unknown,1011000427812310,RPT-ODS_A170008198,SINGAPORE,Ruchir Chandak,dhi,null,PHYSICAL,null,null,NO,BUY,null,30-C-A-BL-null-null-P-null-null,null-null-null-null-null,null,FOB,OC,CHINA,FAHAL,null,Unknown,Unknown_LGG,MY,0008,MEDIUM SOUR,GCRUDE,NEW YORK,null,null,seve1m,BL,null,null,2022-08-10,2022-08-10,2022-08-10,null,2022-08-10,2022-08-10,,null,null,null,NO,null,Y,null,null,null,2022-08-10,null,Unknown_LGG,1011000427812310,null,null,null,null,TransactionRPTODS,2022-09-14T12:47:37.158+0000
A200014562_20_TI24R_1,2022-09-13,18,RPT-ODS,A200014562,20,TI24R,1,COMPLETE,1439271.000000000000000000,364271.000000000000000000,BBL,ACTUALISED,,2020-12-01,2021-01-01,2022-11-30,202208,2022-08-01,2022-08-31,null,null,PHYSICAL,PHYSICAL,STANDARD PHYSICAL DEAL,STANDARD PHYSICAL DEAL,RPT-ODS_PHYSICAL_STANDARD PHYSICAL DEAL,12843,1732,Unknown,1010003023000223,RPT-ODS_A200014562,SINGAPORE,Ruchir Chandak,Ali,null,PHYSICAL,null,null,NO,BUY,null,30-C-A-BL-null-null-P-null-null,null-null-null-null-null,null,FOB,LC,CHINA,FAHAL,null,Unknown,Unknown_LGG,MY,0008,MEDIUM SOUR,GCRUDE,NEW YORK,null,null,seve1m,BL,null,null,2022-08-13,2022-08-13,2022-08-13,null,2022-08-13,2022-08-13,,null,null,null,NO,null,Y,null,null,null,2022-08-13,null,Unknown_LGG,1010003023000223,null,null,null,null,TransactionRPTODS,2022-09-14T12:47:37.158+0000
A170008198_66_TN97V_3,2022-09-13,84,RPT-ODS,A170008198,66,TN97V,3,COMPLETE,2037837.000000000000000000,150000.000000000000000000,BBL,PLANNED,,2017-08-14,2017-10-01,2022-11-30,202209,2022-09-01,2022-09-30,null,null,PHYSICAL,PHYSICAL,STANDARD PHYSICAL DEAL,STANDARD PHYSICAL DEAL,RPT-ODS_PHYSICAL_STANDARD PHYSICAL DEAL,14161,1732,Unknown,1011000427812310,RPT-ODS_A170008198,SINGAPORE,Ruchir Chandak,dhi,null,PHYSICAL,null,null,NO,BUY,null,30-C-A-BL-null-null-P-null-null,null-null-null-null-null,null,FOB,OC,null,FAHAL,null,Unknown,Unknown_LGG,MY,0008,MEDIUM SOUR,GCRUDE,NEW YORK,null,null,seve1m,BL,null,null,2022-09-11,2022-09-11,2022-09-11,null,2022-09-11,2022-09-11,,null,null,null,NO,null,Y,null,null,null,2022-09-11,null,Unknown_LGG,1011000427812310,null,null,null,null,TransactionRPTODS,2022-09-14T12:47:37.158+0000
A210050412_8_TT59M_3,2022-09-13,3,RPT-ODS,A210050412,8,TT59M,3,COMPLETE,-862140.693000000000000000,-11829.932000000000000000,MT,ACTUALISED,,2021-10-20,2022-01-01,2022-12-31,202208,2022-08-01,2022-08-31,null,null,PHYSICAL,PHYSICAL,STANDARD PHYSICAL DEAL,STANDARD PHYSICAL DEAL,RPT-ODS_PHYSICAL_STANDARD PHYSICAL DEAL,1370,1732,Unknown,1011000000374791,RPT-ODS_A210050412,SINGAPORE,Jeff D'Souza,Jassim Al Sarray,null,PHYSICAL,null,TERM,NO,SELL,null,25-C-A-TTD-null-null-S-null-null,null-null-null-null-null,null,CIFD,LC,KHOR AL ZUBA,LANGSAT,null,Unknown,Unknown_LGG,EZ,0001,EH GAS,GGAS,NEW YORK,null,null,fljqjl,TTD,null,null,2022-09-13,2022-08-20,2022-09-13,null,2022-09-13,2022-09-13,,null,null,null,NO,WATER,Y,null,null,null,2022-09-13,null,Unknown_LGG,1011000000374791,null,null,null,null,TransactionRPTODS,2022-09-14T12:47:37.158+0000
