Trade_Tick_Id,Valuation_Event_Id,Valuation_Event,Business_Day,Valuation_Run_Timestamp,Valuation_Timezone,Valuation_Version,Valuation_Status,Source_System_Name,Period_Start_Date,Period_End_Date,Tick_Quantity,Realized_Amount,Delivered_Amount,Trade_Price,Price_Currency,Price_UOM,Market_Price,Discounted_Notional_Value,Option_Type_Name,Option_Exercise_Date,Strike_Price,Option_Underlying_Price,Option_Premium_Value,Option_Expiry_Date,Option_Premium_Price,Option_Premium_Due_Date,Option_Premium_Market_Price,MI_Discounted_MTM,MA_Discounted_MTM,Payment_Date,Payment_Amount,Final_Price,Final_Payment_Amount,Provisional_Price,Provisional_Payment_Amount,Pricing_Start_Date,Pricing_End_Date,Source_System_Trade_Type_Code,Source_System_Trade_Subtype_Code,Counterparty_ID,Legal_Entity_ID,Pricing_Calendar_Code,Expiry_Calendar_Code,Trade_Event_Code,Settlement_Day_Month_Num,Split_Pre_Next_Indicator,From_After_Indicator,Cal_Work_Day_Indicator,Earlier_Later_Indicator,Premium_Settlement_Day_Month_Num,Premium_Split_Pre_Next_Indicator,Premium_From_After_Indicator,Premium_Cal_Work_Day_Indicator,Premium_Offset_Month_Code,Premium_Earlier_Later_Indicator,Bookout_Indicator,Invoice_Date,Option_Premium_Calendar_Code,Complex_Pricing_Indicator,Pay_End_Date,Receive_End_Date,Provisional_Settlement_Date,Offset_Month_Code,Offset_From_Event_Code,Premium_Offset_From_Event_Code,Bookout_Settlement_Date,Market_Rate_Determination_Date,Trade_Rate_Determination_Date,Pay_Start_Date,Receive_Start_Date,Trade_Pricing_Start_Date,Trade_Pricing_End_Date,Pipeline_Name,Record_load_DTM,Notional_Value
A190011959_37_0,A190011959-37-F-37-20220913-001,EOD,2022-09-13,2022-09-14T00:00:00.000+0000,UTC,0,SUSPECT,RPT-ODS,2022-08-29,2022-09-29,2000.000000000000000000,0E-18,0E-18,1384.773000000000000000,USD,MT,1384.773000000000000000,2769546.000000000000000000,null,null,null,null,null,null,null,null,null,0E-18,-329546.000000000000000000,2022-09-19,2769546.000000000000000000,1384.773000000000000000,2769546.000000000000000000,null,null,2022-08-01,2022-08-31,PHYSICAL,STANDARD PHYSICAL DEAL,79928,1732,NEW YORK,null,BL,null,S,A,C,null,null,null,null,null,null,null,N,null,null,NO,null,null,null,null,5,null,null,2022-08-31,2022-08-31,null,null,2022-08-01,2022-08-31,ValuationRPTODSPhysical,2022-09-14T12:46:07.810+0000,null
A210050412_8_0,A210050412-8-F-8-20220913-003,EOD,2022-09-13,2022-09-14T00:00:00.000+0000,UTC,0,GOOD,RPT-ODS,2022-08-01,2022-08-31,0E-18,0E-18,0E-18,0E-18,USD,MT,107.600000000000000000,0E-18,null,null,null,null,null,null,null,null,null,0E-18,0E-18,2022-09-09,0E-18,0E-18,0E-18,null,null,2022-08-12,2022-08-18,PHYSICAL,STANDARD PHYSICAL DEAL,1370,1732,NEW YORK,null,TTD,null,S,A,C,null,null,null,null,null,null,null,N,null,null,NO,null,null,null,null,25,null,null,2022-08-18,2022-08-18,null,null,2022-08-12,2022-08-18,ValuationRPTODSPhysical,2022-09-14T12:46:07.810+0000,null
A190003698_26_0,A190003698-26-F-26-20220913-001,EOD,2022-09-13,2022-09-14T00:00:00.000+0000,UTC,0,SUSPECT,RPT-ODS,2023-04-01,2023-04-30,65000.000000000000000000,0E-18,0E-18,112.788700000000000000,USD,MT,113.350700000000000000,54617927.980000000000000000,null,null,null,null,null,null,null,null,null,272148.500000000000000000,272148.500000000000000000,2023-05-12,54617927.980000000000000000,112.788700000000000000,54617927.980000000000000000,null,null,2023-04-03,2023-04-28,PHYSICAL,STANDARD PHYSICAL DEAL,79442,1732,NEW YORK,null,BL,null,P,F,C,null,null,null,null,null,null,null,N,null,null,YES,null,null,null,null,29,null,null,2023-04-28,2023-04-28,null,null,2023-04-03,2023-04-28,ValuationRPTODSPhysical,2022-09-14T12:46:07.810+0000,null
A210050412_12_0,A210050412-12-F-12-20220913-001,EOD,2022-09-13,2022-09-14T00:00:00.000+0000,UTC,0,SUSPECT,RPT-ODS,2022-12-01,2022-12-31,-155925.000000000000000000,0E-18,0E-18,98.450000000000000000,USD,MT,97.820000000000000000,127872299.360000000000000000,null,null,null,null,null,null,null,null,null,818278.800000000000000000,818278.800000000000000000,2023-01-10,127872299.360000000000000000,98.450000000000000000,127872299.360000000000000000,null,null,2022-12-14,2022-12-20,PHYSICAL,STANDARD PHYSICAL DEAL,1370,1732,NEW YORK,null,TTD,null,S,A,C,null,null,null,null,null,null,null,N,null,null,NO,null,null,null,null,25,null,null,2022-12-20,2022-12-20,null,null,2022-12-14,2022-12-20,ValuationRPTODSPhysical,2022-09-14T12:46:07.810+0000,null
A210050412_11_0,A210050412-11-F-11-20220913-001,EOD,2022-09-13,2022-09-14T00:00:00.000+0000,UTC,0,SUSPECT,RPT-ODS,2022-11-01,2022-11-30,-155925.000000000000000000,0E-18,0E-18,100.700000000000000000,USD,MT,100.070000000000000000,130794723.680000000000000000,null,null,null,null,null,null,null,null,null,818278.810000000000000000,818278.810000000000000000,2022-12-09,130794723.680000000000000000,100.700000000000000000,130794723.680000000000000000,null,null,2022-11-11,2022-11-17,PHYSICAL,STANDARD PHYSICAL DEAL,1370,1732,NEW YORK,null,TTD,null,S,A,C,null,null,null,null,null,null,null,N,null,null,NO,null,null,null,null,25,null,null,2022-11-17,2022-11-17,null,null,2022-11-11,2022-11-17,ValuationRPTODSPhysical,2022-09-14T12:46:07.810+0000,null
A210050412_10_0,A210050412-10-F-10-20220913-001,EOD,2022-09-13,2022-09-14T00:00:00.000+0000,UTC,0,SUSPECT,RPT-ODS,2022-10-01,2022-10-31,-155925.000000000000000000,0E-18,0E-18,103.920000000000000000,USD,MT,103.290000000000000000,134977037.580000000000000000,null,null,null,null,null,null,null,null,null,818278.810000000000000000,818278.810000000000000000,2022-11-10,134977037.580000000000000000,103.920000000000000000,134977037.580000000000000000,null,null,2022-10-13,2022-10-18,PHYSICAL,STANDARD PHYSICAL DEAL,1370,1732,NEW YORK,null,TTD,null,S,A,C,null,null,null,null,null,null,null,N,null,null,NO,null,null,null,null,25,null,null,2022-10-18,2022-10-18,null,null,2022-10-13,2022-10-18,ValuationRPTODSPhysical,2022-09-14T12:46:07.810+0000,null
14056230_1036_20220801_20220831_NATURAL-GAS,26672,EOD,2022-09-13,2022-09-14T01:28:32.000+0000,CST,null,null,GPTA-ENDUR,2022-08-01,2022-08-31,3532603.000000000000000000,0E-18,0E-18,8.197100000000000000,USD,MMBTU,8.166623236463310000,-28928530.597438500000000000,null,null,null,null,null,null,null,null,null,0E-18,0E-18,2022-09-26,-28957100.050000000000000000,null,null,null,null,2022-08-01,2022-08-31,COMM-PHYS,NG-PHYS-EQTY,80929,1689,NYC,null,null,null,null,null,null,null,null,null,null,null,null,null,null,null,null,NO,null,null,null,null,null,null,null,2022-08-31,1900-01-01,null,null,2022-08-01,2022-08-31,ValuationGPTAEndurPhysicals,2022-09-14T04:31:54.663+0000,null
14060133_1034_20220601_20220630_NATURAL-GAS,26672,EOD,2022-09-13,2022-09-14T01:28:32.000+0000,CST,null,null,GPTA-ENDUR,2022-06-01,2022-06-30,19675.000000000000000000,-156530.370000000000000000,0E-18,7.955800000000000000,USD,MMBTU,7.136976111817030000,-156530.370000000000000000,null,null,null,null,null,null,null,null,null,0E-18,0E-18,2022-07-25,0E-18,null,0E-18,null,0E-18,2022-06-01,2022-06-30,COMM-PHYS,NG-PHYS-EQTY,80929,1689,NYC,null,null,null,null,null,null,null,null,null,null,null,null,null,null,null,null,NO,null,null,null,null,null,null,null,2022-06-30,1900-01-01,null,null,2022-06-01,2022-06-30,ValuationGPTAEndurPhysicals,2022-09-14T04:31:54.663+0000,null
14049252_1035_20220701_20220731_NATURAL-GAS,26672,EOD,2022-09-13,2022-09-14T01:28:32.000+0000,CST,null,null,GPTA-ENDUR,2022-07-01,2022-07-31,656905.000000000000000000,-4450925.520000000000000000,0E-18,6.775600000000000000,USD,MMBTU,6.468732023656390000,-4450925.520000000000000000,null,null,null,null,null,null,null,null,null,0E-18,0E-18,2022-08-25,0E-18,null,0E-18,null,0E-18,2022-07-01,2022-07-31,COMM-PHYS,NG-PHYS-EQTY,80929,1689,NYC,null,null,null,null,null,null,null,null,null,null,null,null,null,null,null,null,NO,null,null,null,null,null,null,null,2022-07-31,1900-01-01,null,null,2022-07-01,2022-07-31,ValuationGPTAEndurPhysicals,2022-09-14T04:31:54.663+0000,null
14060133_1036_20220801_20220831_NATURAL-GAS,26672,EOD,2022-09-13,2022-09-14T01:28:32.000+0000,CST,null,null,GPTA-ENDUR,2022-08-01,2022-08-31,20580.000000000000000000,0E-18,0E-18,8.900800000000000000,USD,MMBTU,8.282983479105930000,-182997.733742391000000000,null,null,null,null,null,null,null,null,null,0E-18,0E-18,2022-09-26,-183178.460000000000000000,null,null,null,null,2022-08-01,2022-08-31,COMM-PHYS,NG-PHYS-EQTY,80929,1689,NYC,null,null,null,null,null,null,null,null,null,null,null,null,null,null,null,null,NO,null,null,null,null,null,null,null,2022-08-31,1900-01-01,null,null,2022-08-01,2022-08-31,ValuationGPTAEndurPhysicals,2022-09-14T04:31:54.663+0000,null
14057617_1036_20220801_20220831_NATURAL-GAS,26672,EOD,2022-09-13,2022-09-14T01:28:32.000+0000,CST,null,null,GPTA-ENDUR,2022-08-01,2022-08-31,2944026.000000000000000000,0E-18,0E-18,8.090500000000000000,USD,MMBTU,8.195708196870540000,-23795142.566820000000000000,null,null,null,null,null,null,null,null,null,0E-18,0E-18,2022-09-26,-23818642.350000000000000000,null,null,null,null,2022-08-01,2022-08-31,COMM-PHYS,NG-PHYS-EQTY,80929,1689,NYC,null,null,null,null,null,null,null,null,null,null,null,null,null,null,null,null,NO,null,null,null,null,null,null,null,2022-08-31,1900-01-01,null,null,2022-08-01,2022-08-31,ValuationGPTAEndurPhysicals,2022-09-14T04:31:54.663+0000,null
14060140_1035_20220701_20220731_NATURAL-GAS,26672,EOD,2022-09-13,2022-09-14T01:28:32.000+0000,CST,null,null,GPTA-ENDUR,2022-07-01,2022-07-31,1354.000000000000000000,-8822.800000000000000000,0E-18,6.516100000000000000,USD,MMBTU,6.109841211226000000,-8822.800000000000000000,null,null,null,null,null,null,null,null,null,0E-18,0E-18,2022-08-25,0E-18,null,0E-18,null,0E-18,2022-07-01,2022-07-31,COMM-PHYS,NG-PHYS-EQTY,80929,1689,NYC,null,null,null,null,null,null,null,null,null,null,null,null,null,null,null,null,NO,null,null,null,null,null,null,null,2022-07-31,1900-01-01,null,null,2022-07-01,2022-07-31,ValuationGPTAEndurPhysicals,2022-09-14T04:31:54.663+0000,null
14057809_1034_20220601_20220630_NATURAL-GAS,26672,EOD,2022-09-13,2022-09-14T01:28:32.000+0000,CST,null,null,GPTA-ENDUR,2022-06-01,2022-06-30,30.000000000000000000,-227.950000000000000000,0E-18,7.598300000000000000,USD,MMBTU,7.386333333333330000,-227.950000000000000000,null,null,null,null,null,null,null,null,null,0E-18,0E-18,2022-07-25,0E-18,null,0E-18,null,0E-18,2022-06-01,2022-06-30,COMM-PHYS,NG-PHYS-EQTY,80929,1689,NYC,null,null,null,null,null,null,null,null,null,null,null,null,null,null,null,null,NO,null,null,null,null,null,null,null,2022-06-30,1900-01-01,null,null,2022-06-01,2022-06-30,ValuationGPTAEndurPhysicals,2022-09-14T04:31:54.663+0000,null
14060140_1034_20220601_20220630_NATURAL-GAS,26672,EOD,2022-09-13,2022-09-14T01:28:32.000+0000,CST,null,null,GPTA-ENDUR,2022-06-01,2022-06-30,2171.000000000000000000,-16225.620000000000000000,0E-18,7.473800000000000000,USD,MMBTU,6.965186549976970000,-16225.620000000000000000,null,null,null,null,null,null,null,null,null,0E-18,0E-18,2022-07-25,0E-18,null,0E-18,null,0E-18,2022-06-01,2022-06-30,COMM-PHYS,NG-PHYS-EQTY,80929,1689,NYC,null,null,null,null,null,null,null,null,null,null,null,null,null,null,null,null,NO,null,null,null,null,null,null,null,2022-06-30,1900-01-01,null,null,2022-06-01,2022-06-30,ValuationGPTAEndurPhysicals,2022-09-14T04:31:54.663+0000,null
14060175_1035_20220701_20220731_NATURAL-GAS,26672,EOD,2022-09-13,2022-09-14T01:28:32.000+0000,CST,null,null,GPTA-ENDUR,2022-07-01,2022-07-31,128674.000000000000000000,-973303.000000000000000000,0E-18,7.564100000000000000,USD,MMBTU,6.672219951194490000,-973303.000000000000000000,null,null,null,null,null,null,null,null,null,0E-18,0E-18,2022-08-25,0E-18,null,0E-18,null,0E-18,2022-07-01,2022-07-31,COMM-PHYS,NG-PHYS-EQTY,80929,1689,NYC,null,null,null,null,null,null,null,null,null,null,null,null,null,null,null,null,NO,null,null,null,null,null,null,null,2022-07-31,1900-01-01,null,null,2022-07-01,2022-07-31,ValuationGPTAEndurPhysicals,2022-09-14T04:31:54.663+0000,null
14057700_1035_20220701_20220731_NATURAL-GAS,26672,EOD,2022-09-13,2022-09-14T01:28:32.000+0000,CST,null,null,GPTA-ENDUR,2022-07-01,2022-07-31,21031.000000000000000000,-132981.120000000000000000,0E-18,6.323100000000000000,USD,MMBTU,6.769804574199990000,-132981.120000000000000000,null,null,null,null,null,null,null,null,null,0E-18,0E-18,2022-08-25,0E-18,null,0E-18,null,0E-18,2022-07-01,2022-07-31,COMM-PHYS,NG-PHYS-EQTY,80929,1689,NYC,null,null,null,null,null,null,null,null,null,null,null,null,null,null,null,null,NO,null,null,null,null,null,null,null,2022-07-31,1900-01-01,null,null,2022-07-01,2022-07-31,ValuationGPTAEndurPhysicals,2022-09-14T04:31:54.663+0000,null
14060154_1037_20220901_20220930_NATURAL-GAS,26672,EOD,2022-09-13,2022-09-14T01:28:32.000+0000,CST,null,null,GPTA-ENDUR,2022-09-01,2022-09-30,1466000.000000000000000000,0E-18,4804596.983500218000000000,7.563118349512360000,USD,MMBTU,7.658854024822650000,-11049271.744714300000000000,null,null,null,null,null,null,null,null,null,99476.549585341200000000,84917.549575121430000000,2022-10-25,4804596.983500218000000000,null,4804596.983500218000000000,null,null,2022-09-01,2022-09-30,COMM-PHYS,NG-PHYS-EQTY,80929,1689,NYC,null,null,null,null,null,null,null,null,null,null,null,null,null,null,null,null,NO,null,null,null,null,null,null,null,2022-09-30,2022-09-30,null,null,2022-09-01,2022-09-30,ValuationGPTAEndurPhysicals,2022-09-14T04:31:54.663+0000,null
14060175_1036_20220801_20220831_NATURAL-GAS,26672,EOD,2022-09-13,2022-09-14T01:28:32.000+0000,CST,null,null,GPTA-ENDUR,2022-08-01,2022-08-31,171500.000000000000000000,0E-18,0E-18,11.029600000000000000,USD,MMBTU,8.226486880466470000,-1889710.146054230000000000,null,null,null,null,null,null,null,null,null,0E-18,0E-18,2022-09-26,-1891576.400000000000000000,null,null,null,null,2022-08-01,2022-08-31,COMM-PHYS,NG-PHYS-EQTY,80929,1689,NYC,null,null,null,null,null,null,null,null,null,null,null,null,null,null,null,null,NO,null,null,null,null,null,null,null,2022-08-31,1900-01-01,null,null,2022-08-01,2022-08-31,ValuationGPTAEndurPhysicals,2022-09-14T04:31:54.663+0000,null
14049252_1036_20220801_20220831_NATURAL-GAS,26672,EOD,2022-09-13,2022-09-14T01:28:32.000+0000,CST,null,null,GPTA-ENDUR,2022-08-01,2022-08-31,153818.000000000000000000,0E-18,0E-18,8.197100000000000000,USD,MMBTU,7.822511637129590000,-1259617.547570620000000000,null,null,null,null,null,null,null,null,null,0E-18,0E-18,2022-09-26,-1260861.530000000000000000,null,null,null,null,2022-08-01,2022-08-31,COMM-PHYS,NG-PHYS-EQTY,80929,1689,NYC,null,null,null,null,null,null,null,null,null,null,null,null,null,null,null,null,NO,null,null,null,null,null,null,null,2022-08-31,1900-01-01,null,null,2022-08-01,2022-08-31,ValuationGPTAEndurPhysicals,2022-09-14T04:31:54.663+0000,null
14059207_1036_20220801_20220831_NATURAL-GAS,26672,EOD,2022-09-13,2022-09-14T01:28:32.000+0000,CST,null,null,GPTA-ENDUR,2022-08-01,2022-08-31,7605731.000000000000000000,0E-18,0E-18,8.387400000000000000,USD,MMBTU,8.157855053643100000,-63729369.866774400000000000,null,null,null,null,null,null,null,null,null,0E-18,0E-18,2022-09-26,-63792308.190000000000000000,null,null,null,null,2022-08-01,2022-08-31,COMM-PHYS,NG-PHYS-EQTY,80929,1689,NYC,null,null,null,null,null,null,null,null,null,null,null,null,null,null,null,null,NO,null,null,null,null,null,null,null,2022-08-31,1900-01-01,null,null,2022-08-01,2022-08-31,ValuationGPTAEndurPhysicals,2022-09-14T04:31:54.663+0000,null
14057617_1035_20220701_20220731_NATURAL-GAS,26672,EOD,2022-09-13,2022-09-14T01:28:32.000+0000,CST,null,null,GPTA-ENDUR,2022-07-01,2022-07-31,3278618.000000000000000000,-21688385.930000000000000000,0E-18,6.615100000000000000,USD,MMBTU,6.502697911132070000,-21688385.930000000000000000,null,null,null,null,null,null,null,null,null,0E-18,0E-18,2022-08-25,0E-18,null,0E-18,null,0E-18,2022-07-01,2022-07-31,COMM-PHYS,NG-PHYS-EQTY,80929,1689,NYC,null,null,null,null,null,null,null,null,null,null,null,null,null,null,null,null,NO,null,null,null,null,null,null,null,2022-07-31,1900-01-01,null,null,2022-07-01,2022-07-31,ValuationGPTAEndurPhysicals,2022-09-14T04:31:54.663+0000,null
14060154_1035_20220701_20220731_NATURAL-GAS,26672,EOD,2022-09-13,2022-09-14T01:28:32.000+0000,CST,null,null,GPTA-ENDUR,2022-07-01,2022-07-31,1361748.000000000000000000,-8873286.140000000000000000,0E-18,6.516100000000000000,USD,MMBTU,6.808939770794600000,-8873286.140000000000000000,null,null,null,null,null,null,null,null,null,0E-18,0E-18,2022-08-25,0E-18,null,0E-18,null,0E-18,2022-07-01,2022-07-31,COMM-PHYS,NG-PHYS-EQTY,80929,1689,NYC,null,null,null,null,null,null,null,null,null,null,null,null,null,null,null,null,NO,null,null,null,null,null,null,null,2022-07-31,1900-01-01,null,null,2022-07-01,2022-07-31,ValuationGPTAEndurPhysicals,2022-09-14T04:31:54.663+0000,null
14060133_1035_20220701_20220731_NATURAL-GAS,26672,EOD,2022-09-13,2022-09-14T01:28:32.000+0000,CST,null,null,GPTA-ENDUR,2022-07-01,2022-07-31,15494.000000000000000000,-107853.730000000000000000,0E-18,6.961000000000000000,USD,MMBTU,6.338654317800440000,-107853.730000000000000000,null,null,null,null,null,null,null,null,null,0E-18,0E-18,2022-08-25,0E-18,null,0E-18,null,0E-18,2022-07-01,2022-07-31,COMM-PHYS,NG-PHYS-EQTY,80929,1689,NYC,null,null,null,null,null,null,null,null,null,null,null,null,null,null,null,null,NO,null,null,null,null,null,null,null,2022-07-31,1900-01-01,null,null,2022-07-01,2022-07-31,ValuationGPTAEndurPhysicals,2022-09-14T04:31:54.663+0000,null
14057809_1035_20220701_20220731_NATURAL-GAS,26672,EOD,2022-09-13,2022-09-14T01:28:32.000+0000,CST,null,null,GPTA-ENDUR,2022-07-01,2022-07-31,31.000000000000000000,-206.500000000000000000,0E-18,6.661300000000000000,USD,MMBTU,6.760645161290320000,-206.500000000000000000,null,null,null,null,null,null,null,null,null,0E-18,0E-18,2022-08-25,0E-18,null,0E-18,null,0E-18,2022-07-01,2022-07-31,COMM-PHYS,NG-PHYS-EQTY,80929,1689,NYC,null,null,null,null,null,null,null,null,null,null,null,null,null,null,null,null,NO,null,null,null,null,null,null,null,2022-07-31,1900-01-01,null,null,2022-07-01,2022-07-31,ValuationGPTAEndurPhysicals,2022-09-14T04:31:54.663+0000,null
14060154_1034_20220601_20220630_NATURAL-GAS,26672,EOD,2022-09-13,2022-09-14T01:28:32.000+0000,CST,null,null,GPTA-ENDUR,2022-06-01,2022-06-30,1466480.000000000000000000,-10962231.300000000000000000,0E-18,7.475200000000000000,USD,MMBTU,7.247944632725980000,-10962231.300000000000000000,null,null,null,null,null,null,null,null,null,0E-18,0E-18,2022-07-25,0E-18,null,0E-18,null,0E-18,2022-06-01,2022-06-30,COMM-PHYS,NG-PHYS-EQTY,80929,1689,NYC,null,null,null,null,null,null,null,null,null,null,null,null,null,null,null,null,NO,null,null,null,null,null,null,null,2022-06-30,1900-01-01,null,null,2022-06-01,2022-06-30,ValuationGPTAEndurPhysicals,2022-09-14T04:31:54.663+0000,null
14059526_1034_20220601_20220630_NATURAL-GAS,26672,EOD,2022-09-13,2022-09-14T01:28:32.000+0000,CST,null,null,GPTA-ENDUR,2022-06-01,2022-06-30,3489800.000000000000000000,-26724190.440000000000000000,0E-18,7.657800000000000000,USD,MMBTU,7.398295890882000000,-26724190.440000000000000000,null,null,null,null,null,null,null,null,null,0E-18,0E-18,2022-07-25,0E-18,null,0E-18,null,0E-18,2022-06-01,2022-06-30,COMM-PHYS,NG-PHYS-EQTY,80929,1689,NYC,null,null,null,null,null,null,null,null,null,null,null,null,null,null,null,null,NO,null,null,null,null,null,null,null,2022-06-30,1900-01-01,null,null,2022-06-01,2022-06-30,ValuationGPTAEndurPhysicals,2022-09-14T04:31:54.663+0000,null
14059526_1035_20220701_20220731_NATURAL-GAS,26672,EOD,2022-09-13,2022-09-14T01:28:32.000+0000,CST,null,null,GPTA-ENDUR,2022-07-01,2022-07-31,5756000.000000000000000000,-38332082.000000000000000000,0E-18,6.659500000000000000,USD,MMBTU,6.694913134120920000,-38332082.000000000000000000,null,null,null,null,null,null,null,null,null,0E-18,0E-18,2022-08-25,0E-18,null,0E-18,null,0E-18,2022-07-01,2022-07-31,COMM-PHYS,NG-PHYS-EQTY,80929,1689,NYC,null,null,null,null,null,null,null,null,null,null,null,null,null,null,null,null,NO,null,null,null,null,null,null,null,2022-07-31,1900-01-01,null,null,2022-07-01,2022-07-31,ValuationGPTAEndurPhysicals,2022-09-14T04:31:54.663+0000,null
14060140_1036_20220801_20220831_NATURAL-GAS,26672,EOD,2022-09-13,2022-09-14T01:28:32.000+0000,CST,null,null,GPTA-ENDUR,2022-08-01,2022-08-31,2690.000000000000000000,0E-18,0E-18,7.618700000000000000,USD,MMBTU,8.386765799256510000,-20474.080056337800000000,null,null,null,null,null,null,null,null,null,0E-18,0E-18,2022-09-26,-20494.300000000000000000,null,null,null,null,2022-08-01,2022-08-31,COMM-PHYS,NG-PHYS-EQTY,80929,1689,NYC,null,null,null,null,null,null,null,null,null,null,null,null,null,null,null,null,NO,null,null,null,null,null,null,null,2022-08-31,1900-01-01,null,null,2022-08-01,2022-08-31,ValuationGPTAEndurPhysicals,2022-09-14T04:31:54.663+0000,null
14060154_1036_20220801_20220831_NATURAL-GAS,26672,EOD,2022-09-13,2022-09-14T01:28:32.000+0000,CST,null,null,GPTA-ENDUR,2022-08-01,2022-08-31,1241649.000000000000000000,0E-18,0E-18,7.613400000000000000,USD,MMBTU,8.091883688546440000,-9443843.878698520000000000,null,null,null,null,null,null,null,null,null,0E-18,0E-18,2022-09-26,-9453170.500000000000000000,null,null,null,null,2022-08-01,2022-08-31,COMM-PHYS,NG-PHYS-EQTY,80929,1689,NYC,null,null,null,null,null,null,null,null,null,null,null,null,null,null,null,null,NO,null,null,null,null,null,null,null,2022-08-31,1900-01-01,null,null,2022-08-01,2022-08-31,ValuationGPTAEndurPhysicals,2022-09-14T04:31:54.663+0000,null
14059526_1036_20220801_20220831_NATURAL-GAS,26672,EOD,2022-09-13,2022-09-14T01:28:32.000+0000,CST,null,null,GPTA-ENDUR,2022-08-01,2022-08-31,5856000.000000000000000000,0E-18,0E-18,8.387400000000000000,USD,MMBTU,8.123121584699450000,-49068155.307664800000000000,null,null,null,null,null,null,null,null,null,0E-18,0E-18,2022-09-26,-49116614.400000000000000000,null,null,null,null,2022-08-01,2022-08-31,COMM-PHYS,NG-PHYS-EQTY,80929,1689,NYC,null,null,null,null,null,null,null,null,null,null,null,null,null,null,null,null,NO,null,null,null,null,null,null,null,2022-08-31,1900-01-01,null,null,2022-08-01,2022-08-31,ValuationGPTAEndurPhysicals,2022-09-14T04:31:54.663+0000,null
14056230_1035_20220701_20220731_NATURAL-GAS,26672,EOD,2022-09-13,2022-09-14T01:28:32.000+0000,CST,null,null,GPTA-ENDUR,2022-07-01,2022-07-31,2880497.000000000000000000,-19517095.470000000000000000,0E-18,6.775600000000000000,USD,MMBTU,6.683506884402240000,-19517095.470000000000000000,null,null,null,null,null,null,null,null,null,0E-18,0E-18,2022-08-25,0E-18,null,0E-18,null,0E-18,2022-07-01,2022-07-31,COMM-PHYS,NG-PHYS-EQTY,80929,1689,NYC,null,null,null,null,null,null,null,null,null,null,null,null,null,null,null,null,NO,null,null,null,null,null,null,null,2022-07-31,1900-01-01,null,null,2022-07-01,2022-07-31,ValuationGPTAEndurPhysicals,2022-09-14T04:31:54.663+0000,null
14057700_1034_20220601_20220630_NATURAL-GAS,26672,EOD,2022-09-13,2022-09-14T01:28:32.000+0000,CST,null,null,GPTA-ENDUR,2022-06-01,2022-06-30,11238.000000000000000000,-86166.240000000000000000,0E-18,7.667400000000000000,USD,MMBTU,7.486695141484250000,-86166.240000000000000000,null,null,null,null,null,null,null,null,null,0E-18,0E-18,2022-07-25,0E-18,null,0E-18,null,0E-18,2022-06-01,2022-06-30,COMM-PHYS,NG-PHYS-EQTY,80929,1689,NYC,null,null,null,null,null,null,null,null,null,null,null,null,null,null,null,null,NO,null,null,null,null,null,null,null,2022-06-30,1900-01-01,null,null,2022-06-01,2022-06-30,ValuationGPTAEndurPhysicals,2022-09-14T04:31:54.663+0000,null
14056230_1034_20220601_20220630_NATURAL-GAS,26672,EOD,2022-09-13,2022-09-14T01:28:32.000+0000,CST,null,null,GPTA-ENDUR,2022-06-01,2022-06-30,2410320.000000000000000000,-17775145.870000000000000000,0E-18,7.374600000000000000,USD,MMBTU,7.266988628065980000,-17775145.870000000000000000,null,null,null,null,null,null,null,null,null,0E-18,0E-18,2022-07-25,0E-18,null,0E-18,null,0E-18,2022-06-01,2022-06-30,COMM-PHYS,NG-PHYS-EQTY,80929,1689,NYC,null,null,null,null,null,null,null,null,null,null,null,null,null,null,null,null,NO,null,null,null,null,null,null,null,2022-06-30,1900-01-01,null,null,2022-06-01,2022-06-30,ValuationGPTAEndurPhysicals,2022-09-14T04:31:54.663+0000,null
14057535_1034_20220601_20220630_NATURAL-GAS,26672,EOD,2022-09-13,2022-09-14T01:28:32.000+0000,CST,null,null,GPTA-ENDUR,2022-06-01,2022-06-30,118510.000000000000000000,-965856.500000000000000000,0E-18,8.150000000000000000,USD,MMBTU,7.265952999746860000,-965856.500000000000000000,null,null,null,null,null,null,null,null,null,0E-18,0E-18,2022-07-25,0E-18,null,0E-18,null,0E-18,2022-06-01,2022-06-30,COMM-PHYS,NG-PHYS-EQTY,80929,1689,NYC,null,null,null,null,null,null,null,null,null,null,null,null,null,null,null,null,NO,null,null,null,null,null,null,null,2022-06-30,1900-01-01,null,null,2022-06-01,2022-06-30,ValuationGPTAEndurPhysicals,2022-09-14T04:31:54.663+0000,null
14059207_1034_20220601_20220630_NATURAL-GAS,26672,EOD,2022-09-13,2022-09-14T01:28:32.000+0000,CST,null,null,GPTA-ENDUR,2022-06-01,2022-06-30,7020994.000000000000000000,-53765367.850000000000000000,0E-18,7.657800000000000000,USD,MMBTU,7.061444795423550000,-53765367.850000000000000000,null,null,null,null,null,null,null,null,null,0E-18,0E-18,2022-07-25,0E-18,null,0E-18,null,0E-18,2022-06-01,2022-06-30,COMM-PHYS,NG-PHYS-EQTY,80929,1689,NYC,null,null,null,null,null,null,null,null,null,null,null,null,null,null,null,null,NO,null,null,null,null,null,null,null,2022-06-30,1900-01-01,null,null,2022-06-01,2022-06-30,ValuationGPTAEndurPhysicals,2022-09-14T04:31:54.663+0000,null
14060175_1034_20220601_20220630_NATURAL-GAS,26672,EOD,2022-09-13,2022-09-14T01:28:32.000+0000,CST,null,null,GPTA-ENDUR,2022-06-01,2022-06-30,112200.000000000000000000,-879603.120000000000000000,0E-18,7.839600000000000000,USD,MMBTU,7.226541889483070000,-879603.120000000000000000,null,null,null,null,null,null,null,null,null,0E-18,0E-18,2022-07-25,0E-18,null,0E-18,null,0E-18,2022-06-01,2022-06-30,COMM-PHYS,NG-PHYS-EQTY,80929,1689,NYC,null,null,null,null,null,null,null,null,null,null,null,null,null,null,null,null,NO,null,null,null,null,null,null,null,2022-06-30,1900-01-01,null,null,2022-06-01,2022-06-30,ValuationGPTAEndurPhysicals,2022-09-14T04:31:54.663+0000,null
14057809_1036_20220801_20220831_NATURAL-GAS,26672,EOD,2022-09-13,2022-09-14T01:28:32.000+0000,CST,null,null,GPTA-ENDUR,2022-08-01,2022-08-31,31.000000000000000000,0E-18,0E-18,7.827700000000000000,USD,MMBTU,8.222096774193550000,-242.420588479281000000,null,null,null,null,null,null,null,null,null,0E-18,0E-18,2022-09-26,-242.660000000000000000,null,null,null,null,2022-08-01,2022-08-31,COMM-PHYS,NG-PHYS-EQTY,80929,1689,NYC,null,null,null,null,null,null,null,null,null,null,null,null,null,null,null,null,NO,null,null,null,null,null,null,null,2022-08-31,1900-01-01,null,null,2022-08-01,2022-08-31,ValuationGPTAEndurPhysicals,2022-09-14T04:31:54.663+0000,null
14057617_1034_20220601_20220630_NATURAL-GAS,26672,EOD,2022-09-13,2022-09-14T01:28:32.000+0000,CST,null,null,GPTA-ENDUR,2022-06-01,2022-06-30,3554668.000000000000000000,-27327576.650000000000000000,0E-18,7.687800000000000000,USD,MMBTU,7.308478787611110000,-27327576.650000000000000000,null,null,null,null,null,null,null,null,null,0E-18,0E-18,2022-07-25,0E-18,null,0E-18,null,0E-18,2022-06-01,2022-06-30,COMM-PHYS,NG-PHYS-EQTY,80929,1689,NYC,null,null,null,null,null,null,null,null,null,null,null,null,null,null,null,null,NO,null,null,null,null,null,null,null,2022-06-30,1900-01-01,null,null,2022-06-01,2022-06-30,ValuationGPTAEndurPhysicals,2022-09-14T04:31:54.663+0000,null
14059207_1035_20220701_20220731_NATURAL-GAS,26672,EOD,2022-09-13,2022-09-14T01:28:32.000+0000,CST,null,null,GPTA-ENDUR,2022-07-01,2022-07-31,7254245.000000000000000000,-48309644.580000000000000000,0E-18,6.659500000000000000,USD,MMBTU,6.573236550461140000,-48309644.580000000000000000,null,null,null,null,null,null,null,null,null,0E-18,0E-18,2022-08-25,0E-18,null,0E-18,null,0E-18,2022-07-01,2022-07-31,COMM-PHYS,NG-PHYS-EQTY,80929,1689,NYC,null,null,null,null,null,null,null,null,null,null,null,null,null,null,null,null,NO,null,null,null,null,null,null,null,2022-07-31,1900-01-01,null,null,2022-07-01,2022-07-31,ValuationGPTAEndurPhysicals,2022-09-14T04:31:54.663+0000,null
14049252_1034_20220601_20220630_NATURAL-GAS,26672,EOD,2022-09-13,2022-09-14T01:28:32.000+0000,CST,null,null,GPTA-ENDUR,2022-06-01,2022-06-30,1455454.000000000000000000,-10733391.070000000000000000,0E-18,7.374600000000000000,USD,MMBTU,7.081085812399430000,-10733391.070000000000000000,null,null,null,null,null,null,null,null,null,0E-18,0E-18,2022-07-25,0E-18,null,0E-18,null,0E-18,2022-06-01,2022-06-30,COMM-PHYS,NG-PHYS-EQTY,80929,1689,NYC,null,null,null,null,null,null,null,null,null,null,null,null,null,null,null,null,NO,null,null,null,null,null,null,null,2022-06-30,1900-01-01,null,null,2022-06-01,2022-06-30,ValuationGPTAEndurPhysicals,2022-09-14T04:31:54.663+0000,null
14057700_1036_20220801_20220831_NATURAL-GAS,26672,EOD,2022-09-13,2022-09-14T01:28:32.000+0000,CST,null,null,GPTA-ENDUR,2022-08-01,2022-08-31,16500.000000000000000000,0E-18,0E-18,8.435700000000000000,USD,MMBTU,8.181121212121210000,-139051.724267997000000000,null,null,null,null,null,null,null,null,null,0E-18,0E-18,2022-09-26,-139189.050000000000000000,null,null,null,null,2022-08-01,2022-08-31,COMM-PHYS,NG-PHYS-EQTY,80929,1689,NYC,null,null,null,null,null,null,null,null,null,null,null,null,null,null,null,null,NO,null,null,null,null,null,null,null,2022-08-31,1900-01-01,null,null,2022-08-01,2022-08-31,ValuationGPTAEndurPhysicals,2022-09-14T04:31:54.663+0000,null
A210050412_7_TL21A_1,TL21A-1-20220913-001,EOD,2022-09-13,2022-09-14T00:00:00.000+0000,UTC,0,GOOD,RPT-ODS,2022-07-01,2022-07-31,-37269.166000000000000000,0E-18,0E-18,114.680000000000000000,USD,MT,0E-18,36031079.840000000000000000,null,null,null,null,null,null,null,null,null,36031079.840000000000000000,36031079.840000000000000000,2022-09-16,36031079.840000000000000000,114.680000000000000000,36031079.840000000000000000,null,null,2022-07-21,2022-07-26,PHYSICAL,STANDARD PHYSICAL DEAL,1370,1732,NEW YORK,null,TTD,null,S,A,C,null,null,null,null,null,null,null,N,null,null,NO,null,null,null,null,25,null,null,2022-07-26,2022-07-26,null,null,2022-07-21,2022-07-26,ValuationRPTODSPhysical,2022-09-14T12:46:07.810+0000,null
A170008198_65_TI24S_1,TI24S-1-20220913-002,EOD,2022-09-13,2022-09-14T00:00:00.000+0000,UTC,0,GOOD,RPT-ODS,2022-08-01,2022-08-31,50000.000000000000000000,0E-18,0E-18,112.930000000000000000,USD,BBL,0E-18,5646500.000000000000000000,null,null,null,null,null,null,null,null,null,-5646500.000000000000000000,-5646500.000000000000000000,2022-09-09,5646500.000000000000000000,112.930000000000000000,5646500.000000000000000000,null,null,2022-06-01,2022-06-30,PHYSICAL,STANDARD PHYSICAL DEAL,14161,1732,NEW YORK,null,BL,null,P,A,C,null,null,null,null,null,null,null,N,null,null,NO,null,null,null,null,30,null,null,2022-06-30,2022-06-30,null,null,2022-06-01,2022-06-30,ValuationRPTODSPhysical,2022-09-14T12:46:07.810+0000,null
A170008198_65_TM86M_2,TM86M-2-20220913-002,EOD,2022-09-13,2022-09-14T00:00:00.000+0000,UTC,0,GOOD,RPT-ODS,2022-08-01,2022-08-31,500003.000000000000000000,0E-18,0E-18,112.930000000000000000,USD,BBL,0E-18,56465338.790000000000000000,null,null,null,null,null,null,null,null,null,-56465338.790000000000000000,-56465338.790000000000000000,2022-09-09,56465338.790000000000000000,112.930000000000000000,56465338.790000000000000000,null,null,2022-06-01,2022-06-30,PHYSICAL,STANDARD PHYSICAL DEAL,14161,1732,NEW YORK,null,BL,null,P,A,C,null,null,null,null,null,null,null,N,null,null,NO,null,null,null,null,30,null,null,2022-06-30,2022-06-30,null,null,2022-06-01,2022-06-30,ValuationRPTODSPhysical,2022-09-14T12:46:07.810+0000,null
A210050412_8_TT59M_3,TT59M-3-20220913-004,EOD,2022-09-13,2022-09-14T00:00:00.000+0000,UTC,0,GOOD,RPT-ODS,2022-08-01,2022-08-31,-11829.932000000000000000,0E-18,0E-18,116.790000000000000000,USD,MT,0E-18,11889572.370000000000000000,null,null,null,null,null,null,null,null,null,11889572.370000000000000000,11889572.370000000000000000,2022-10-07,11889572.370000000000000000,116.790000000000000000,11889572.370000000000000000,null,null,2022-08-18,2022-08-23,PHYSICAL,STANDARD PHYSICAL DEAL,1370,1732,NEW YORK,null,TTD,null,S,A,C,null,null,null,null,null,null,null,N,null,null,NO,null,null,null,null,25,null,null,2022-08-23,2022-08-23,null,null,2022-08-18,2022-08-23,ValuationRPTODSPhysical,2022-09-14T12:46:07.810+0000,null
A210050412_8_TT59M_2,TT59M-2-20220913-006,EOD,2022-09-13,2022-09-14T00:00:00.000+0000,UTC,0,GOOD,RPT-ODS,2022-08-01,2022-08-31,-30065.509000000000000000,0E-18,0E-18,121.240000000000000000,USD,MT,0E-18,31368546.440000000000000000,null,null,null,null,null,null,null,null,null,31368546.440000000000000000,31368546.440000000000000000,2022-10-07,31368546.440000000000000000,121.240000000000000000,31368546.440000000000000000,null,null,2022-07-28,2022-08-02,PHYSICAL,STANDARD PHYSICAL DEAL,1370,1732,NEW YORK,null,TTD,null,S,A,C,null,null,null,null,null,null,null,N,null,null,NO,null,null,null,null,25,null,null,2022-08-02,2022-08-02,null,null,2022-07-28,2022-08-02,ValuationRPTODSPhysical,2022-09-14T12:46:07.810+0000,null
14060133_1037_20220901_20220930_NATURAL-GAS,26672,EOD,2022-09-13,2022-09-14T01:28:32.000+0000,CST,null,null,GPTA-ENDUR,2022-09-01,2022-09-30,18000.000000000000000000,0E-18,59642.440002600000000000,7.646466667000000000,USD,MMBTU,7.676466667000000000,-137161.457946180000000000,null,null,null,null,null,null,null,null,null,505.485696893855800000,326.725805908892800000,2022-10-25,59642.440002600000000000,null,59642.440002600000000000,null,null,2022-09-01,2022-09-30,COMM-PHYS,NG-PHYS-EQTY,80929,1689,NYC,null,null,null,null,null,null,null,null,null,null,null,null,null,null,null,null,NO,null,null,null,null,null,null,null,2022-09-30,2022-09-30,null,null,2022-09-01,2022-09-30,ValuationGPTAEndurPhysicals,2022-09-14T04:31:54.663+0000,null
14060140_1037_20220901_20220930_NATURAL-GAS,26672,EOD,2022-09-13,2022-09-14T01:28:32.000+0000,CST,null,null,GPTA-ENDUR,2022-09-01,2022-09-30,2400.000000000000000000,0E-18,7883.731267009000500000,7.580510833662500000,USD,MMBTU,7.676466667000000000,-18130.450604274700000000,null,null,null,null,null,null,null,null,null,163.171107395521260000,139.336455264192840000,2022-10-25,7883.731267009000500000,null,7883.731267009000500000,null,null,2022-09-01,2022-09-30,COMM-PHYS,NG-PHYS-EQTY,80929,1689,NYC,null,null,null,null,null,null,null,null,null,null,null,null,null,null,null,null,NO,null,null,null,null,null,null,null,2022-09-30,2022-09-30,null,null,2022-09-01,2022-09-30,ValuationGPTAEndurPhysicals,2022-09-14T04:31:54.663+0000,null
14057617_1037_20220901_20220930_NATURAL-GAS,26672,EOD,2022-09-13,2022-09-14T01:28:32.000+0000,CST,null,null,GPTA-ENDUR,2022-09-01,2022-09-30,1070993.000000000000000000,0E-18,3604065.679206636000000000,7.765760041683750000,USD,MMBTU,7.795760041683750000,-8288374.902784470000000000,null,null,null,null,null,null,null,null,null,30076.202387396017000000,19440.058391526070000000,2022-10-25,3604065.679206636000000000,null,3604065.679206636000000000,null,null,2022-09-01,2022-09-30,COMM-PHYS,NG-PHYS-EQTY,80929,1689,NYC,null,null,null,null,null,null,null,null,null,null,null,null,null,null,null,null,NO,null,null,null,null,null,null,null,2022-09-30,2022-09-30,null,null,2022-09-01,2022-09-30,ValuationGPTAEndurPhysicals,2022-09-14T04:31:54.663+0000,null
14057809_1037_20220901_20220930_NATURAL-GAS,26672,EOD,2022-09-13,2022-09-14T01:28:32.000+0000,CST,null,null,GPTA-ENDUR,2022-09-01,2022-09-30,30.000000000000000000,0E-18,100.355233337666720000,7.719633333666670000,USD,MMBTU,7.749633333666670000,-230.790852171053000000,null,null,null,null,null,null,null,null,null,0.842476161489355700,0.544543009847750000,2022-10-25,100.355233337666720000,null,100.355233337666720000,null,null,2022-09-01,2022-09-30,COMM-PHYS,NG-PHYS-EQTY,80929,1689,NYC,null,null,null,null,null,null,null,null,null,null,null,null,null,null,null,null,NO,null,null,null,null,null,null,null,2022-09-30,2022-09-30,null,null,2022-09-01,2022-09-30,ValuationGPTAEndurPhysicals,2022-09-14T04:31:54.663+0000,null
14057700_1037_20220901_20220930_NATURAL-GAS,26672,EOD,2022-09-13,2022-09-14T01:28:32.000+0000,CST,null,null,GPTA-ENDUR,2022-09-01,2022-09-30,15000.000000000000000000,0E-18,49161.040502145000000000,7.563237000330000000,USD,MMBTU,7.749633333666670000,-113057.082948223000000000,null,null,null,null,null,null,null,null,null,1840.643890212874000000,1691.677314392071400000,2022-10-25,49161.040502145000000000,null,49161.040502145000000000,null,null,2022-09-01,2022-09-30,COMM-PHYS,NG-PHYS-EQTY,80929,1689,NYC,null,null,null,null,null,null,null,null,null,null,null,null,null,null,null,null,NO,null,null,null,null,null,null,null,2022-09-30,2022-09-30,null,null,2022-09-01,2022-09-30,ValuationGPTAEndurPhysicals,2022-09-14T04:31:54.663+0000,null
14056230_1037_20220901_20220930_NATURAL-GAS,26672,EOD,2022-09-13,2022-09-14T01:28:32.000+0000,CST,null,null,GPTA-ENDUR,2022-09-01,2022-09-30,3640831.000000000000000000,0E-18,12099235.337886477000000000,7.668939403723920000,USD,MMBTU,7.668939403723920000,-27824964.221542100000000000,null,null,null,null,null,null,null,null,null,36157.475147481906000000,0E-18,2022-10-25,12099235.337886477000000000,null,12099235.337886477000000000,null,null,2022-09-01,2022-09-30,COMM-PHYS,NG-PHYS-EQTY,80929,1689,NYC,null,null,null,null,null,null,null,null,null,null,null,null,null,null,null,null,NO,null,null,null,null,null,null,null,2022-09-30,2022-09-30,null,null,2022-09-01,2022-09-30,ValuationGPTAEndurPhysicals,2022-09-14T04:31:54.663+0000,null
14059207_1037_20220901_20220930_NATURAL-GAS,26672,EOD,2022-09-13,2022-09-14T01:28:32.000+0000,CST,null,null,GPTA-ENDUR,2022-09-01,2022-09-30,7362760.000000000000000000,0E-18,24408668.692371916000000000,7.650350817138780000,USD,MMBTU,7.680350817138780000,-56133326.943508200000000000,null,null,null,null,null,null,null,null,null,206764.992758895150000000,133644.649706203550000000,2022-10-25,24408668.692371916000000000,null,24408668.692371916000000000,null,null,2022-09-01,2022-09-30,COMM-PHYS,NG-PHYS-EQTY,80929,1689,NYC,null,null,null,null,null,null,null,null,null,null,null,null,null,null,null,null,NO,null,null,null,null,null,null,null,2022-09-30,2022-09-30,null,null,2022-09-01,2022-09-30,ValuationGPTAEndurPhysicals,2022-09-14T04:31:54.663+0000,null
14059526_1037_20220901_20220930_NATURAL-GAS,26672,EOD,2022-09-13,2022-09-14T01:28:32.000+0000,CST,null,null,GPTA-ENDUR,2022-09-01,2022-09-30,5662000.000000000000000000,0E-18,18607508.649962600000000000,7.583964072207130000,USD,MMBTU,7.679963617424940000,-42792230.085875900000000000,null,null,null,null,null,null,null,null,null,385103.291450654300000000,328873.374630828560000000,2022-10-25,18607508.649962600000000000,null,18607508.649962600000000000,null,null,2022-09-01,2022-09-30,COMM-PHYS,NG-PHYS-EQTY,80929,1689,NYC,null,null,null,null,null,null,null,null,null,null,null,null,null,null,null,null,NO,null,null,null,null,null,null,null,2022-09-30,2022-09-30,null,null,2022-09-01,2022-09-30,ValuationGPTAEndurPhysicals,2022-09-14T04:31:54.663+0000,null
A200014562_20_TI24R_1,TI24R-1-20220913-002,EOD,2022-09-13,2022-09-14T00:00:00.000+0000,UTC,0,GOOD,RPT-ODS,2022-08-01,2022-08-31,364271.000000000000000000,0E-18,0E-18,112.930000000000000000,USD,BBL,0E-18,41137124.000000000000000000,null,null,null,null,null,null,null,null,null,-41137124.000000000000000000,-41137124.000000000000000000,2022-09-12,41137124.000000000000000000,112.930000000000000000,41137124.000000000000000000,null,null,2022-06-01,2022-06-30,PHYSICAL,STANDARD PHYSICAL DEAL,12843,1732,NEW YORK,null,BL,null,P,A,C,null,null,null,null,null,null,null,N,null,null,NO,null,null,null,null,30,null,null,2022-06-30,2022-06-30,null,null,2022-06-01,2022-06-30,ValuationRPTODSPhysical,2022-09-14T12:46:07.810+0000,null
A170008198_66_TN97T_1,TN97T-1-20220913-002,EOD,2022-09-13,2022-09-14T00:00:00.000+0000,UTC,0,GOOD,RPT-ODS,2022-09-01,2022-09-30,368004.000000000000000000,0E-18,0E-18,103.210000000000000000,USD,BBL,0E-18,37981692.840000000000000000,null,null,null,null,null,null,null,null,null,-37981692.840000000000000000,-37981692.840000000000000000,2022-10-04,37981692.840000000000000000,103.210000000000000000,37981692.840000000000000000,null,null,2022-07-01,2022-07-29,PHYSICAL,STANDARD PHYSICAL DEAL,14161,1732,NEW YORK,null,BL,null,P,A,C,null,null,null,null,null,null,null,N,null,null,NO,null,null,null,null,30,null,null,2022-07-29,2022-07-29,null,null,2022-07-01,2022-07-29,ValuationRPTODSPhysical,2022-09-14T12:46:07.810+0000,null
A170008198_65_TI24R_3,TI24R-3-20220913-002,EOD,2022-09-13,2022-09-14T00:00:00.000+0000,UTC,0,GOOD,RPT-ODS,2022-08-01,2022-08-31,84830.000000000000000000,0E-18,0E-18,112.930000000000000000,USD,BBL,0E-18,9579851.900000000000000000,null,null,null,null,null,null,null,null,null,-9579851.900000000000000000,-9579851.900000000000000000,2022-09-12,9579851.900000000000000000,112.930000000000000000,9579851.900000000000000000,null,null,2022-06-01,2022-06-30,PHYSICAL,STANDARD PHYSICAL DEAL,14161,1732,NEW YORK,null,BL,null,P,A,C,null,null,null,null,null,null,null,N,null,null,NO,null,null,null,null,30,null,null,2022-06-30,2022-06-30,null,null,2022-06-01,2022-06-30,ValuationRPTODSPhysical,2022-09-14T12:46:07.810+0000,null
A210050412_7_TL20W_2,TL20W-2-20220913-001,EOD,2022-09-13,2022-09-14T00:00:00.000+0000,UTC,0,GOOD,RPT-ODS,2022-07-01,2022-07-31,-5171.213000000000000000,0E-18,0E-18,142.700000000000000000,USD,MT,0E-18,6195177.800000000000000000,null,null,null,null,null,null,null,null,null,6195177.800000000000000000,6195177.800000000000000000,2022-09-14,6195177.800000000000000000,142.700000000000000000,6195177.800000000000000000,null,null,2022-07-01,2022-07-07,PHYSICAL,STANDARD PHYSICAL DEAL,1370,1732,NEW YORK,null,TTD,null,S,A,C,null,null,null,null,null,null,null,N,null,null,NO,null,null,null,null,25,null,null,2022-07-07,2022-07-07,null,null,2022-07-01,2022-07-07,ValuationRPTODSPhysical,2022-09-14T12:46:07.810+0000,null
A210050412_7_TL20W_1,TL20W-1-20220913-001,EOD,2022-09-13,2022-09-14T00:00:00.000+0000,UTC,0,GOOD,RPT-ODS,2022-07-01,2022-07-31,-33694.011000000000000000,0E-18,0E-18,160.600000000000000000,USD,MT,0E-18,45429564.400000000000000000,null,null,null,null,null,null,null,null,null,45429564.400000000000000000,45429564.400000000000000000,2022-09-14,45429564.400000000000000000,160.600000000000000000,45429564.400000000000000000,null,null,2022-06-16,2022-06-21,PHYSICAL,STANDARD PHYSICAL DEAL,1370,1732,NEW YORK,null,TTD,null,S,A,C,null,null,null,null,null,null,null,N,null,null,NO,null,null,null,null,25,null,null,2022-06-21,2022-06-21,null,null,2022-06-16,2022-06-21,ValuationRPTODSPhysical,2022-09-14T12:46:07.810+0000,null
A200014562_21_TN97V_1,TN97V-1-20220913-001,EOD,2022-09-13,2022-09-14T00:00:00.000+0000,UTC,0,SUSPECT,RPT-ODS,2022-09-01,2022-09-30,350000.000000000000000000,0E-18,0E-18,103.210000000000000000,USD,BBL,103.260000000000000000,36123500.000000000000000000,null,null,null,null,null,null,null,null,null,17500.000000000000000000,-3342500.000000000000000000,2022-10-11,36123500.000000000000000000,103.210000000000000000,36123500.000000000000000000,null,null,2022-07-01,2022-07-29,PHYSICAL,STANDARD PHYSICAL DEAL,12843,1732,NEW YORK,null,BL,null,P,A,C,null,null,null,null,null,null,null,N,null,null,NO,null,null,null,null,30,null,null,2022-07-29,2022-07-29,null,null,2022-07-01,2022-07-29,ValuationRPTODSPhysical,2022-09-14T12:46:07.810+0000,null
A170008198_66_TN97V_3,TN97V-3-20220913-001,EOD,2022-09-13,2022-09-14T00:00:00.000+0000,UTC,0,SUSPECT,RPT-ODS,2022-09-01,2022-09-30,150000.000000000000000000,0E-18,0E-18,103.210000000000000000,USD,BBL,103.260000000000000000,15481500.000000000000000000,null,null,null,null,null,null,null,null,null,7500.000000000000000000,-1432500.000000000000000000,2022-10-11,15481500.000000000000000000,103.210000000000000000,15481500.000000000000000000,null,null,2022-07-01,2022-07-29,PHYSICAL,STANDARD PHYSICAL DEAL,14161,1732,NEW YORK,null,BL,null,P,A,C,null,null,null,null,null,null,null,N,null,null,NO,null,null,null,null,30,null,null,2022-07-29,2022-07-29,null,null,2022-07-01,2022-07-29,ValuationRPTODSPhysical,2022-09-14T12:46:07.810+0000,null
A210011123_11_TY45X_3,TY45X-3-20220913-001,EOD,2022-09-13,2022-09-14T00:00:00.000+0000,UTC,0,GOOD,RPT-ODS,2022-10-01,2022-10-31,-22000.000000000000000000,0E-18,0E-18,644.075000000000000000,USD,MT,697.875000000000000000,14169650.000000000000000000,null,null,null,null,null,null,null,null,null,-1333200.000000000000000000,-1183600.000000000000000000,2022-11-04,14169650.000000000000000000,644.075000000000000000,14169650.000000000000000000,null,null,2022-10-03,2022-10-03,PHYSICAL,STANDARD PHYSICAL DEAL,1025,1732,NEW YORK,null,BL,null,S,A,C,null,null,null,null,null,null,null,N,null,null,NO,null,null,null,null,30,null,null,2022-10-03,2022-10-03,null,null,2022-10-03,2022-10-03,ValuationRPTODSPhysical,2022-09-14T12:46:07.810+0000,null
A210050412_8_TW59Q_2,TW59Q-2-20220913-002,EOD,2022-09-13,2022-09-14T00:00:00.000+0000,UTC,0,SUSPECT,RPT-ODS,2022-08-01,2022-08-31,-39000.000000000000000000,0E-18,0E-18,108.630000000000000000,USD,MT,107.600000000000000000,35525051.640000000000000000,null,null,null,null,null,null,null,null,null,159412.970000000030000000,336838.840000000000000000,2022-10-20,35525051.640000000000000000,108.630000000000000000,35525051.640000000000000000,null,null,2022-09-12,2022-09-16,PHYSICAL,STANDARD PHYSICAL DEAL,1370,1732,NEW YORK,null,TTD,null,S,A,C,null,null,null,null,null,null,null,N,null,null,NO,null,null,null,null,25,null,null,2022-09-16,2022-09-16,null,null,2022-09-12,2022-09-16,ValuationRPTODSPhysical,2022-09-14T12:46:07.810+0000,null
A190014971_25_TY14H_1,TY14H-1-20220913-001,EOD,2022-09-13,2022-09-14T00:00:00.000+0000,UTC,0,GOOD,RPT-ODS,2022-09-16,2022-10-15,3000.000000000000000000,0E-18,0E-18,11070.000000000000000000,CNY,MT,1920.550000000000000000,33210000.000000000000000000,null,null,null,null,null,null,null,null,null,-31023839.131629200000000000,-28736751.000000000000000000,2022-10-19,33210000.000000000000000000,11070.000000000000000000,33210000.000000000000000000,null,null,null,null,PHYSICAL,STANDARD PHYSICAL DEAL,69395,1732,NEW YORK,null,null,null,S,null,null,null,null,null,null,null,null,null,N,null,null,NO,null,null,null,null,null,null,null,null,null,null,null,null,null,ValuationRPTODSPhysical,2022-09-14T12:46:07.810+0000,null
A200014562_23_TY85J_1,TY85J-1-20220913-001,EOD,2022-09-13,2022-09-14T00:00:00.000+0000,UTC,0,GOOD,RPT-ODS,2022-11-01,2022-11-30,360000.000000000000000000,0E-18,0E-18,92.690000000000000000,USD,BBL,92.530000000000000000,33368400.000000000000000000,null,null,null,null,null,null,null,null,null,-82800.000000000000000000,-57600.000000000000000000,2022-12-15,33368400.000000000000000000,92.690000000000000000,33368400.000000000000000000,null,null,2022-09-01,2022-09-30,PHYSICAL,STANDARD PHYSICAL DEAL,12843,1732,NEW YORK,null,BL,null,P,A,C,null,null,null,null,null,null,null,N,null,null,NO,null,null,null,null,30,null,null,2022-09-30,2022-09-30,null,null,2022-09-01,2022-09-30,ValuationRPTODSPhysical,2022-09-14T12:46:07.810+0000,null
A210003300_2_TR53W_5,TR53W-5-20220913-001,EOD,2022-09-13,2022-09-14T00:00:00.000+0000,UTC,0,GOOD,RPT-ODS,2022-01-01,2022-01-31,870.000000000000000000,0E-18,0E-18,2001.648000000000000000,USD,MT,2508.588000000000000000,1741433.760000000000000000,null,null,null,null,null,null,null,null,null,982656.659999999900000000,-822189.540000000000000000,2022-10-11,1741433.760000000000000000,2001.648000000000000000,1741433.760000000000000000,null,null,2021-12-01,2021-12-31,PHYSICAL,STANDARD PHYSICAL DEAL,74967,1732,NEW YORK,null,BL,null,S,A,C,null,null,null,null,null,null,null,N,null,null,NO,null,null,null,null,10,null,null,2021-12-31,2021-12-31,null,null,2021-12-01,2021-12-31,ValuationRPTODSPhysical,2022-09-14T12:46:07.810+0000,null
A170008198_66_TT16K_2,TT16K-2-20220913-001,EOD,2022-09-13,2022-09-14T00:00:00.000+0000,UTC,0,GOOD,RPT-ODS,2022-09-01,2022-09-30,99000.000000000000000000,0E-18,0E-18,103.210000000000000000,USD,BBL,104.840000000000000000,10217790.000000000000000000,null,null,null,null,null,null,null,null,null,171270.000000000000000000,-1057320.000000000000000000,2022-10-17,10217790.000000000000000000,103.210000000000000000,10217790.000000000000000000,null,null,2022-07-01,2022-07-29,PHYSICAL,STANDARD PHYSICAL DEAL,14161,1732,NEW YORK,null,BL,null,P,A,C,null,null,null,null,null,null,null,N,null,null,NO,null,null,null,null,30,null,null,2022-07-29,2022-07-29,null,null,2022-07-01,2022-07-29,ValuationRPTODSPhysical,2022-09-14T12:46:07.810+0000,null
A210050412_8_TV79V_2,TV79V-2-20220913-008,EOD,2022-09-13,2022-09-14T00:00:00.000+0000,UTC,0,SUSPECT,RPT-ODS,2022-08-01,2022-08-31,-36625.241000000000000000,0E-18,0E-18,117.340000000000000000,USD,MT,107.600000000000000000,35497579.460000000000000000,null,null,null,null,null,null,null,null,null,2779912.870000000000000000,2946535.060000000000000000,2022-10-17,35497579.460000000000000000,117.340000000000000000,35497579.460000000000000000,null,null,2022-08-18,2022-08-24,PHYSICAL,STANDARD PHYSICAL DEAL,1370,1732,NEW YORK,null,TTD,null,S,A,C,null,null,null,null,null,null,null,N,null,null,NO,null,null,null,null,25,null,null,2022-08-24,2022-08-24,null,null,2022-08-18,2022-08-24,ValuationRPTODSPhysical,2022-09-14T12:46:07.810+0000,null
A210050412_8_TQ28F_1,TQ28F-1-20220913-006,EOD,2022-09-13,2022-09-14T00:00:00.000+0000,UTC,0,SUSPECT,RPT-ODS,2022-08-01,2022-08-31,-36624.873000000000000000,0E-18,0E-18,114.680000000000000000,USD,MT,107.600000000000000000,35193571.800000000000000000,null,null,null,null,null,null,null,null,null,2006125.279999999800000000,2172745.800000000000000000,2022-10-25,35193571.800000000000000000,114.680000000000000000,35193571.800000000000000000,null,null,2022-07-21,2022-07-26,PHYSICAL,STANDARD PHYSICAL DEAL,1370,1732,NEW YORK,null,TTD,null,S,A,C,null,null,null,null,null,null,null,N,null,null,NO,null,null,null,null,25,null,null,2022-07-26,2022-07-26,null,null,2022-07-21,2022-07-26,ValuationRPTODSPhysical,2022-09-14T12:46:07.810+0000,null
A170008198_68_TY85K_1,TY85K-1-20220913-001,EOD,2022-09-13,2022-09-14T00:00:00.000+0000,UTC,0,GOOD,RPT-ODS,2022-11-01,2022-11-30,149000.000000000000000000,0E-18,0E-18,92.690000000000000000,USD,BBL,92.530000000000000000,13810810.000000000000000000,null,null,null,null,null,null,null,null,null,-16390.000000000000000000,-23840.000000000000000000,2022-12-15,13810810.000000000000000000,92.690000000000000000,13810810.000000000000000000,null,null,2022-09-01,2022-09-30,PHYSICAL,STANDARD PHYSICAL DEAL,14161,1732,NEW YORK,null,BL,null,P,A,C,null,null,null,null,null,null,null,N,null,null,NO,null,null,null,null,30,null,null,2022-09-30,2022-09-30,null,null,2022-09-01,2022-09-30,ValuationRPTODSPhysical,2022-09-14T12:46:07.810+0000,null
A210003878_2_SU25J_7,SU25J-7-20220913-001,EOD,2022-09-13,2022-09-14T00:00:00.000+0000,UTC,0,GOOD,RPT-ODS,2022-08-01,2022-08-31,5000.000000000000000000,0E-18,0E-18,1798.162000000000000000,USD,MT,2508.588000000000000000,8990810.000000000000000000,null,null,null,null,null,null,null,null,null,6664882.280000000000000000,-3194976.680000000000000000,2022-12-05,8990810.000000000000000000,1798.162000000000000000,8990810.000000000000000000,1798.000000000000000000,8990000.000000000000000000,2022-11-01,2022-11-30,PHYSICAL,STANDARD PHYSICAL DEAL,74967,1732,NEW YORK,null,BL,null,S,A,C,null,null,null,null,null,null,null,N,null,null,NO,null,null,2022-10-11,null,10,null,null,2022-11-30,2022-11-30,null,null,2022-11-01,2022-11-30,ValuationRPTODSPhysical,2022-09-14T12:46:07.810+0000,null
A200014562_22_TT57S_1,TT57S-1-20220913-001,EOD,2022-09-13,2022-09-14T00:00:00.000+0000,UTC,0,GOOD,RPT-ODS,2022-10-01,2022-10-31,365000.000000000000000000,0E-18,0E-18,97.000000000000000000,USD,BBL,92.530000000000000000,35405000.000000000000000000,null,null,null,null,null,null,null,null,null,-1657100.000000000000000000,-1631550.000000000000000000,2022-11-14,35405000.000000000000000000,97.000000000000000000,35405000.000000000000000000,null,null,2022-08-01,2022-08-31,PHYSICAL,STANDARD PHYSICAL DEAL,12843,1732,NEW YORK,null,BL,null,P,A,C,null,null,null,null,null,null,null,N,null,null,NO,null,null,null,null,30,null,null,2022-08-31,2022-08-31,null,null,2022-08-01,2022-08-31,ValuationRPTODSPhysical,2022-09-14T12:46:07.810+0000,null
A170008198_67_TT57T_1,TT57T-1-20220913-001,EOD,2022-09-13,2022-09-14T00:00:00.000+0000,UTC,0,GOOD,RPT-ODS,2022-10-01,2022-10-31,637000.000000000000000000,0E-18,0E-18,97.000000000000000000,USD,BBL,92.530000000000000000,61789000.000000000000000000,null,null,null,null,null,null,null,null,null,-2815540.000000000000000000,-2847390.000000000000000000,2022-11-14,61789000.000000000000000000,97.000000000000000000,61789000.000000000000000000,null,null,2022-08-01,2022-08-31,PHYSICAL,STANDARD PHYSICAL DEAL,14161,1732,NEW YORK,null,BL,null,P,A,C,null,null,null,null,null,null,null,N,null,null,NO,null,null,null,null,30,null,null,2022-08-31,2022-08-31,null,null,2022-08-01,2022-08-31,ValuationRPTODSPhysical,2022-09-14T12:46:07.810+0000,null
A210050412_8_TV79V_4,TV79V-4-20220913-008,EOD,2022-09-13,2022-09-14T00:00:00.000+0000,UTC,0,SUSPECT,RPT-ODS,2022-08-01,2022-08-31,-3432.085000000000000000,0E-18,0E-18,106.890000000000000000,USD,MT,107.600000000000000000,3323958.330000000000000000,null,null,null,null,null,null,null,null,null,-37692.740000000000000000,-22078.870000000000000000,2022-10-17,3323958.330000000000000000,106.890000000000000000,3323958.330000000000000000,null,null,2022-08-30,2022-09-05,PHYSICAL,STANDARD PHYSICAL DEAL,1370,1732,NEW YORK,null,TTD,null,S,A,C,null,null,null,null,null,null,null,N,null,null,NO,null,null,null,null,25,null,null,2022-09-05,2022-09-05,null,null,2022-08-30,2022-09-05,ValuationRPTODSPhysical,2022-09-14T12:46:07.810+0000,null
A210050412_8_TQ28F_3,TQ28F-3-20220913-008,EOD,2022-09-13,2022-09-14T00:00:00.000+0000,UTC,0,SUSPECT,RPT-ODS,2022-08-01,2022-08-31,-4728.663000000000000000,0E-18,0E-18,114.690000000000000000,USD,MT,107.600000000000000000,4693917.630000000000000000,null,null,null,null,null,null,null,null,null,268659.940000000000000000,290172.430000000000000000,2022-10-25,4693917.630000000000000000,114.690000000000000000,4693917.630000000000000000,null,null,2022-08-15,2022-08-19,PHYSICAL,STANDARD PHYSICAL DEAL,1370,1732,NEW YORK,null,TTD,null,S,A,C,null,null,null,null,null,null,null,N,null,null,NO,null,null,null,null,25,null,null,2022-08-19,2022-08-19,null,null,2022-08-15,2022-08-19,ValuationRPTODSPhysical,2022-09-14T12:46:07.810+0000,null
